lang_code	lang_name	dataset_sources	lines	sequences	tokens	resource_category	10similar_langs	10dissimilar_langs
bul_cyrl	Bulgarian	oscar	22967227	8004000	1024512000	high	mkd_cyrl, srp_cyrl, rus_cyrl, ukr_cyrl, bel_cyrl, por_latn, ita_latn, eng_latn, slk_latn, spa_latn	jpn_jpan, npi_deva, kor_hang, tam_taml, ind_latn, tha_thai, zho_hans, ben_beng, vie_latn, aze_latn
zho_hans	Chinese	oscar	32000000	8004000	1024512000	high	jpn_jpan, kor_hang, vie_latn, hin_deva, tha_thai, ind_latn, ben_beng, rus_cyrl, urd_arab, kaz_cyrl	arb_arab, spa_latn, ces_latn, cat_latn, srp_cyrl, por_latn, npi_deva, slv_latn, fra_latn, tur_latn
ces_latn	Czech	oscar	32000000	8004000	1024512000	high	slk_latn, slv_latn, lit_latn, pol_latn, dan_latn, ron_latn, nob_latn, lav_latn, swe_latn, eng_latn	jpn_jpan, tha_thai, zho_hans, ind_latn, npi_deva, kor_hang, vie_latn, ben_beng, tam_taml, kaz_cyrl
dan_latn	Danish	oscar	32000000	8004000	1024512000	high	nob_latn, swe_latn, eng_latn, nld_latn, deu_latn, ron_latn, fra_latn, sqi_latn, ita_latn, por_latn	npi_deva, jpn_jpan, tha_thai, zho_hans, tam_taml, kor_hang, ind_latn, ben_beng, kaz_cyrl, vie_latn
nld_latn	Dutch	oscar	32000000	8004000	1024512000	high	eng_latn, deu_latn, swe_latn, dan_latn, nob_latn, ita_latn, fra_latn, cat_latn, por_latn, spa_latn	npi_deva, jpn_jpan, zho_hans, tam_taml, kor_hang, tha_thai, ben_beng, kaz_cyrl, ind_latn, vie_latn
eng_latn	English	oscar	32000000	8004000	1024512000	high	nld_latn, swe_latn, nob_latn, deu_latn, dan_latn, fra_latn, ita_latn, cat_latn, por_latn, spa_latn	npi_deva, jpn_jpan, tam_taml, kor_hang, kaz_cyrl, ben_beng, zho_hans, tha_thai, urd_arab, ind_latn
fin_latn	Finnish	oscar	32000000	8004000	1024512000	high	est_latn, nob_latn, hun_latn, dan_latn, swe_latn, eng_latn, slk_latn, ron_latn, por_latn, ita_latn	npi_deva, jpn_jpan, tam_taml, tha_thai, zho_hans, ind_latn, kor_hang, ben_beng, vie_latn, kaz_cyrl
fra_latn	French	oscar	32000000	8004000	1024512000	high	eng_latn, por_latn, cat_latn, spa_latn, ita_latn, nld_latn, dan_latn, ron_latn, nob_latn, deu_latn	npi_deva, jpn_jpan, kor_hang, tam_taml, zho_hans, ben_beng, tha_thai, kaz_cyrl, ind_latn, vie_latn
deu_latn	German	oscar	32000000	8004000	1024512000	high	nld_latn, eng_latn, dan_latn, nob_latn, swe_latn, fra_latn, ita_latn, cat_latn, por_latn, ron_latn	npi_deva, jpn_jpan, zho_hans, tam_taml, kor_hang, tha_thai, ind_latn, ben_beng, kaz_cyrl, vie_latn
heb_hebr	Hebrew	oscar	21174229	8004000	1024512000	high	ron_latn, sqi_latn, ita_latn, arb_arab, por_latn, fra_latn, spa_latn, cat_latn, ell_grek, eng_latn	jpn_jpan, kor_hang, npi_deva, zho_hans, tam_taml, ben_beng, kaz_cyrl, ind_latn, vie_latn, tha_thai
hun_latn	Hungarian	oscar	32000000	8004000	1024512000	high	fin_latn, por_latn, eng_latn, est_latn, deu_latn, dan_latn, nob_latn, tur_latn, slk_latn, nld_latn	npi_deva, jpn_jpan, zho_hans, tha_thai, tam_taml, ind_latn, kor_hang, ben_beng, vie_latn, urd_arab
ind_latn	Indonesian	oscar	32000000	8004000	1024512000	high	vie_latn, tha_thai, hin_deva, pes_arab, eng_latn, zho_hans, sqi_latn, ron_latn, ita_latn, swe_latn	npi_deva, kaz_cyrl, bel_cyrl, srp_cyrl, ces_latn, tur_latn, mkd_cyrl, ukr_cyrl, lit_latn, hye_armn
pes_arab	Iranian Persian	oscar	32000000	8004000	1024512000	high	urd_arab, arb_arab, hye_armn, hin_deva, tur_latn, aze_latn, lit_latn, ces_latn, sqi_latn, ell_grek	zho_hans, jpn_jpan, kor_hang, npi_deva, tha_thai, tam_taml, ben_beng, est_latn, nob_latn, dan_latn
ita_latn	Italian	oscar	32000000	8004000	1024512000	high	spa_latn, cat_latn, por_latn, ron_latn, eng_latn, fra_latn, nld_latn, sqi_latn, swe_latn, nob_latn	jpn_jpan, npi_deva, kor_hang, zho_hans, tam_taml, ben_beng, kaz_cyrl, tha_thai, ind_latn, vie_latn
jpn_jpan	Japanese	oscar	32000000	8004000	1024512000	high	zho_hans, kor_hang, ben_beng, hin_deva, kaz_cyrl, tam_taml, aze_latn, tur_latn, vie_latn, urd_arab	arb_arab, spa_latn, srp_cyrl, cat_latn, por_latn, slv_latn, heb_hebr, ita_latn, mkd_cyrl, sqi_latn
kor_hang	Korean	oscar	23508482	8004000	1024512000	high	jpn_jpan, zho_hans, hin_deva, ben_beng, urd_arab, tam_taml, vie_latn, kat_geor, kaz_cyrl, rus_cyrl	arb_arab, heb_hebr, cat_latn, spa_latn, por_latn, srp_cyrl, fra_latn, ita_latn, slv_latn, ell_grek
ell_grek	Modern Greek (1453-)	oscar	32000000	8004000	1024512000	high	ita_latn, spa_latn, por_latn, ron_latn, sqi_latn, cat_latn, pol_latn, eng_latn, fra_latn, slk_latn	jpn_jpan, npi_deva, kor_hang, zho_hans, tam_taml, ben_beng, ind_latn, tha_thai, vie_latn, kaz_cyrl
pol_latn	Polish	oscar	32000000	8004000	1024512000	high	slk_latn, slv_latn, sqi_latn, ron_latn, nob_latn, ces_latn, ita_latn, dan_latn, por_latn, swe_latn	jpn_jpan, npi_deva, tam_taml, zho_hans, kor_hang, tha_thai, ben_beng, ind_latn, kaz_cyrl, vie_latn
por_latn	Portuguese	oscar	32000000	8004000	1024512000	high	spa_latn, cat_latn, ita_latn, eng_latn, ron_latn, fra_latn, nld_latn, sqi_latn, swe_latn, nob_latn	jpn_jpan, npi_deva, kor_hang, tam_taml, zho_hans, ben_beng, tha_thai, kaz_cyrl, ind_latn, vie_latn
ron_latn	Romanian	oscar	32000000	8004000	1024512000	high	ita_latn, por_latn, cat_latn, spa_latn, sqi_latn, nob_latn, eng_latn, dan_latn, fra_latn, swe_latn	jpn_jpan, npi_deva, zho_hans, kor_hang, tam_taml, ben_beng, tha_thai, kaz_cyrl, ind_latn, vie_latn
rus_cyrl	Russian	oscar	32000000	8004000	1024512000	high	ukr_cyrl, bul_cyrl, mkd_cyrl, srp_cyrl, bel_cyrl, pol_latn, slk_latn, nob_latn, ron_latn, swe_latn	npi_deva, jpn_jpan, tam_taml, ind_latn, ben_beng, kor_hang, tha_thai, zho_hans, tur_latn, arb_arab
spa_latn	Spanish	oscar	32000000	8004000	1024512000	high	por_latn, cat_latn, ita_latn, ron_latn, eng_latn, fra_latn, nld_latn, sqi_latn, swe_latn, nob_latn	jpn_jpan, npi_deva, kor_hang, zho_hans, tam_taml, ben_beng, tha_thai, kaz_cyrl, ind_latn, vie_latn
arb_arab	Standard Arabic	oscar	32000000	8004000	1024512000	high	pes_arab, heb_hebr, urd_arab, ita_latn, ron_latn, sqi_latn, fra_latn, spa_latn, cat_latn, por_latn	jpn_jpan, kor_hang, npi_deva, zho_hans, tam_taml, ben_beng, kaz_cyrl, ind_latn, tha_thai, vie_latn
swe_latn	Swedish	oscar	32000000	8004000	1024512000	high	nob_latn, dan_latn, eng_latn, nld_latn, deu_latn, ita_latn, ron_latn, por_latn, cat_latn, fra_latn	npi_deva, jpn_jpan, tam_taml, kaz_cyrl, ben_beng, kor_hang, zho_hans, tha_thai, ind_latn, vie_latn
tha_thai	Thai	oscar	24387224	8004000	1024512000	high	vie_latn, ind_latn, zho_hans, hin_deva, rus_cyrl, heb_hebr, eng_latn, pes_arab, ron_latn, arb_arab	npi_deva, ces_latn, srp_cyrl, tam_taml, tur_latn, kaz_cyrl, bel_cyrl, lit_latn, lav_latn, slv_latn
tur_latn	Turkish	oscar	32000000	8004000	1024512000	high	aze_latn, hun_latn, hye_armn, ces_latn, kaz_cyrl, lit_latn, ron_latn, fin_latn, sqi_latn, lav_latn	tha_thai, vie_latn, zho_hans, ind_latn, jpn_jpan, kor_hang, npi_deva, rus_cyrl, ben_beng, bel_cyrl
ukr_cyrl	Ukrainian	oscar	32000000	8004000	1024512000	high	rus_cyrl, mkd_cyrl, bul_cyrl, bel_cyrl, srp_cyrl, pol_latn, slk_latn, nob_latn, slv_latn, eng_latn	jpn_jpan, npi_deva, tam_taml, ind_latn, tha_thai, kor_hang, ben_beng, zho_hans, vie_latn, urd_arab
vie_latn	Vietnamese	oscar	32000000	8004000	1024512000	high	ind_latn, tha_thai, hin_deva, zho_hans, eng_latn, pes_arab, rus_cyrl, ron_latn, ita_latn, swe_latn	npi_deva, kaz_cyrl, tur_latn, tam_taml, ces_latn, bel_cyrl, srp_cyrl, lit_latn, lav_latn, slv_latn
lit_latn	Lithuanian	oscar	15726826	6155122	787855616	medhigh	lav_latn, ces_latn, pol_latn, slk_latn, slv_latn, sqi_latn, ron_latn, dan_latn, nob_latn, ita_latn	tha_thai, jpn_jpan, ind_latn, zho_hans, kor_hang, npi_deva, vie_latn, tam_taml, ben_beng, kaz_cyrl
hin_deva	Hindi	oscar	13867287	6047621	774095488	medhigh	npi_deva, urd_arab, ben_beng, tam_taml, kat_geor, pes_arab, aze_latn, kaz_cyrl, kor_hang, hye_armn	tha_thai, jpn_jpan, srp_cyrl, cat_latn, bel_cyrl, por_latn, zho_hans, arb_arab, lav_latn, ces_latn
cat_latn	Catalan	oscar	14065691	6025185	771223680	medhigh	spa_latn, por_latn, ita_latn, eng_latn, ron_latn, fra_latn, nld_latn, swe_latn, sqi_latn, nob_latn	jpn_jpan, npi_deva, kor_hang, tam_taml, zho_hans, ben_beng, tha_thai, kaz_cyrl, ind_latn, vie_latn
slk_latn	Slovak	oscar	13842297	5831814	746472192	medhigh	ces_latn, slv_latn, pol_latn, ron_latn, sqi_latn, nob_latn, por_latn, dan_latn, swe_latn, eng_latn	jpn_jpan, npi_deva, kor_hang, zho_hans, tam_taml, tha_thai, ind_latn, ben_beng, vie_latn, kaz_cyrl
nob_latn	Norwegian Bokmål	oscar	12925819	4784921	612469888	medhigh	dan_latn, swe_latn, eng_latn, nld_latn, deu_latn, ron_latn, sqi_latn, fra_latn, ita_latn, por_latn	npi_deva, jpn_jpan, tam_taml, zho_hans, tha_thai, ben_beng, kor_hang, kaz_cyrl, ind_latn, vie_latn
est_latn	Estonian	oscar	10230273	3909119	500367232	medhigh	fin_latn, nob_latn, dan_latn, slk_latn, slv_latn, swe_latn, ron_latn, por_latn, sqi_latn, eng_latn	jpn_jpan, npi_deva, tha_thai, zho_hans, ind_latn, tam_taml, kor_hang, vie_latn, ben_beng, kaz_cyrl
ben_beng	Bengali	oscar	8632537	3280161	419860608	medhigh	hin_deva, urd_arab, tam_taml, kaz_cyrl, aze_latn, kor_hang, npi_deva, tur_latn, jpn_jpan, zho_hans	spa_latn, por_latn, cat_latn, srp_cyrl, arb_arab, bel_cyrl, ita_latn, ukr_cyrl, fra_latn, slv_latn
lav_latn	Latvian	oscar	7714519	2964581	379466368	medhigh	lit_latn, ces_latn, dan_latn, nob_latn, eng_latn, slk_latn, swe_latn, pol_latn, deu_latn, nld_latn	npi_deva, tha_thai, kor_hang, jpn_jpan, zho_hans, ind_latn, vie_latn, tam_taml, ben_beng, kaz_cyrl
srp_cyrl	Serbian	oscar	5209554	2181042	279173376	medhigh	mkd_cyrl, bul_cyrl, ukr_cyrl, rus_cyrl, slv_latn, bel_cyrl, slk_latn, sqi_latn, ron_latn, pol_latn	jpn_jpan, kor_hang, npi_deva, ind_latn, tha_thai, zho_hans, tam_taml, vie_latn, ben_beng, urd_arab
slv_latn	Slovenian	oscar	4956290	2109589	270027392	medhigh	slk_latn, ces_latn, pol_latn, sqi_latn, srp_cyrl, ron_latn, nob_latn, por_latn, dan_latn, ita_latn	jpn_jpan, npi_deva, zho_hans, kor_hang, tha_thai, tam_taml, ind_latn, vie_latn, ben_beng, kaz_cyrl
tam_taml	Tamil	oscar	5835419	2013161	257684608	medhigh	hin_deva, ben_beng, urd_arab, kaz_cyrl, aze_latn, tur_latn, kor_hang, npi_deva, hye_armn, pes_arab	por_latn, cat_latn, tha_thai, fra_latn, spa_latn, srp_cyrl, bel_cyrl, vie_latn, ita_latn, slv_latn
sqi_latn	Albanian	oscar	4922424	1881293	240805504	medhigh	ron_latn, por_latn, ita_latn, nob_latn, dan_latn, slv_latn, spa_latn, swe_latn, cat_latn, slk_latn	jpn_jpan, npi_deva, kor_hang, zho_hans, tam_taml, ben_beng, tha_thai, kaz_cyrl, vie_latn, ind_latn
aze_latn	Azerbaijani	oscar	3842241	1391836	178155008	medhigh	tur_latn, kaz_cyrl, hun_latn, hye_armn, lit_latn, kat_geor, hin_deva, ces_latn, lav_latn, ron_latn	tha_thai, ind_latn, vie_latn, zho_hans, jpn_jpan, kor_hang, npi_deva, rus_cyrl, bel_cyrl, arb_arab
urd_arab	Urdu	oscar	2465985	1118604	143181312	medhigh	pes_arab, hin_deva, arb_arab, ben_beng, kat_geor, tam_taml, aze_latn, kaz_cyrl, hye_armn, bul_cyrl	jpn_jpan, tha_thai, npi_deva, ind_latn, vie_latn, zho_hans, lav_latn, ces_latn, nob_latn, dan_latn
npi_deva	Nepali (individual language)	oscar	2892658	1093665	139989120	medhigh	hin_deva, ben_beng, tam_taml, aze_latn, tur_latn, kaz_cyrl, urd_arab, pes_arab, kat_geor, hye_armn	cat_latn, spa_latn, eng_latn, por_latn, fra_latn, ind_latn, tha_thai, arb_arab, ita_latn, nld_latn
epo_latn	Esperanto	nllb, flores200_dev, flores200_devtest, bible, wiki, oscar	4331572	1073273	137378944	medlow*	spa_latn, ita_latn, cat_latn, por_latn, eng_latn, ron_latn, nob_latn, deu_latn, sqi_latn, nld_latn	jpn_jpan, npi_deva, zho_hans, tam_taml, kor_hang, tha_thai, ben_beng, ind_latn, vie_latn, kaz_cyrl
hrv_latn	Croatian	nllb, flores200_dev, flores200_devtest, bible, wiki, oscar	4334871	1016023	130050944	medlow*	slv_latn, slk_latn, sqi_latn, pol_latn, ces_latn, srp_cyrl, ron_latn, nob_latn, dan_latn, por_latn	jpn_jpan, npi_deva, tha_thai, kor_hang, zho_hans, tam_taml, ben_beng, vie_latn, kaz_cyrl, ind_latn
mkd_cyrl	Macedonian	oscar	2549910	975026	124803328	medhigh	bul_cyrl, srp_cyrl, ukr_cyrl, rus_cyrl, bel_cyrl, slk_latn, slv_latn, por_latn, sqi_latn, ron_latn	jpn_jpan, npi_deva, kor_hang, ind_latn, tha_thai, zho_hans, tam_taml, vie_latn, ben_beng, pes_arab
kaz_cyrl	Kazakh	oscar	2644747	968910	124020480	medhigh	aze_latn, tur_latn, rus_cyrl, hye_armn, hin_deva, urd_arab, kat_geor, mkd_cyrl, bul_cyrl, ukr_cyrl	ind_latn, tha_thai, vie_latn, cat_latn, spa_latn, por_latn, swe_latn, eng_latn, arb_arab, nld_latn
kat_geor	Georgian	oscar	2708995	955074	122249472	medhigh	hye_armn, hin_deva, hun_latn, ron_latn, deu_latn, nob_latn, dan_latn, slv_latn, aze_latn, fin_latn	jpn_jpan, npi_deva, ind_latn, tha_thai, vie_latn, zho_hans, tam_taml, kor_hang, ben_beng, arb_arab
hye_armn	Armenian	oscar	2611841	946180	121111040	medhigh	hun_latn, aze_latn, kat_geor, tur_latn, ron_latn, kaz_cyrl, pes_arab, ces_latn, lit_latn, fin_latn	ind_latn, jpn_jpan, npi_deva, tha_thai, vie_latn, zho_hans, kor_hang, ben_beng, tam_taml, arb_arab
bel_cyrl	Belarusian	oscar	2021393	850098	108812544	medhigh	ukr_cyrl, mkd_cyrl, rus_cyrl, srp_cyrl, bul_cyrl, pol_latn, slk_latn, sqi_latn, ron_latn, slv_latn	jpn_jpan, npi_deva, ind_latn, tha_thai, kor_hang, tam_taml, zho_hans, vie_latn, ben_beng, urd_arab
mal_mlym	Malayalam	oscar	1720004	703616	90062848	medlow	tam_taml, hin_deva, ben_beng, aze_latn, urd_arab, kaz_cyrl, kor_hang, tur_latn, jpn_jpan, npi_deva	spa_latn, cat_latn, por_latn, fra_latn, ita_latn, srp_cyrl, bel_cyrl, arb_arab, slv_latn, swe_latn
isl_latn	Icelandic	nllb, flores200_devtest, flores200_dev, bible, wiki, oscar	3184596	691352	88493056	medlow	nob_latn, swe_latn, dan_latn, eng_latn, nld_latn, deu_latn, pol_latn, ron_latn, por_latn, slk_latn	npi_deva, jpn_jpan, tam_taml, tha_thai, zho_hans, ben_beng, ind_latn, kaz_cyrl, kor_hang, vie_latn
cym_latn	Welsh	nllb, flores200_devtest, flores200_dev, wiki, oscar	2945117	672767	86114176	medlow	por_latn, ita_latn, cat_latn, eng_latn, spa_latn, fra_latn, sqi_latn, ron_latn, nld_latn, pol_latn	jpn_jpan, npi_deva, tam_taml, kor_hang, zho_hans, ben_beng, kaz_cyrl, tha_thai, ind_latn, vie_latn
tel_telu	Telugu	oscar	1524612	638821	81769088	medlow	tam_taml, hin_deva, ben_beng, urd_arab, kaz_cyrl, aze_latn, tur_latn, kor_hang, npi_deva, hye_armn	tha_thai, por_latn, cat_latn, spa_latn, fra_latn, vie_latn, bel_cyrl, srp_cyrl, ind_latn, ita_latn
glg_latn	Galician	oscar	1486792	636372	81455616	medlow	spa_latn, por_latn, cat_latn, ita_latn, ron_latn, eng_latn, fra_latn, sqi_latn, nob_latn, nld_latn	jpn_jpan, npi_deva, kor_hang, zho_hans, tam_taml, ben_beng, tha_thai, ind_latn, kaz_cyrl, vie_latn
hau_latn	Hausa	afriberta, nllb, bible, bible0, wiki	3459847	634340	81195520	medlow	eng_latn, por_latn, cat_latn, ita_latn, spa_latn, fra_latn, nld_latn, ron_latn, heb_hebr, deu_latn	jpn_jpan, kor_hang, tam_taml, kaz_cyrl, npi_deva, zho_hans, ben_beng, tur_latn, aze_latn, pes_arab
mon_cyrl	Mongolian	oscar	1732387	619301	79270528	medlow	kaz_cyrl, jpn_jpan, kor_hang, aze_latn, rus_cyrl, hin_deva, tur_latn, ben_beng, tam_taml, hye_armn	arb_arab, spa_latn, cat_latn, por_latn, heb_hebr, ita_latn, fra_latn, ell_grek, ind_latn, tha_thai
mar_deva	Marathi	oscar	1433151	616414	78900992	medlow	hin_deva, npi_deva, ben_beng, tam_taml, urd_arab, aze_latn, kaz_cyrl, kor_hang, kat_geor, tur_latn	por_latn, tha_thai, cat_latn, spa_latn, arb_arab, ind_latn, vie_latn, ita_latn, srp_cyrl, bel_cyrl
ast_latn	Asturian	nllb, flores200_devtest, flores200_dev, wiki, oscar	2488325	601549	76998272	medlow	spa_latn, por_latn, cat_latn, ita_latn, ron_latn, eng_latn, sqi_latn, fra_latn, slk_latn, swe_latn	jpn_jpan, kor_hang, tam_taml, npi_deva, ben_beng, kaz_cyrl, zho_hans, tha_thai, vie_latn, ind_latn
afr_latn	Afrikaans	nllb, flores200_devtest, flores200_dev, wiki, oscar	2998729	593169	75925632	medlow	nld_latn, eng_latn, deu_latn, ita_latn, cat_latn, dan_latn, fra_latn, swe_latn, por_latn, nob_latn	jpn_jpan, npi_deva, kor_hang, zho_hans, kaz_cyrl, rus_cyrl, bel_cyrl, ben_beng, tha_thai, tam_taml
eus_latn	Basque	oscar	1596788	589768	75490304	medlow	spa_latn, por_latn, cat_latn, ita_latn, ron_latn, eng_latn, fra_latn, sqi_latn, hun_latn, nld_latn	zho_hans, jpn_jpan, npi_deva, tha_thai, tam_taml, kor_hang, ind_latn, vie_latn, ben_beng, kaz_cyrl
mya_mymr	Burmese	nllb, flores200_devtest, flores200_dev, bible, bible0, wiki, oscar	2738720	588243	75295104	medlow	kor_hang, ben_beng, jpn_jpan, tam_taml, hin_deva, tha_thai, aze_latn, kaz_cyrl, vie_latn, tur_latn	por_latn, spa_latn, bel_cyrl, cat_latn, srp_cyrl, arb_arab, bul_cyrl, mkd_cyrl, slv_latn, ukr_cyrl
bos_latn	Bosnian	nllb, flores200_devtest, flores200_dev, wiki	2597266	572824	73321472	medlow	slv_latn, slk_latn, srp_cyrl, sqi_latn, pol_latn, ron_latn, nob_latn, por_latn, ces_latn, mkd_cyrl	jpn_jpan, kor_hang, tam_taml, tha_thai, zho_hans, vie_latn, npi_deva, ben_beng, kaz_cyrl, ind_latn
knc_arab	Central Kanuri	nllb, flores200_devtest, flores200_dev	1622835	563655	72147840	medlow	pes_arab, arb_arab, tur_latn, aze_latn, kat_geor, hye_armn, heb_hebr, urd_arab, spa_latn, ita_latn	zho_hans, kor_hang, jpn_jpan, ind_latn, vie_latn, tha_thai, ben_beng, npi_deva, swe_latn, dan_latn
som_latn	Somali	afriberta, nllb, bible, wiki	2884686	562216	71963648	medlow	hin_deva, urd_arab, kat_geor, sqi_latn, heb_hebr, arb_arab, swe_latn, nld_latn, ron_latn, deu_latn	jpn_jpan, zho_hans, tha_thai, kor_hang, ces_latn, bel_cyrl, lav_latn, vie_latn, lit_latn, tur_latn
tat_cyrl	Tatar	webcorpora, nllb, flores200_devtest, flores200_dev, wiki, oscar	3276432	558191	71448448	medlow	kaz_cyrl, aze_latn, rus_cyrl, tur_latn, mkd_cyrl, bul_cyrl, ukr_cyrl, hye_armn, bel_cyrl, srp_cyrl	ind_latn, tha_thai, vie_latn, zho_hans, jpn_jpan, arb_arab, npi_deva, eng_latn, kor_hang, heb_hebr
ceb_latn	Cebuano	nllb, flores200_devtest, flores200_dev, bible, wiki, oscar	2992370	555731	71133568	medlow	ind_latn, vie_latn, tha_thai, arb_arab, rus_cyrl, eng_latn, ita_latn, zho_hans, ron_latn, fin_latn	tam_taml, npi_deva, jpn_jpan, kaz_cyrl, ces_latn, srp_cyrl, ben_beng, tur_latn, lav_latn, bel_cyrl
kan_knda	Kannada	nllb, flores200_devtest, flores200_dev, bible0, bible1, bible, wiki, oscar	2859895	546700	69977600	medlow	tam_taml, hin_deva, ben_beng, urd_arab, kaz_cyrl, aze_latn, tur_latn, npi_deva, jpn_jpan, kor_hang	cat_latn, fra_latn, por_latn, spa_latn, tha_thai, vie_latn, ita_latn, ind_latn, srp_cyrl, bel_cyrl
khm_khmr	Central Khmer	nllb, flores200_devtest, flores200_dev, wiki, oscar	2483069	530589	67915392	medlow	vie_latn, tha_thai, ind_latn, zho_hans, hin_deva, rus_cyrl, pes_arab, eng_latn, heb_hebr, ben_beng	npi_deva, tur_latn, ces_latn, kaz_cyrl, srp_cyrl, bel_cyrl, lit_latn, lav_latn, tam_taml, slv_latn
guj_gujr	Gujarati	oscar	1192740	510847	65388416	medlow	hin_deva, urd_arab, ben_beng, tam_taml, kat_geor, aze_latn, kaz_cyrl, tur_latn, pes_arab, hye_armn	tha_thai, vie_latn, jpn_jpan, ind_latn, arb_arab, zho_hans, lav_latn, fra_latn, srp_cyrl, bel_cyrl
pan_guru	Panjabi	nllb, flores200_dev, flores200_devtest, bible, wiki, oscar	2539467	502770	64354560	medlow	hin_deva, urd_arab, aze_latn, ben_beng, kat_geor, pes_arab, hye_armn, tam_taml, tur_latn, kaz_cyrl	jpn_jpan, tha_thai, zho_hans, cat_latn, ind_latn, vie_latn, srp_cyrl, nld_latn, por_latn, arb_arab
bak_cyrl	Bashkir	webcorpora, nllb, flores200_devtest, flores200_dev, wiki, oscar	3278973	500194	64024832	medlow	kaz_cyrl, aze_latn, tur_latn, rus_cyrl, hye_armn, mkd_cyrl, ukr_cyrl, bel_cyrl, hun_latn, bul_cyrl	tha_thai, ind_latn, vie_latn, zho_hans, eng_latn, swe_latn, cat_latn, nld_latn, spa_latn, ita_latn
ckb_arab	Central Kurdish	nllb, flores200_devtest, flores200_dev, bible, wiki, oscar	2548876	474730	60765440	medlow	pes_arab, urd_arab, aze_latn, arb_arab, hye_armn, kaz_cyrl, tur_latn, hin_deva, ces_latn, lit_latn	ind_latn, tha_thai, vie_latn, jpn_jpan, zho_hans, kor_hang, npi_deva, fin_latn, dan_latn, nob_latn
mlt_latn	Maltese	nllb, flores200_devtest, flores200_dev, wiki, oscar	2001372	462223	59164544	medlow	ita_latn, cat_latn, por_latn, sqi_latn, ron_latn, spa_latn, heb_hebr, arb_arab, pol_latn, ell_grek	jpn_jpan, kor_hang, tam_taml, npi_deva, zho_hans, ben_beng, kaz_cyrl, vie_latn, tha_thai, ind_latn
hbs_latn	Serbo-Croatian	wiki	1755013	457178	58518784	medlow	slv_latn, srp_cyrl, slk_latn, sqi_latn, pol_latn, mkd_cyrl, ron_latn, nob_latn, ukr_cyrl, por_latn	jpn_jpan, kor_hang, tam_taml, tha_thai, zho_hans, npi_deva, vie_latn, ben_beng, ind_latn, kaz_cyrl
tgk_cyrl	Tajik	nllb, flores200_dev, flores200_devtest, bible, wiki, oscar	2522837	448058	57351424	medlow	kaz_cyrl, pes_arab, rus_cyrl, bul_cyrl, mkd_cyrl, srp_cyrl, ukr_cyrl, bel_cyrl, aze_latn, hye_armn	jpn_jpan, zho_hans, kor_hang, ind_latn, tha_thai, npi_deva, vie_latn, fin_latn, tam_taml, ben_beng
tgl_latn	Tagalog	oscar	1132018	433652	55507456	medlow	ind_latn, vie_latn, tha_thai, hin_deva, eng_latn, pes_arab, rus_cyrl, ron_latn, ita_latn, urd_arab	npi_deva, srp_cyrl, bel_cyrl, kaz_cyrl, mkd_cyrl, ukr_cyrl, tur_latn, ces_latn, slv_latn, tam_taml
kir_cyrl	Kirghiz	nllb, flores200_dev, flores200_devtest, wiki, oscar	2578478	433567	55496576	medlow	kaz_cyrl, aze_latn, rus_cyrl, tur_latn, hin_deva, hye_armn, mkd_cyrl, bul_cyrl, ben_beng, tam_taml	ind_latn, tha_thai, vie_latn, cat_latn, spa_latn, por_latn, arb_arab, fra_latn, ita_latn, heb_hebr
tir_ethi	Tigrinya	afriberta, tlmd, nllb, flores200_dev, flores200_devtest, wiki	2708131	432647	55378816	medlow	heb_hebr, arb_arab, aze_latn, tur_latn, pes_arab, hye_armn, kaz_cyrl, kat_geor, mkd_cyrl, urd_arab	tha_thai, vie_latn, kor_hang, zho_hans, jpn_jpan, ind_latn, npi_deva, ben_beng, dan_latn, fin_latn
msa_latn	Malay (macrolanguage)	wiki, oscar	1699107	431634	55249152	medlow	ind_latn, vie_latn, tha_thai, eng_latn, heb_hebr, ita_latn, fra_latn, rus_cyrl, zho_hans, ron_latn	npi_deva, tam_taml, kaz_cyrl, tur_latn, jpn_jpan, ces_latn, aze_latn, hye_armn, lit_latn, kor_hang
ibo_latn	Igbo	afriberta, nllb, flores200_devtest, flores200_dev, bible, wiki	2363286	417265	53409920	medlow	spa_latn, ita_latn, cat_latn, por_latn, fra_latn, eng_latn, ron_latn, nld_latn, heb_hebr, deu_latn	jpn_jpan, kor_hang, zho_hans, npi_deva, tam_taml, ben_beng, kaz_cyrl, hin_deva, urd_arab, aze_latn
sin_sinh	Sinhala	oscar	1008634	414859	53101952	medlow	hin_deva, urd_arab, ben_beng, tam_taml, aze_latn, kaz_cyrl, kor_hang, kat_geor, pes_arab, tur_latn	cat_latn, fra_latn, spa_latn, por_latn, eng_latn, bel_cyrl, srp_cyrl, swe_latn, nld_latn, nob_latn
gle_latn	Irish	nllb, flores200_dev, flores200_devtest, wiki, oscar	2230852	398598	51020544	medlow	por_latn, spa_latn, ita_latn, cat_latn, sqi_latn, eng_latn, ell_grek, fra_latn, ron_latn, pol_latn	jpn_jpan, kor_hang, tam_taml, kaz_cyrl, npi_deva, ben_beng, zho_hans, tha_thai, aze_latn, tur_latn
amh_ethi	Amharic	nllb, flores200_dev, flores200_devtest, bible, wiki, oscar	2261757	389262	49825536	medlow	hin_deva, tur_latn, aze_latn, urd_arab, hye_armn, tam_taml, kaz_cyrl, hun_latn, mkd_cyrl, heb_hebr	ind_latn, tha_thai, vie_latn, jpn_jpan, zho_hans, kor_hang, npi_deva, rus_cyrl, swe_latn, fin_latn
uzb_latn	Uzbek	wiki, oscar	1215806	388673	49750144	medlow	aze_latn, tur_latn, kaz_cyrl, hye_armn, hun_latn, tam_taml, ben_beng, lit_latn, hin_deva, kat_geor	tha_thai, vie_latn, ind_latn, zho_hans, heb_hebr, ell_grek, npi_deva, arb_arab, srp_cyrl, fra_latn
swa_latn	Swahili (macrolanguage)	afriberta, wiki, oscar	1787056	387351	49580928	medlow	heb_hebr, arb_arab, pes_arab, fra_latn, spa_latn, ita_latn, lit_latn, por_latn, sqi_latn, cat_latn	kor_hang, jpn_jpan, zho_hans, npi_deva, ben_beng, tam_taml, kaz_cyrl, rus_cyrl, swe_latn, bel_cyrl
ltz_latn	Luxembourgish	nllb, flores200_dev, flores200_devtest, wiki, oscar	2465700	362156	46355968	medlow	deu_latn, eng_latn, nld_latn, swe_latn, nob_latn, dan_latn, cat_latn, ita_latn, fra_latn, por_latn	jpn_jpan, npi_deva, kaz_cyrl, tam_taml, tha_thai, kor_hang, ben_beng, zho_hans, pes_arab, urd_arab
yor_latn	Yoruba	afriberta, nllb, flores200_dev, flores200_devtest, bible, wiki, oscar	2178833	359348	45996544	medlow	vie_latn, eng_latn, spa_latn, tha_thai, ita_latn, cat_latn, por_latn, ron_latn, heb_hebr, ind_latn	jpn_jpan, tam_taml, kor_hang, npi_deva, ben_beng, kaz_cyrl, zho_hans, aze_latn, tur_latn, hin_deva
hat_latn	Haitian	cmu, nllb, flores200_devtest, flores200_dev, bible, bible0, wiki, tatoeba	2444799	342213	43803264	medlow	por_latn, fra_latn, spa_latn, cat_latn, ita_latn, eng_latn, ron_latn, sqi_latn, slv_latn, nob_latn	tam_taml, jpn_jpan, kor_hang, npi_deva, ben_beng, zho_hans, kaz_cyrl, urd_arab, tha_thai, hin_deva
kin_latn	Kinyarwanda	afriberta, nllb, flores200_devtest, flores200_dev, wiki	2148368	328251	42016128	medlow	heb_hebr, arb_arab, fra_latn, pes_arab, spa_latn, ita_latn, por_latn, ces_latn, cat_latn, lit_latn	kor_hang, jpn_jpan, zho_hans, npi_deva, ben_beng, tam_taml, kaz_cyrl, bel_cyrl, rus_cyrl, swe_latn
smo_latn	Samoan	nllb, flores200_dev, flores200_devtest, wiki, tatoeba	1889829	321388	41137664	medlow	ind_latn, vie_latn, tha_thai, arb_arab, eng_latn, fra_latn, ita_latn, por_latn, cat_latn, spa_latn	npi_deva, tam_taml, kaz_cyrl, tur_latn, aze_latn, hye_armn, ces_latn, srp_cyrl, ben_beng, kat_geor
jav_latn	Javanese	nusax, nusa, nllb, flores200_devtest, flores200_dev, wiki, mapbms_wiki, oscar	2229988	318206	40730368	medlow	ind_latn, vie_latn, tha_thai, heb_hebr, eng_latn, zho_hans, rus_cyrl, pes_arab, ron_latn, sqi_latn	tam_taml, npi_deva, kaz_cyrl, jpn_jpan, tur_latn, ces_latn, bel_cyrl, lav_latn, srp_cyrl, lit_latn
nno_latn	Norwegian Nynorsk	flores200_devtest, flores200_dev, wiki, tatoeba, oscar	1103309	317814	40680192	medlow	nob_latn, dan_latn, swe_latn, eng_latn, nld_latn, deu_latn, ron_latn, fra_latn, cat_latn, ita_latn	npi_deva, jpn_jpan, tam_taml, zho_hans, tha_thai, kor_hang, ben_beng, ind_latn, vie_latn, kaz_cyrl
lao_laoo	Lao	nllb, flores200_devtest, flores200_dev, wiki, tatoeba, oscar	1837139	313926	40182528	medlow	vie_latn, tha_thai, ind_latn, rus_cyrl, heb_hebr, zho_hans, eng_latn, ron_latn, ita_latn, swe_latn	tam_taml, npi_deva, kaz_cyrl, tur_latn, jpn_jpan, ces_latn, lav_latn, lit_latn, aze_latn, hye_armn
nya_latn	Nyanja	nllb, flores200_dev, flores200_devtest, bible, wiki	2012589	309656	39635968	medlow	heb_hebr, arb_arab, pes_arab, ind_latn, fra_latn, spa_latn, ita_latn, lit_latn, por_latn, sqi_latn	kor_hang, jpn_jpan, zho_hans, npi_deva, ben_beng, tam_taml, kaz_cyrl, swe_latn, bel_cyrl, rus_cyrl
snd_arab	Sindhi	nllb, flores200_devtest, flores200_dev, wiki, oscar	2038827	309268	39586304	medlow	urd_arab, hin_deva, pes_arab, kat_geor, arb_arab, est_latn, slk_latn, mkd_cyrl, ukr_cyrl, bel_cyrl	tha_thai, vie_latn, jpn_jpan, zho_hans, ind_latn, kaz_cyrl, kor_hang, eng_latn, tam_taml, fra_latn
pbt_arab	Southern Pashto	nllb, flores200_devtest, flores200_dev	1969853	306802	39270656	medlow	pes_arab, urd_arab, ces_latn, lit_latn, hye_armn, aze_latn, hin_deva, kat_geor, arb_arab, tur_latn	tha_thai, vie_latn, ind_latn, zho_hans, jpn_jpan, kor_hang, fra_latn, eng_latn, cat_latn, por_latn
sun_latn	Sundanese	nusa, nusax, nllb, flores200_dev, flores200_devtest, wiki, oscar	2103680	306466	39227648	medlow	ind_latn, vie_latn, tha_thai, eng_latn, heb_hebr, zho_hans, sqi_latn, ita_latn, fra_latn, ron_latn	kaz_cyrl, npi_deva, tam_taml, tur_latn, jpn_jpan, ces_latn, aze_latn, hye_armn, lit_latn, lav_latn
mri_latn	Maori	nllb, wortschatz, flores200_dev, flores200_devtest, wiki	1845851	305551	39110528	medlow	ind_latn, vie_latn, tha_thai, ita_latn, eng_latn, arb_arab, cat_latn, nld_latn, spa_latn, por_latn	kaz_cyrl, npi_deva, tur_latn, aze_latn, tam_taml, urd_arab, srp_cyrl, ben_beng, bel_cyrl, hye_armn
oci_latn	Occitan (post 1500)	nllb, flores200_devtest, flores200_dev, wiki, oscar	2338179	305428	39094784	medlow	por_latn, cat_latn, spa_latn, ita_latn, ron_latn, fra_latn, sqi_latn, eng_latn, slk_latn, nob_latn	jpn_jpan, kor_hang, tam_taml, npi_deva, ben_beng, zho_hans, kaz_cyrl, tha_thai, vie_latn, ind_latn
plt_latn	Plateau Malagasy	nllb, flores200_dev, flores200_devtest	1966356	300525	38467200	medlow	ind_latn, vie_latn, arb_arab, tha_thai, heb_hebr, ita_latn, cat_latn, sqi_latn, por_latn, ron_latn	jpn_jpan, npi_deva, kor_hang, kaz_cyrl, tam_taml, ben_beng, zho_hans, tur_latn, aze_latn, urd_arab
pus_arab	Pushto	wiki, tatoeba, oscar	763984	296728	37981184	medlow	pes_arab, urd_arab, arb_arab, hin_deva, aze_latn, hye_armn, kat_geor, lit_latn, ces_latn, kaz_cyrl	tha_thai, ind_latn, vie_latn, zho_hans, jpn_jpan, kor_hang, por_latn, cat_latn, eng_latn, fra_latn
gla_latn	Scottish Gaelic	nllb, flores200_devtest, flores200_dev, wiki, oscar	2018323	292746	37471488	medlow	eng_latn, ita_latn, spa_latn, por_latn, cat_latn, swe_latn, nld_latn, nob_latn, ron_latn, sqi_latn	jpn_jpan, kaz_cyrl, npi_deva, tam_taml, ben_beng, kor_hang, zho_hans, tha_thai, aze_latn, tur_latn
sna_latn	Shona	nllb, wortschatz, flores200_dev, flores200_devtest, bible, wiki	2158403	289509	37057152	medlow	heb_hebr, arb_arab, spa_latn, ita_latn, pes_arab, cat_latn, ces_latn, ron_latn, fra_latn, ind_latn	kor_hang, jpn_jpan, zho_hans, npi_deva, ben_beng, kaz_cyrl, tam_taml, bel_cyrl, rus_cyrl, ukr_cyrl
war_latn	Waray (Philippines)	nllb, flores200_dev, flores200_devtest, wiki, oscar	2309554	286933	36727424	medlow	ind_latn, vie_latn, tha_thai, ita_latn, eng_latn, arb_arab, rus_cyrl, cat_latn, zho_hans, fra_latn	tam_taml, npi_deva, kaz_cyrl, tur_latn, jpn_jpan, ces_latn, srp_cyrl, aze_latn, hye_armn, lav_latn
zul_latn	Zulu	nllb, wortschatz, flores200_devtest, flores200_dev, wiki	2084970	284945	36472960	medlow	arb_arab, pes_arab, heb_hebr, spa_latn, ces_latn, tha_thai, ita_latn, ron_latn, por_latn, fra_latn	kor_hang, jpn_jpan, zho_hans, npi_deva, ben_beng, tam_taml, swe_latn, bel_cyrl, kaz_cyrl, dan_latn
prs_arab	Dari	nllb, flores200_dev, flores200_devtest	1934848	283515	36289920	medlow	pes_arab, urd_arab, hin_deva, ben_beng, kaz_cyrl, tam_taml, lit_latn, aze_latn, ces_latn, npi_deva	tha_thai, vie_latn, ind_latn, eng_latn, fra_latn, fin_latn, cat_latn, kor_hang, zho_hans, nob_latn
uzn_latn	Northern Uzbek	nllb, flores200_dev, flores200_devtest	1990761	281162	35988736	medlow	aze_latn, tur_latn, kaz_cyrl, hye_armn, hun_latn, tam_taml, ben_beng, lit_latn, kat_geor, ces_latn	tha_thai, vie_latn, ind_latn, zho_hans, heb_hebr, cat_latn, ell_grek, fra_latn, por_latn, arb_arab
uig_arab	Uighur	nllb, flores200_devtest, flores200_dev, bible, wiki, oscar	2087414	273664	35028992	medlow	kaz_cyrl, aze_latn, urd_arab, tur_latn, jpn_jpan, tam_taml, ben_beng, hye_armn, hin_deva, kor_hang	vie_latn, ind_latn, tha_thai, spa_latn, cat_latn, ita_latn, por_latn, heb_hebr, fra_latn, eng_latn
asm_beng	Assamese	nllb, flores200_dev, flores200_devtest, bible, wiki, oscar	1947194	268719	34396032	medlow	ben_beng, tam_taml, hin_deva, urd_arab, kaz_cyrl, aze_latn, npi_deva, kor_hang, jpn_jpan, tur_latn	vie_latn, tha_thai, ind_latn, por_latn, cat_latn, fra_latn, spa_latn, ita_latn, eng_latn, sqi_latn
sot_latn	Southern Sotho	nllb, flores200_dev, flores200_devtest, wiki	1989069	265848	34028544	medlow	ind_latn, tha_thai, arb_arab, ita_latn, ron_latn, fra_latn, vie_latn, spa_latn, heb_hebr, cat_latn	jpn_jpan, kor_hang, zho_hans, kaz_cyrl, npi_deva, tam_taml, ben_beng, tur_latn, aze_latn, bel_cyrl
lus_latn	Lushai	nllb, flores200_devtest, flores200_dev	1990499	264035	33796480	medlow	ben_beng, kor_hang, jpn_jpan, hin_deva, vie_latn, tha_thai, urd_arab, tam_taml, kaz_cyrl, zho_hans	spa_latn, bel_cyrl, por_latn, ces_latn, bul_cyrl, mkd_cyrl, ell_grek, cat_latn, ita_latn, ukr_cyrl
zsm_latn	Standard Malay	nllb, flores200_devtest, flores200_dev	1988903	254989	32638592	medlow	ind_latn, vie_latn, tha_thai, eng_latn, ita_latn, rus_cyrl, zho_hans, heb_hebr, ron_latn, sqi_latn	kaz_cyrl, tam_taml, npi_deva, jpn_jpan, tur_latn, ces_latn, aze_latn, lit_latn, lav_latn, kor_hang
xho_latn	Xhosa	lacuna, nllb, flores200_devtest, flores200_dev, wiki	2000005	248810	31847680	medlow	ind_latn, tha_thai, vie_latn, fra_latn, pes_arab, arb_arab, heb_hebr, spa_latn, ita_latn, por_latn	kor_hang, jpn_jpan, zho_hans, npi_deva, ben_beng, tam_taml, kaz_cyrl, fin_latn, est_latn, bel_cyrl
scn_latn	Sicilian	nllb, flores200_devtest, flores200_dev, wiki, oscar	1909139	245368	31407104	medlow	ita_latn, cat_latn, por_latn, spa_latn, ron_latn, sqi_latn, fra_latn, ell_grek, pol_latn, eng_latn	jpn_jpan, kor_hang, tam_taml, zho_hans, npi_deva, ben_beng, kaz_cyrl, tha_thai, vie_latn, aze_latn
lmo_latn	Lombard	nllb, flores200_dev, flores200_devtest, wiki, oscar	2149141	244527	31299456	medlow	por_latn, ita_latn, cat_latn, spa_latn, ron_latn, fra_latn, sqi_latn, nob_latn, eng_latn, slk_latn	jpn_jpan, tam_taml, kor_hang, zho_hans, npi_deva, kaz_cyrl, tha_thai, ben_beng, vie_latn, ind_latn
ydd_hebr	Eastern Yiddish	nllb, flores200_devtest, flores200_dev	1969013	237941	30456448	medlow	eng_latn, deu_latn, nob_latn, dan_latn, swe_latn, nld_latn, heb_hebr, mkd_cyrl, cat_latn, ukr_cyrl	jpn_jpan, kaz_cyrl, tam_taml, npi_deva, kor_hang, tha_thai, ben_beng, ind_latn, vie_latn, zho_hans
arz_arab	Egyptian Arabic	flores200_dev, flores200_devtest, bible, wiki, tatoeba, oscar	1722186	235926	30198528	medlow	arb_arab, heb_hebr, ita_latn, sqi_latn, cat_latn, ron_latn, spa_latn, por_latn, fra_latn, pol_latn	jpn_jpan, kor_hang, tam_taml, zho_hans, npi_deva, kaz_cyrl, ben_beng, tur_latn, aze_latn, kat_geor
lim_latn	Limburgan	nllb, flores200_devtest, flores200_dev, wiki	1909407	235804	30182912	medlow	nld_latn, deu_latn, eng_latn, dan_latn, nob_latn, swe_latn, cat_latn, fra_latn, ita_latn, por_latn	jpn_jpan, tha_thai, npi_deva, kor_hang, kaz_cyrl, zho_hans, tam_taml, ben_beng, vie_latn, ind_latn
ory_orya	Odia	nllb, flores200_dev, flores200_devtest, bible	1946830	228021	29186688	medlow	ben_beng, hin_deva, urd_arab, npi_deva, aze_latn, tam_taml, tur_latn, kat_geor, kaz_cyrl, est_latn	vie_latn, tha_thai, ind_latn, eng_latn, fra_latn, cat_latn, spa_latn, por_latn, ita_latn, swe_latn
azb_arab	South Azerbaijani	nllb, flores200_dev, flores200_devtest, wiki, oscar	2210477	227278	29091584	medlow	aze_latn, tur_latn, pes_arab, urd_arab, kaz_cyrl, hye_armn, hun_latn, arb_arab, ben_beng, tam_taml	ind_latn, vie_latn, tha_thai, cat_latn, zho_hans, swe_latn, spa_latn, heb_hebr, ita_latn, fra_latn
quy_latn	Ayacucho Quechua	americasnli_mlm, americasnli_dev, americasnlp2023_mt, americasnli_test, americasnlp2021_mt, nllb, flores200_devtest, flores200_dev	1925206	227191	29080448	medlow	tur_latn, aze_latn, hun_latn, fin_latn, lit_latn, slv_latn, ces_latn, por_latn, est_latn, slk_latn	tha_thai, vie_latn, ind_latn, zho_hans, npi_deva, heb_hebr, rus_cyrl, arb_arab, urd_arab, ben_beng
gaz_latn	West Central Oromo	nllb, flores200_dev, flores200_devtest, bible	1781883	218580	27978240	medlow	hin_deva, pes_arab, urd_arab, ces_latn, tur_latn, aze_latn, kaz_cyrl, lit_latn, ron_latn, hye_armn	zho_hans, vie_latn, tha_thai, jpn_jpan, kor_hang, ind_latn, eng_latn, rus_cyrl, bel_cyrl, swe_latn
khk_cyrl	Halh Mongolian	nllb, flores200_devtest, flores200_dev	1975656	215833	27626624	medlow	jpn_jpan, kaz_cyrl, kor_hang, aze_latn, tur_latn, tam_taml, ben_beng, hin_deva, hye_armn, rus_cyrl	spa_latn, tha_thai, cat_latn, ind_latn, vie_latn, ita_latn, por_latn, fra_latn, arb_arab, heb_hebr
vec_latn	Venetian	nllb, flores200_dev, flores200_devtest, wiki, oscar	1885642	210772	26978816	medlow	por_latn, ita_latn, cat_latn, ron_latn, spa_latn, sqi_latn, fra_latn, nob_latn, slk_latn, eng_latn	jpn_jpan, kor_hang, tam_taml, zho_hans, npi_deva, kaz_cyrl, tha_thai, ben_beng, vie_latn, ind_latn
bjn_latn	Banjar	nusax, nllb, flores200_devtest, flores200_dev, bible, wiki	1463084	207441	26552448	medlow	ind_latn, vie_latn, tha_thai, eng_latn, pes_arab, ita_latn, zho_hans, fra_latn, heb_hebr, rus_cyrl	tam_taml, kaz_cyrl, npi_deva, jpn_jpan, tur_latn, ces_latn, aze_latn, kor_hang, lit_latn, bel_cyrl
glk_arab	Gilaki	wortschatz, bible, wiki	1542354	203787	26084736	medlow	pes_arab, urd_arab, arb_arab, ces_latn, tur_latn, aze_latn, hye_armn, kat_geor, lit_latn, lav_latn	tha_thai, vie_latn, ind_latn, zho_hans, jpn_jpan, kor_hang, eng_latn, swe_latn, fin_latn, ben_beng
lug_latn	Ganda	makerere_radio, makerere_parallel, nllb, flores200_dev, flores200_devtest, bible, wiki	1551550	200834	25706752	medlow	heb_hebr, arb_arab, spa_latn, ita_latn, fra_latn, pes_arab, ces_latn, ron_latn, cat_latn, por_latn	kor_hang, jpn_jpan, zho_hans, npi_deva, ben_beng, tam_taml, kaz_cyrl, bel_cyrl, rus_cyrl, ukr_cyrl
pap_latn	Papiamento	nllb, flores200_dev, flores200_devtest, wiki	2009840	194981	24957568	medlow	spa_latn, por_latn, cat_latn, ita_latn, ron_latn, fra_latn, eng_latn, nob_latn, sqi_latn, slk_latn	jpn_jpan, tam_taml, kor_hang, ben_beng, zho_hans, npi_deva, tha_thai, kaz_cyrl, vie_latn, ind_latn
san_deva	Sanskrit	nllb, flores200_dev, flores200_devtest, bible, bible0, wiki, oscar	1688238	191795	24549760	medlow	npi_deva, hin_deva, ben_beng, urd_arab, tam_taml, kaz_cyrl, kat_geor, rus_cyrl, pes_arab, aze_latn	tha_thai, vie_latn, ind_latn, eng_latn, jpn_jpan, cat_latn, swe_latn, fin_latn, lav_latn, nld_latn
run_latn	Rundi	nllb, flores200_dev, flores200_devtest, wiki	1580790	191024	24451072	medlow	heb_hebr, arb_arab, pes_arab, spa_latn, ita_latn, fra_latn, por_latn, cat_latn, ces_latn, ron_latn	kor_hang, jpn_jpan, zho_hans, npi_deva, tam_taml, ben_beng, kaz_cyrl, bel_cyrl, rus_cyrl, ukr_cyrl
zho_hant	Chinese	nllb, flores200_dev, flores200_devtest	1986830	185444	23736832	medlow	zho_hans, jpn_jpan, kor_hang, hin_deva, vie_latn, rus_cyrl, ben_beng, urd_arab, ind_latn, tha_thai	ces_latn, pes_arab, arb_arab, spa_latn, cat_latn, tur_latn, heb_hebr, lav_latn, fra_latn, lit_latn
ace_latn	Achinese	nusax, nllb, flores200_dev, flores200_devtest, wiki	1414579	185312	23719936	medlow	ind_latn, vie_latn, tha_thai, pes_arab, heb_hebr, ron_latn, fra_latn, eng_latn, ita_latn, ell_grek	tam_taml, jpn_jpan, kaz_cyrl, npi_deva, tur_latn, kor_hang, ces_latn, aze_latn, lav_latn, ben_beng
tsn_latn	Tswana	nllb, flores200_devtest, flores200_dev, bible, wiki, tatoeba	2002453	184253	23584384	medlow	heb_hebr, arb_arab, spa_latn, pes_arab, por_latn, ind_latn, fra_latn, ita_latn, cat_latn, ces_latn	kor_hang, jpn_jpan, zho_hans, npi_deva, ben_beng, tam_taml, kaz_cyrl, bel_cyrl, rus_cyrl, ukr_cyrl
pnb_arab	Western Panjabi	wiki, tatoeba, oscar	580911	171880	22000640	medlow	urd_arab, pes_arab, hin_deva, ben_beng, kat_geor, npi_deva, aze_latn, arb_arab, tur_latn, hye_armn	tha_thai, vie_latn, ind_latn, jpn_jpan, zho_hans, fra_latn, eng_latn, cat_latn, nld_latn, lav_latn
twi_latn	Twi	nllb, flores200_dev, flores200_devtest, bible0, bible, wiki	1841498	166111	21262208	medlow	por_latn, spa_latn, ita_latn, cat_latn, eng_latn, heb_hebr, lav_latn, lit_latn, hun_latn, fra_latn	kor_hang, npi_deva, jpn_jpan, rus_cyrl, zho_hans, bel_cyrl, tam_taml, ind_latn, ukr_cyrl, ben_beng
ilo_latn	Iloko	nllb, flores200_dev, flores200_devtest, bible, wiki, oscar	1565557	164317	21032576	medlow	ind_latn, vie_latn, tha_thai, eng_latn, arb_arab, hun_latn, rus_cyrl, ita_latn, fin_latn, pol_latn	tam_taml, npi_deva, kaz_cyrl, ces_latn, srp_cyrl, tur_latn, jpn_jpan, ben_beng, bel_cyrl, kat_geor
che_cyrl	Chechen	webcorpora, wiki, tatoeba, oscar	872020	162452	20793856	medlow	kat_geor, rus_cyrl, kaz_cyrl, ukr_cyrl, srp_cyrl, hin_deva, mkd_cyrl, urd_arab, bel_cyrl, bul_cyrl	tha_thai, ind_latn, vie_latn, jpn_jpan, zho_hans, heb_hebr, pes_arab, cat_latn, lav_latn, por_latn
tso_latn	Tsonga	nllb, flores200_devtest, flores200_dev, wiki, tatoeba	1504793	158453	20281984	medlow	arb_arab, tha_thai, heb_hebr, ind_latn, vie_latn, fra_latn, spa_latn, ron_latn, ita_latn, por_latn	jpn_jpan, kor_hang, zho_hans, tam_taml, npi_deva, kaz_cyrl, ben_beng, tur_latn, bel_cyrl, hun_latn
sah_cyrl	Yakut	webcorpora, wiki, tatoeba, oscar	946011	154916	19829248	medlow	kaz_cyrl, aze_latn, tur_latn, jpn_jpan, rus_cyrl, kor_hang, hye_armn, ben_beng, hin_deva, hun_latn	tha_thai, ind_latn, vie_latn, eng_latn, cat_latn, fra_latn, spa_latn, ita_latn, swe_latn, por_latn
fry_latn	Western Frisian	wiki, tatoeba, oscar	518301	154753	19808384	medlow	nld_latn, eng_latn, deu_latn, swe_latn, nob_latn, dan_latn, cat_latn, ita_latn, por_latn, spa_latn	jpn_jpan, npi_deva, tam_taml, kaz_cyrl, tha_thai, kor_hang, ben_beng, zho_hans, vie_latn, ind_latn
kur_latn	Kurdish	wiki, tatoeba, oscar	420732	150259	19233152	medlow	pes_arab, tur_latn, aze_latn, ron_latn, sqi_latn, ces_latn, hye_armn, ita_latn, spa_latn, por_latn	jpn_jpan, zho_hans, kor_hang, tha_thai, npi_deva, vie_latn, ind_latn, tam_taml, ben_beng, rus_cyrl
ewe_latn	Ewe	ewecorpus, nllb, flores200_dev, flores200_devtest, bible, wiki	1537249	146491	18750848	medlow	cat_latn, fra_latn, por_latn, eng_latn, spa_latn, heb_hebr, ita_latn, hun_latn, nld_latn, arb_arab	jpn_jpan, kor_hang, npi_deva, tam_taml, rus_cyrl, zho_hans, bel_cyrl, ben_beng, ukr_cyrl, pes_arab
ori_orya	Oriya (macrolanguage)	wiki, oscar	392080	144322	18473216	medlow	tam_taml, ben_beng, npi_deva, hin_deva, aze_latn, pes_arab, urd_arab, kaz_cyrl, tur_latn, hye_armn	por_latn, spa_latn, fra_latn, cat_latn, eng_latn, ita_latn, bel_cyrl, nld_latn, srp_cyrl, swe_latn
lat_latn	Latin	bible, wiki, tatoeba, oscar	573938	136174	17430272	medlow	ita_latn, cat_latn, spa_latn, por_latn, ron_latn, eng_latn, deu_latn, nld_latn, fra_latn, nob_latn	jpn_jpan, kor_hang, zho_hans, npi_deva, tam_taml, tha_thai, ben_beng, kaz_cyrl, vie_latn, ind_latn
chv_cyrl	Chuvash	webcorpora, wiki, tatoeba, oscar	495999	132221	16924288	medlow	kaz_cyrl, aze_latn, tur_latn, hye_armn, rus_cyrl, mkd_cyrl, tam_taml, ukr_cyrl, bel_cyrl, srp_cyrl	tha_thai, ind_latn, vie_latn, zho_hans, swe_latn, eng_latn, cat_latn, fra_latn, heb_hebr, por_latn
min_latn	Minangkabau	nusa, nusax, nllb, flores200_dev, flores200_devtest, wiki	1640870	125883	16113024	medlow	ind_latn, vie_latn, tha_thai, heb_hebr, eng_latn, fra_latn, ron_latn, ita_latn, sqi_latn, rus_cyrl	tam_taml, jpn_jpan, kaz_cyrl, npi_deva, tur_latn, kor_hang, ces_latn, aze_latn, lav_latn, hye_armn
fao_latn	Faroese	nllb, flores200_devtest, flores200_dev, wiki	763531	123049	15750272	medlow	dan_latn, nob_latn, swe_latn, deu_latn, eng_latn, nld_latn, sqi_latn, ron_latn, por_latn, fra_latn	jpn_jpan, npi_deva, tha_thai, tam_taml, kaz_cyrl, kor_hang, zho_hans, vie_latn, ind_latn, ben_beng
bre_latn	Breton	bible, wiki, tatoeba, oscar	512404	115594	14796032	medlow	cat_latn, ita_latn, por_latn, fra_latn, spa_latn, ron_latn, sqi_latn, eng_latn, ell_grek, nob_latn	jpn_jpan, kor_hang, tam_taml, npi_deva, zho_hans, ben_beng, kaz_cyrl, tha_thai, vie_latn, urd_arab
yue_hant	Yue Chinese	flores200_devtest, flores200_dev, wiki, tatoeba	583192	115449	14777472	medlow	zho_hans, jpn_jpan, kor_hang, vie_latn, ind_latn, hin_deva, ben_beng, tha_thai, urd_arab, rus_cyrl	ces_latn, arb_arab, pes_arab, lav_latn, heb_hebr, spa_latn, tur_latn, cat_latn, srp_cyrl, lit_latn
nso_latn	Pedi	nllb, flores200_dev, flores200_devtest, wiki	1298614	114213	14619264	medlow	arb_arab, heb_hebr, spa_latn, por_latn, ita_latn, ron_latn, ind_latn, tha_thai, cat_latn, pes_arab	jpn_jpan, kor_hang, zho_hans, npi_deva, ben_beng, tam_taml, kaz_cyrl, dan_latn, swe_latn, bel_cyrl
als_latn	Tosk Albanian	bible, wiki, oscar	410836	112750	14432000	medlow	sqi_latn, ron_latn, deu_latn, por_latn, nob_latn, dan_latn, ita_latn, swe_latn, slk_latn, cat_latn	jpn_jpan, kor_hang, tam_taml, kaz_cyrl, npi_deva, zho_hans, ben_beng, tha_thai, vie_latn, ind_latn
crh_latn	Crimean Tatar	nllb, flores200_dev, flores200_devtest, wiki	775465	109182	13975296	medlow	tur_latn, aze_latn, hun_latn, hye_armn, kaz_cyrl, lit_latn, ces_latn, est_latn, fin_latn, lav_latn	tha_thai, vie_latn, ind_latn, zho_hans, kor_hang, jpn_jpan, npi_deva, arb_arab, ben_beng, heb_hebr
kmr_latn	Northern Kurdish	nllb, flores200_dev, flores200_devtest	743505	105319	13480832	medlow	pes_arab, hye_armn, tur_latn, ces_latn, aze_latn, ron_latn, spa_latn, ita_latn, sqi_latn, lit_latn	zho_hans, jpn_jpan, kor_hang, tha_thai, vie_latn, ind_latn, npi_deva, ben_beng, tam_taml, ukr_cyrl
kab_latn	Kabyle	nllb, flores200_dev, flores200_devtest, wiki	932618	103771	13282688	medlow	cat_latn, ita_latn, spa_latn, fra_latn, por_latn, ron_latn, arb_arab, eng_latn, nld_latn, sqi_latn	jpn_jpan, kor_hang, zho_hans, tam_taml, npi_deva, kaz_cyrl, ben_beng, tha_thai, ind_latn, vie_latn
fon_latn	Fon	nllb, flores200_dev, flores200_devtest	669796	101718	13019904	medlow	fra_latn, por_latn, spa_latn, ita_latn, cat_latn, tha_thai, vie_latn, eng_latn, heb_hebr, arb_arab	jpn_jpan, tam_taml, kor_hang, npi_deva, ben_beng, tur_latn, kaz_cyrl, pes_arab, aze_latn, ces_latn
nds_latn	Low German	wiki, tatoeba, oscar	584539	100621	12879488	medlow	deu_latn, nld_latn, eng_latn, swe_latn, nob_latn, dan_latn, cat_latn, ita_latn, por_latn, fra_latn	jpn_jpan, npi_deva, tam_taml, kaz_cyrl, kor_hang, zho_hans, tha_thai, ben_beng, vie_latn, ind_latn
iku_cans	Inuktitut	nrc, wiki	712993	99092	12683776	medlow	fin_latn, hun_latn, est_latn, hye_armn, aze_latn, tur_latn, lit_latn, kat_geor, ell_grek, slk_latn	ind_latn, vie_latn, tha_thai, zho_hans, jpn_jpan, tam_taml, npi_deva, kor_hang, arb_arab, ben_beng
mai_deva	Maithili	nllb, flores200_dev, flores200_devtest, bible, wiki, oscar	1019636	95529	12227712	medlow	npi_deva, hin_deva, urd_arab, ben_beng, tam_taml, kaz_cyrl, kor_hang, kat_geor, aze_latn, rus_cyrl	tha_thai, vie_latn, cat_latn, spa_latn, ind_latn, fra_latn, por_latn, ita_latn, eng_latn, nld_latn
lin_latn	Lingala	nllb, flores200_dev, flores200_devtest, bible, wiki	953849	95337	12203136	medlow	spa_latn, cat_latn, fra_latn, ita_latn, heb_hebr, por_latn, ron_latn, nld_latn, eng_latn, sqi_latn	jpn_jpan, kor_hang, zho_hans, tam_taml, kaz_cyrl, npi_deva, ben_beng, tur_latn, aze_latn, rus_cyrl
grn_latn	Guarani	americasnlp2021_mt, americasnli_dev, americasnlp2023_mt, americasnlp2022_stt, americasnlp2022_mt_test, americasnli_test, americasnli_mlm, nllb, flores200_devtest, flores200_dev, wiki, oscar	565017	94843	12139904	medlow	spa_latn, por_latn, cat_latn, hun_latn, fra_latn, fin_latn, ita_latn, eng_latn, slv_latn, hye_armn	npi_deva, kor_hang, zho_hans, jpn_jpan, tam_taml, ben_beng, tha_thai, rus_cyrl, kaz_cyrl, hin_deva
bod_tibt	Tibetan	nllb, flores200_dev, flores200_devtest, bible0, bible, wiki, oscar	285567	94158	12052224	medlow	jpn_jpan, ben_beng, kaz_cyrl, tam_taml, kor_hang, zho_hans, hin_deva, tha_thai, aze_latn, urd_arab	spa_latn, por_latn, cat_latn, fra_latn, ita_latn, bel_cyrl, bul_cyrl, mkd_cyrl, slv_latn, pol_latn
pag_latn	Pangasinan	nllb, flores200_dev, flores200_devtest, wiki	1004268	92932	11895296	medlow	ind_latn, vie_latn, tha_thai, arb_arab, ita_latn, eng_latn, fra_latn, spa_latn, cat_latn, rus_cyrl	tam_taml, npi_deva, jpn_jpan, ces_latn, kaz_cyrl, srp_cyrl, bel_cyrl, ben_beng, kor_hang, tur_latn
bem_latn	Bemba (Zambia)	nllb, flores200_devtest, flores200_dev	865075	91359	11693952	medlow	arb_arab, spa_latn, heb_hebr, ita_latn, pes_arab, ces_latn, cat_latn, ron_latn, por_latn, fra_latn	jpn_jpan, kor_hang, zho_hans, npi_deva, ben_beng, tam_taml, kaz_cyrl, bel_cyrl, rus_cyrl, swe_latn
wol_latn	Wolof	nllbmulti_train, nllbmulti_test, nllbmulti_valid, nllb, flores200_devtest, flores200_dev, bible, bible0, wiki	774275	90999	11647872	medlow	por_latn, fra_latn, cat_latn, ita_latn, eng_latn, spa_latn, nld_latn, sqi_latn, ron_latn, heb_hebr	jpn_jpan, kor_hang, npi_deva, tam_taml, ben_beng, zho_hans, kaz_cyrl, hin_deva, urd_arab, tur_latn
tum_latn	Tumbuka	nllb, flores200_dev, flores200_devtest, wiki	806724	87315	11176320	medlow	arb_arab, heb_hebr, pes_arab, spa_latn, ita_latn, por_latn, fra_latn, ces_latn, cat_latn, ron_latn	kor_hang, jpn_jpan, zho_hans, npi_deva, ben_beng, tam_taml, kaz_cyrl, swe_latn, bel_cyrl, dan_latn
luo_latn	Luo (Kenya and Tanzania)	nllb, flores200_devtest, flores200_dev, bible	824469	86164	11028992	medlow	spa_latn, ita_latn, por_latn, ron_latn, cat_latn, heb_hebr, sqi_latn, eng_latn, ind_latn, fra_latn	jpn_jpan, kor_hang, npi_deva, tam_taml, zho_hans, kaz_cyrl, ben_beng, tur_latn, aze_latn, lav_latn
mlg_latn	Malagasy	wiki, oscar	304211	81384	10417152	low	ind_latn, vie_latn, ita_latn, arb_arab, tha_thai, cat_latn, sqi_latn, spa_latn, ron_latn, heb_hebr	jpn_jpan, npi_deva, kor_hang, zho_hans, kaz_cyrl, ben_beng, tam_taml, bel_cyrl, est_latn, fin_latn
orm_latn	Oromo	afriberta, wiki	418572	78297	10022016	low	hin_deva, pes_arab, urd_arab, tam_taml, ces_latn, lit_latn, ron_latn, hye_armn, sqi_latn, kaz_cyrl	zho_hans, vie_latn, tha_thai, jpn_jpan, kor_hang, ind_latn, eng_latn, swe_latn, ukr_cyrl, fin_latn
diq_latn	Dimli (individual language)	nllb, wiki	655542	76954	9850112	low	pes_arab, tur_latn, ces_latn, aze_latn, spa_latn, lit_latn, ron_latn, ita_latn, sqi_latn, por_latn	zho_hans, tha_thai, vie_latn, jpn_jpan, kor_hang, ind_latn, npi_deva, tam_taml, ben_beng, rus_cyrl
yid_hebr	Yiddish	wiki, oscar	228237	75999	9727872	low	eng_latn, nld_latn, nob_latn, deu_latn, swe_latn, dan_latn, por_latn, fra_latn, cat_latn, heb_hebr	npi_deva, tam_taml, tha_thai, ben_beng, jpn_jpan, ind_latn, zho_hans, kaz_cyrl, vie_latn, kor_hang
tyv_cyrl	Tuvinian	webcorpora, wiki, tatoeba, oscar	435127	75787	9700736	low	kaz_cyrl, aze_latn, rus_cyrl, jpn_jpan, tur_latn, kor_hang, hye_armn, mkd_cyrl, hin_deva, tam_taml	ind_latn, tha_thai, vie_latn, fra_latn, spa_latn, cat_latn, por_latn, eng_latn, swe_latn, ita_latn
nan_latn	Min Nan Chinese	wiki	317319	75427	9654656	low	zho_hans, vie_latn, ind_latn, kor_hang, tha_thai, ben_beng, jpn_jpan, hin_deva, urd_arab, rus_cyrl	arb_arab, tur_latn, pes_arab, heb_hebr, ces_latn, lav_latn, ell_grek, lit_latn, srp_cyrl, bel_cyrl
ban_latn	Balinese	nusax, nllb, flores200_devtest, flores200_dev, wiki	481428	70842	9067776	low	ind_latn, vie_latn, tha_thai, zho_hans, eng_latn, heb_hebr, ita_latn, sqi_latn, fra_latn, hin_deva	kaz_cyrl, npi_deva, tam_taml, tur_latn, ces_latn, jpn_jpan, hye_armn, aze_latn, lit_latn, lav_latn
fij_latn	Fijian	nllb, flores200_dev, flores200_devtest, wiki	561027	66526	8515328	low	ind_latn, vie_latn, tha_thai, eng_latn, ita_latn, arb_arab, spa_latn, fin_latn, cat_latn, nob_latn	tam_taml, kaz_cyrl, npi_deva, tur_latn, aze_latn, ces_latn, srp_cyrl, mkd_cyrl, lav_latn, bel_cyrl
ayr_latn	Central Aymara	nllbmulti_test, nllbmulti_valid, nllbmulti_train, nllb, flores200_devtest, flores200_dev	613973	66514	8513792	low	tur_latn, hun_latn, spa_latn, por_latn, fin_latn, slv_latn, nld_latn, est_latn, hye_armn, aze_latn	tha_thai, vie_latn, zho_hans, ind_latn, npi_deva, tam_taml, kor_hang, rus_cyrl, ben_beng, jpn_jpan
arg_latn	Aragonese	wiki, tatoeba, oscar	242573	63628	8144384	low	spa_latn, por_latn, cat_latn, ita_latn, ron_latn, fra_latn, sqi_latn, eng_latn, nob_latn, slk_latn	jpn_jpan, kor_hang, tam_taml, npi_deva, ben_beng, zho_hans, kaz_cyrl, tha_thai, vie_latn, ind_latn
lij_latn	Ligurian	nllb, flores200_devtest, flores200_dev, wiki	340775	61790	7909120	low	por_latn, ita_latn, cat_latn, ron_latn, spa_latn, fra_latn, sqi_latn, nob_latn, slk_latn, eng_latn	jpn_jpan, kor_hang, tam_taml, npi_deva, tha_thai, zho_hans, ben_beng, kaz_cyrl, vie_latn, ind_latn
div_thaa	Dhivehi	bible, wiki, tatoeba, oscar	203216	60536	7748608	low	urd_arab, tam_taml, hin_deva, pes_arab, ben_beng, aze_latn, kaz_cyrl, tur_latn, npi_deva, hye_armn	eng_latn, fra_latn, tha_thai, vie_latn, cat_latn, por_latn, swe_latn, ind_latn, nob_latn, nld_latn
lua_latn	Luba-Lulua	nllb, flores200_dev, flores200_devtest	627092	57439	7352192	low	heb_hebr, arb_arab, pes_arab, fra_latn, spa_latn, cat_latn, ces_latn, ita_latn, por_latn, ron_latn	kor_hang, jpn_jpan, zho_hans, npi_deva, tam_taml, ben_beng, kaz_cyrl, bel_cyrl, rus_cyrl, urd_arab
szl_latn	Silesian	nllb, flores200_devtest, flores200_dev, wiki	406232	57124	7311872	low	pol_latn, slk_latn, slv_latn, sqi_latn, ces_latn, nob_latn, mkd_cyrl, por_latn, ron_latn, ukr_cyrl	jpn_jpan, tha_thai, tam_taml, kor_hang, vie_latn, zho_hans, npi_deva, kaz_cyrl, ben_beng, ind_latn
fuv_latn	Nigerian Fulfulde	nllb, flores200_dev, flores200_devtest	384684	52712	6747136	low	por_latn, ita_latn, spa_latn, cat_latn, heb_hebr, fra_latn, arb_arab, ron_latn, eng_latn, sqi_latn	kor_hang, jpn_jpan, zho_hans, npi_deva, ben_beng, tam_taml, kaz_cyrl, hin_deva, urd_arab, rus_cyrl
gsw_latn	Swiss German	wortschatz, tatoeba	271037	51421	6581888	low	deu_latn, nld_latn, eng_latn, nob_latn, dan_latn, swe_latn, cat_latn, ita_latn, por_latn, ron_latn	jpn_jpan, tha_thai, npi_deva, kaz_cyrl, tam_taml, zho_hans, kor_hang, vie_latn, ben_beng, ind_latn
ssw_latn	Swati	nllb, flores200_dev, flores200_devtest, wiki	473988	47470	6076160	low	arb_arab, spa_latn, pes_arab, ita_latn, lit_latn, ces_latn, cat_latn, por_latn, fra_latn, heb_hebr	kor_hang, jpn_jpan, zho_hans, npi_deva, ben_beng, kaz_cyrl, tam_taml, swe_latn, hun_latn, fin_latn
bew_cyrl	Betawi	wortschatz	270993	46470	5948160	low	ind_latn, vie_latn, tha_thai, bel_cyrl, rus_cyrl, ukr_cyrl, bul_cyrl, heb_hebr, mkd_cyrl, zho_hans	tur_latn, tam_taml, npi_deva, jpn_jpan, ces_latn, aze_latn, kaz_cyrl, lit_latn, lav_latn, kor_hang
fur_latn	Friulian	nllbmulti_train, nllbmulti_test, nllbmulti_valid, nllb, flores200_dev, flores200_devtest, wiki	300023	44778	5731584	low	por_latn, ita_latn, cat_latn, ron_latn, spa_latn, fra_latn, sqi_latn, eng_latn, nob_latn, slk_latn	jpn_jpan, kor_hang, tam_taml, kaz_cyrl, npi_deva, zho_hans, ben_beng, tha_thai, vie_latn, ind_latn
srd_latn	Sardinian	nllb, flores200_dev, flores200_devtest, wiki, tatoeba	262968	44718	5723904	low	por_latn, ita_latn, cat_latn, spa_latn, sqi_latn, ron_latn, fra_latn, eng_latn, slk_latn, ell_grek	jpn_jpan, kor_hang, tam_taml, npi_deva, ben_beng, kaz_cyrl, zho_hans, tha_thai, vie_latn, aze_latn
bar_latn	Bavarian	wiki, tatoeba	185150	44504	5696512	low	deu_latn, nld_latn, dan_latn, nob_latn, eng_latn, swe_latn, cat_latn, ita_latn, lav_latn, fra_latn	tha_thai, vie_latn, ind_latn, zho_hans, jpn_jpan, npi_deva, kor_hang, tam_taml, kaz_cyrl, ben_beng
tpi_latn	Tok Pisin	nllb, flores200_devtest, flores200_dev, bible, bible0, wiki	432860	43014	5505792	low	hin_deva, ind_latn, ben_beng, kor_hang, jpn_jpan, urd_arab, vie_latn, tha_thai, kat_geor, zho_hans	ukr_cyrl, ces_latn, bel_cyrl, bul_cyrl, mkd_cyrl, srp_cyrl, slk_latn, pol_latn, lav_latn, lit_latn
umb_latn	Umbundu	nllb, flores200_dev, flores200_devtest	390634	42812	5479936	low	heb_hebr, arb_arab, spa_latn, fra_latn, cat_latn, por_latn, ita_latn, ron_latn, pes_arab, sqi_latn	kor_hang, jpn_jpan, zho_hans, npi_deva, tam_taml, ben_beng, kaz_cyrl, rus_cyrl, bel_cyrl, urd_arab
pcm_latn	Nigerian Pidgin	afriberta, bible, wiki	163375	41345	5292160	low	eng_latn, nld_latn, cat_latn, ita_latn, por_latn, nob_latn, swe_latn, deu_latn, spa_latn, fra_latn	jpn_jpan, kor_hang, npi_deva, kaz_cyrl, tam_taml, zho_hans, ben_beng, tha_thai, aze_latn, vie_latn
mhr_cyrl	Eastern Mari	webcorpora, wiki, tatoeba, oscar	196856	41334	5290752	low	rus_cyrl, kaz_cyrl, mkd_cyrl, aze_latn, ukr_cyrl, bel_cyrl, bul_cyrl, srp_cyrl, hun_latn, kat_geor	tha_thai, ind_latn, vie_latn, jpn_jpan, zho_hans, tam_taml, pes_arab, eng_latn, nld_latn, heb_hebr
ido_latn	Ido	wiki, tatoeba, oscar	155971	37311	4775808	low	por_latn, cat_latn, fra_latn, ita_latn, spa_latn, eng_latn, nob_latn, ron_latn, nld_latn, swe_latn	jpn_jpan, tam_taml, kor_hang, npi_deva, ben_beng, kaz_cyrl, zho_hans, tha_thai, vie_latn, ind_latn
bxr_cyrl	Russia Buriat	webcorpora, wiki, oscar	239523	35600	4556800	low	kaz_cyrl, rus_cyrl, kor_hang, jpn_jpan, aze_latn, ben_beng, hin_deva, hye_armn, ukr_cyrl, tur_latn	tha_thai, ind_latn, vie_latn, spa_latn, cat_latn, ita_latn, por_latn, heb_hebr, fra_latn, arb_arab
bho_deva	Bhojpuri	nllbmulti_test, nllbmulti_train, nllbmulti_valid, nllb, flores200_dev, flores200_devtest, wiki	231291	34105	4365440	low	hin_deva, npi_deva, urd_arab, ben_beng, tam_taml, kaz_cyrl, kor_hang, kat_geor, aze_latn, rus_cyrl	tha_thai, vie_latn, ind_latn, cat_latn, eng_latn, nld_latn, fra_latn, por_latn, ita_latn, swe_latn
bam_latn	Bambara	nllb, wortschatz, flores200_devtest, flores200_dev, wiki	207056	33369	4271232	low	por_latn, fra_latn, eng_latn, nld_latn, cat_latn, ita_latn, spa_latn, hun_latn, deu_latn, slv_latn	jpn_jpan, npi_deva, tam_taml, zho_hans, kor_hang, tha_thai, vie_latn, rus_cyrl, bel_cyrl, ind_latn
cjk_latn	Chokwe	nllb, flores200_dev, flores200_devtest	329655	32639	4177792	low	heb_hebr, arb_arab, pes_arab, spa_latn, ces_latn, por_latn, ron_latn, ita_latn, lit_latn, fra_latn	kor_hang, jpn_jpan, zho_hans, npi_deva, ben_beng, tam_taml, kaz_cyrl, rus_cyrl, bel_cyrl, urd_arab
dik_latn	Southwestern Dinka	nllb, flores200_dev, flores200_devtest, bible	245209	32326	4137728	low	ron_latn, ita_latn, heb_hebr, sqi_latn, cat_latn, arb_arab, por_latn, spa_latn, slv_latn, eng_latn	jpn_jpan, kor_hang, zho_hans, tam_taml, npi_deva, kaz_cyrl, ben_beng, lav_latn, tur_latn, aze_latn
dyu_latn	Dyula	nllbmulti_test, nllbmulti_train, nllbmulti_valid, nllb, flores200_dev, flores200_devtest, bible	204377	31097	3980416	low	eng_latn, por_latn, hun_latn, nld_latn, cat_latn, ita_latn, spa_latn, deu_latn, fra_latn, slv_latn	jpn_jpan, kor_hang, tam_taml, npi_deva, zho_hans, kaz_cyrl, ben_beng, ces_latn, rus_cyrl, tha_thai
mos_latn	Mossi	nllb, flores200_devtest, flores200_dev	286505	30848	3948544	low	fra_latn, eng_latn, nob_latn, dan_latn, slv_latn, sqi_latn, cat_latn, por_latn, ron_latn, spa_latn	jpn_jpan, kor_hang, tam_taml, npi_deva, zho_hans, pes_arab, kaz_cyrl, ben_beng, vie_latn, ind_latn
tuk_latn	Turkmen	nllb, flores200_devtest, flores200_dev, wiki, oscar	102602	30788	3940864	low	aze_latn, tur_latn, kaz_cyrl, hin_deva, hye_armn, hun_latn, urd_arab, lit_latn, tam_taml, ben_beng	tha_thai, vie_latn, ind_latn, zho_hans, bel_cyrl, ukr_cyrl, srp_cyrl, jpn_jpan, npi_deva, arb_arab
pms_latn	Piemontese	wiki, tatoeba, oscar	142727	29831	3818368	low	por_latn, cat_latn, ita_latn, spa_latn, ron_latn, fra_latn, sqi_latn, eng_latn, nob_latn, slk_latn	jpn_jpan, kor_hang, tam_taml, npi_deva, zho_hans, kaz_cyrl, ben_beng, tha_thai, vie_latn, ind_latn
knc_latn	Central Kanuri	nllb, flores200_devtest, flores200_dev	236611	29346	3756288	low	tur_latn, aze_latn, pes_arab, spa_latn, ita_latn, hye_armn, kat_geor, cat_latn, arb_arab, por_latn	zho_hans, kor_hang, jpn_jpan, vie_latn, tha_thai, npi_deva, ind_latn, ben_beng, rus_cyrl, ukr_cyrl
wuu_hans	Wu Chinese	wiki, tatoeba	109485	28826	3689728	low	zho_hans, jpn_jpan, kor_hang, vie_latn, tha_thai, ind_latn, ben_beng, rus_cyrl, hin_deva, urd_arab	ces_latn, tur_latn, pes_arab, arb_arab, lit_latn, spa_latn, cat_latn, heb_hebr, fra_latn, lav_latn
kon_latn	Kongo	nllb, flores200_devtest, flores200_dev, wiki	318579	28658	3668224	low	spa_latn, cat_latn, heb_hebr, por_latn, fra_latn, ita_latn, pes_arab, ron_latn, arb_arab, ces_latn	kor_hang, jpn_jpan, zho_hans, npi_deva, ben_beng, tam_taml, kaz_cyrl, rus_cyrl, bel_cyrl, hin_deva
dar_cyrl	Dargwa	webcorpora	78498	27850	3564800	low	kaz_cyrl, aze_latn, mkd_cyrl, rus_cyrl, tur_latn, hye_armn, tam_taml, ukr_cyrl, bul_cyrl, bel_cyrl	tha_thai, ind_latn, vie_latn, zho_hans, jpn_jpan, eng_latn, swe_latn, fra_latn, heb_hebr, cat_latn
bug_latn	Buginese	nusax, nusa, nllb, flores200_devtest, flores200_dev	196879	27655	3539840	low	ind_latn, vie_latn, tha_thai, rus_cyrl, zho_hans, hun_latn, eng_latn, por_latn, ron_latn, ita_latn	tam_taml, kaz_cyrl, npi_deva, tur_latn, jpn_jpan, ces_latn, lit_latn, lav_latn, aze_latn, bel_cyrl
kea_latn	Kabuverdianu	nllb, flores200_dev, flores200_devtest	192331	27062	3463936	low	por_latn, spa_latn, cat_latn, ita_latn, ron_latn, eng_latn, fra_latn, sqi_latn, nob_latn, nld_latn	jpn_jpan, kor_hang, tam_taml, ben_beng, npi_deva, kaz_cyrl, zho_hans, tha_thai, vie_latn, ind_latn
kbp_latn	Kabiyè	nllb, flores200_devtest, flores200_dev, wiki	155411	25674	3286272	low	fra_latn, por_latn, lav_latn, spa_latn, cat_latn, ita_latn, eng_latn, ces_latn, heb_hebr, nld_latn	kor_hang, jpn_jpan, npi_deva, tam_taml, zho_hans, ben_beng, rus_cyrl, bel_cyrl, fin_latn, ind_latn
kmb_latn	Kimbundu	nllb, flores200_dev, flores200_devtest	246146	24762	3169536	low	heb_hebr, arb_arab, spa_latn, fra_latn, cat_latn, por_latn, ita_latn, ron_latn, pes_arab, sqi_latn	kor_hang, jpn_jpan, zho_hans, npi_deva, tam_taml, ben_beng, kaz_cyrl, rus_cyrl, bel_cyrl, urd_arab
haw_latn	Hawaiian	ulukau, bible, wiki, tatoeba	85234	23409	2996352	low	vie_latn, ind_latn, tha_thai, spa_latn, ita_latn, por_latn, cat_latn, eng_latn, fra_latn, ell_grek	tam_taml, npi_deva, ben_beng, kaz_cyrl, tur_latn, aze_latn, jpn_jpan, urd_arab, kor_hang, hin_deva
sag_latn	Sango	nllb, flores200_dev, flores200_devtest, wiki, tatoeba	260614	22851	2924928	low	cat_latn, por_latn, ita_latn, fra_latn, nld_latn, eng_latn, spa_latn, deu_latn, ron_latn, heb_hebr	jpn_jpan, kor_hang, tam_taml, zho_hans, npi_deva, kaz_cyrl, ben_beng, hin_deva, urd_arab, tur_latn
mwl_latn	Mirandese	wiki, tatoeba	63064	22028	2819584	low	por_latn, spa_latn, cat_latn, ita_latn, ron_latn, sqi_latn, eng_latn, fra_latn, slk_latn, swe_latn	jpn_jpan, kor_hang, tam_taml, npi_deva, ben_beng, kaz_cyrl, zho_hans, tha_thai, vie_latn, ind_latn
kac_latn	Kachin	nllb, flores200_dev, flores200_devtest	139802	21345	2732160	low	kor_hang, jpn_jpan, ben_beng, zho_hans, hin_deva, urd_arab, vie_latn, tam_taml, tha_thai, kaz_cyrl	spa_latn, cat_latn, bel_cyrl, ces_latn, fra_latn, ell_grek, por_latn, arb_arab, mkd_cyrl, ita_latn
inh_cyrl	Ingush	webcorpora, wiki	155935	20636	2641408	low	kaz_cyrl, rus_cyrl, aze_latn, tam_taml, ukr_cyrl, kat_geor, srp_cyrl, tur_latn, hye_armn, mkd_cyrl	tha_thai, ind_latn, vie_latn, zho_hans, heb_hebr, cat_latn, jpn_jpan, por_latn, ita_latn, sqi_latn
kik_latn	Kikuyu	nllb, flores200_dev, flores200_devtest, bible, wiki	150510	20598	2636544	low	pes_arab, ita_latn, ces_latn, arb_arab, ron_latn, spa_latn, cat_latn, heb_hebr, por_latn, lit_latn	jpn_jpan, kor_hang, zho_hans, npi_deva, ben_beng, tam_taml, kaz_cyrl, tur_latn, fin_latn, bel_cyrl
roh_latn	Romansh	wiki, tatoeba, oscar	51220	20143	2578304	low	por_latn, cat_latn, ita_latn, spa_latn, ron_latn, fra_latn, sqi_latn, eng_latn, nob_latn, deu_latn	jpn_jpan, kor_hang, tam_taml, npi_deva, zho_hans, kaz_cyrl, ben_beng, tha_thai, vie_latn, ind_latn
cak_latn	Kaqchikel	bible2, bible5, bible4, bible3, bible, bible0, bible1	53612	20002	2560256	low	por_latn, spa_latn, cat_latn, eng_latn, fra_latn, ita_latn, sqi_latn, swe_latn, pol_latn, nob_latn	tam_taml, jpn_jpan, kor_hang, ben_beng, npi_deva, kaz_cyrl, tha_thai, zho_hans, tur_latn, urd_arab
kbd_cyrl	Kabardian	webcorpora, wiki	92360	19713	2523264	low	kaz_cyrl, aze_latn, tur_latn, hye_armn, tam_taml, rus_cyrl, srp_cyrl, mkd_cyrl, kat_geor, ukr_cyrl	tha_thai, vie_latn, ind_latn, zho_hans, jpn_jpan, kor_hang, eng_latn, fra_latn, cat_latn, ell_grek
vol_latn	Volapük	wiki, tatoeba, oscar	96303	19710	2522880	low	deu_latn, nld_latn, nob_latn, dan_latn, eng_latn, swe_latn, fra_latn, por_latn, cat_latn, ita_latn	jpn_jpan, tha_thai, zho_hans, kor_hang, tam_taml, npi_deva, vie_latn, ind_latn, ben_beng, kaz_cyrl
cmn_hans	Mandarin Chinese	bible1, bible0, bible, bible2, tatoeba	163113	19623	2511744	low	zho_hans, jpn_jpan, kor_hang, rus_cyrl, hin_deva, ben_beng, urd_arab, vie_latn, ind_latn, ukr_cyrl	arb_arab, pes_arab, ces_latn, spa_latn, tur_latn, cat_latn, fra_latn, heb_hebr, lav_latn, por_latn
mkw_cyrl	Kituba (Congo)	wortschatz	121178	18999	2431872	low	mkd_cyrl, srp_cyrl, bul_cyrl, heb_hebr, arb_arab, fra_latn, spa_latn, cat_latn, por_latn, pes_arab	jpn_jpan, kor_hang, zho_hans, npi_deva, tam_taml, ben_beng, tur_latn, urd_arab, hin_deva, kaz_cyrl
mag_deva	Magahi	nllb, flores200_devtest, flores200_dev	134990	18592	2379776	low	npi_deva, hin_deva, urd_arab, ben_beng, tam_taml, kaz_cyrl, kat_geor, aze_latn, kor_hang, rus_cyrl	tha_thai, vie_latn, ind_latn, cat_latn, eng_latn, fra_latn, por_latn, lav_latn, ita_latn, swe_latn
bcl_latn	Central Bikol	wiki	63080	18349	2348672	low	vie_latn, ind_latn, tha_thai, eng_latn, ita_latn, arb_arab, cat_latn, zho_hans, por_latn, fra_latn	tam_taml, npi_deva, kaz_cyrl, jpn_jpan, tur_latn, ben_beng, ces_latn, bel_cyrl, kat_geor, lit_latn
kas_deva	Kashmiri	nllb, flores200_devtest, flores200_dev	144109	17989	2302592	low	hin_deva, npi_deva, lav_latn, aze_latn, lit_latn, tur_latn, ces_latn, tam_taml, rus_cyrl, ukr_cyrl	tha_thai, vie_latn, ind_latn, cat_latn, jpn_jpan, zho_hans, kor_hang, spa_latn, ita_latn, por_latn
quz_latn	Cusco Quechua	americasnlp2023_mt	138389	17760	2273280	low	tur_latn, aze_latn, hun_latn, fin_latn, por_latn, slv_latn, lit_latn, est_latn, spa_latn, ces_latn	tha_thai, vie_latn, zho_hans, ind_latn, npi_deva, heb_hebr, rus_cyrl, arb_arab, kor_hang, ben_beng
lzh_hant	Literary Chinese	wiki, tatoeba	65511	17716	2267648	low	zho_hans, jpn_jpan, kor_hang, rus_cyrl, hin_deva, ben_beng, vie_latn, urd_arab, ind_latn, ukr_cyrl	arb_arab, pes_arab, ces_latn, spa_latn, cat_latn, fra_latn, heb_hebr, lav_latn, por_latn, ita_latn
wln_latn	Walloon	wiki, tatoeba, oscar	91629	17460	2234880	low	cat_latn, por_latn, ita_latn, fra_latn, spa_latn, eng_latn, swe_latn, nob_latn, ron_latn, nld_latn	jpn_jpan, tam_taml, kor_hang, npi_deva, kaz_cyrl, ben_beng, zho_hans, tha_thai, aze_latn, vie_latn
aka_latn	Akan	nllb, wortschatz, flores200_devtest, flores200_dev, bible	80138	16745	2143360	low	fra_latn, eng_latn, por_latn, spa_latn, ita_latn, cat_latn, lav_latn, nld_latn, lit_latn, ces_latn	kor_hang, jpn_jpan, npi_deva, tam_taml, zho_hans, bel_cyrl, ben_beng, rus_cyrl, ind_latn, est_latn
ber_latn	Berber	tatoeba	196664	16659	2132352	low	ind_latn, eng_latn, nob_latn, nld_latn, dan_latn, fra_latn, vie_latn, swe_latn, por_latn, spa_latn	npi_deva, bel_cyrl, zho_hans, kaz_cyrl, ukr_cyrl, jpn_jpan, rus_cyrl, heb_hebr, tam_taml, kor_hang
hne_deva	Chhattisgarhi	nllb, flores200_devtest, flores200_dev	122789	16442	2104576	low	hin_deva, npi_deva, urd_arab, ben_beng, kat_geor, aze_latn, tam_taml, tur_latn, est_latn, slk_latn	tha_thai, vie_latn, ind_latn, jpn_jpan, fra_latn, eng_latn, cat_latn, zho_hans, nld_latn, arb_arab
ina_latn	Interlingua (International Auxiliary Language Association)	wiki, tatoeba	74740	16147	2066816	low	por_latn, cat_latn, ita_latn, eng_latn, spa_latn, fra_latn, nob_latn, ron_latn, nld_latn, swe_latn	jpn_jpan, tam_taml, kor_hang, npi_deva, ben_beng, zho_hans, tha_thai, kaz_cyrl, vie_latn, ind_latn
hsb_latn	Upper Sorbian	wiki, tatoeba, oscar	82788	16115	2062720	low	slk_latn, slv_latn, pol_latn, sqi_latn, ces_latn, mkd_cyrl, nob_latn, ukr_cyrl, por_latn, ron_latn	jpn_jpan, tha_thai, kor_hang, tam_taml, zho_hans, npi_deva, vie_latn, kaz_cyrl, ben_beng, ind_latn
ltg_latn	Latgalian	nllb, flores200_dev, flores200_devtest, wiki	122574	16109	2061952	low	est_latn, nob_latn, slk_latn, fin_latn, pol_latn, slv_latn, dan_latn, lav_latn, sqi_latn, ron_latn	jpn_jpan, tha_thai, tam_taml, kor_hang, npi_deva, vie_latn, zho_hans, kaz_cyrl, ind_latn, ben_beng
sat_olck	Santali	flores200_dev, flores200_devtest, wiki, nllb	54507	15421	1973888	low	hin_deva, ben_beng, aze_latn, kat_geor, urd_arab, kor_hang, tam_taml, npi_deva, hye_armn, tur_latn	tha_thai, vie_latn, fra_latn, cat_latn, lav_latn, por_latn, ind_latn, ces_latn, heb_hebr, bel_cyrl
sus_arab	Susu	bible	29625	15220	1948160	low	urd_arab, arb_arab, pes_arab, fra_latn, por_latn, cat_latn, ita_latn, deu_latn, spa_latn, kat_geor	ind_latn, jpn_jpan, vie_latn, tam_taml, tha_thai, kor_hang, lit_latn, ces_latn, zho_hans, tur_latn
nus_latn	Nuer	nllb, flores200_devtest, flores200_dev	77207	15170	1941760	low	arb_arab, ron_latn, heb_hebr, ita_latn, sqi_latn, cat_latn, por_latn, spa_latn, slv_latn, nld_latn	jpn_jpan, kor_hang, zho_hans, npi_deva, tam_taml, kaz_cyrl, ben_beng, lav_latn, tur_latn, aze_latn
vls_latn	Vlaams	wiki	65344	15063	1928064	low	nld_latn, deu_latn, eng_latn, dan_latn, nob_latn, swe_latn, cat_latn, fra_latn, ita_latn, por_latn	tha_thai, zho_hans, jpn_jpan, vie_latn, ind_latn, npi_deva, kor_hang, tam_taml, kaz_cyrl, ben_beng
que_latn	Quechua	americasnlp2022_stt, americasnlp2022_mt_test, wiki, tatoeba, oscar	94973	14853	1901184	low	hun_latn, tur_latn, spa_latn, por_latn, fin_latn, aze_latn, slv_latn, est_latn, deu_latn, dan_latn	tha_thai, vie_latn, zho_hans, ind_latn, npi_deva, jpn_jpan, rus_cyrl, ben_beng, heb_hebr, pes_arab
udm_cyrl	Udmurt	webcorpora, wiki, tatoeba	83774	14513	1857664	low	tur_latn, kaz_cyrl, hun_latn, aze_latn, fin_latn, mkd_cyrl, rus_cyrl, ukr_cyrl, est_latn, bel_cyrl	tha_thai, ind_latn, vie_latn, zho_hans, arb_arab, jpn_jpan, npi_deva, tam_taml, heb_hebr, eng_latn
vep_latn	Veps	wiki, tatoeba	62054	14412	1844736	low	fin_latn, est_latn, hun_latn, slk_latn, slv_latn, nob_latn, ron_latn, mkd_cyrl, dan_latn, pol_latn	jpn_jpan, npi_deva, tha_thai, tam_taml, kor_hang, vie_latn, zho_hans, ind_latn, ben_beng, pes_arab
ava_cyrl	Avaric	webcorpora, wiki, oscar	62206	13846	1772288	low	kaz_cyrl, rus_cyrl, aze_latn, srp_cyrl, mkd_cyrl, bul_cyrl, ben_beng, urd_arab, kat_geor, hin_deva	tha_thai, ind_latn, vie_latn, jpn_jpan, zho_hans, kor_hang, heb_hebr, swe_latn, eng_latn, ita_latn
swh_latn	Swahili (individual language)	bible1, bible0, bible	69167	13820	1768960	low	heb_hebr, arb_arab, pes_arab, ind_latn, lit_latn, sqi_latn, spa_latn, fra_latn, ita_latn, por_latn	kor_hang, jpn_jpan, zho_hans, npi_deva, tam_taml, kaz_cyrl, ben_beng, rus_cyrl, swe_latn, bel_cyrl
lbe_cyrl	Lak	webcorpora, wiki	36569	13401	1715328	low	kaz_cyrl, aze_latn, rus_cyrl, hye_armn, srp_cyrl, mkd_cyrl, tur_latn, kat_geor, tam_taml, ukr_cyrl	tha_thai, vie_latn, ind_latn, zho_hans, jpn_jpan, kor_hang, swe_latn, eng_latn, heb_hebr, fra_latn
myv_cyrl	Erzya	webcorpora, wiki, tatoeba, oscar	85749	13394	1714432	low	mkd_cyrl, rus_cyrl, est_latn, ukr_cyrl, fin_latn, bul_cyrl, srp_cyrl, bel_cyrl, hun_latn, slk_latn	jpn_jpan, tha_thai, ind_latn, vie_latn, tam_taml, npi_deva, kor_hang, zho_hans, ben_beng, pes_arab
urd_deva	Urdu	bible0, bible	55748	13261	1697408	low	hin_deva, npi_deva, urd_arab, ben_beng, kat_geor, tam_taml, kaz_cyrl, aze_latn, bul_cyrl, mkd_cyrl	vie_latn, tha_thai, ind_latn, jpn_jpan, dan_latn, ces_latn, deu_latn, eng_latn, fra_latn, nob_latn
oss_cyrl	Ossetian	wiki, tatoeba, oscar	44832	13258	1697024	low	mkd_cyrl, srp_cyrl, rus_cyrl, hye_armn, bel_cyrl, ukr_cyrl, bul_cyrl, kaz_cyrl, kat_geor, aze_latn	tha_thai, ind_latn, vie_latn, zho_hans, jpn_jpan, kor_hang, npi_deva, tam_taml, heb_hebr, fra_latn
uig_latn	Uighur	bible0, bible	59966	12716	1627648	low	aze_latn, tur_latn, kaz_cyrl, ben_beng, tam_taml, hin_deva, jpn_jpan, hun_latn, hye_armn, urd_arab	tha_thai, vie_latn, ind_latn, heb_hebr, spa_latn, cat_latn, bul_cyrl, bel_cyrl, arb_arab, ell_grek
lez_cyrl	Lezghian	webcorpora, wiki, oscar	81104	12698	1625344	low	kaz_cyrl, aze_latn, tur_latn, rus_cyrl, tam_taml, hye_armn, kat_geor, ukr_cyrl, mkd_cyrl, srp_cyrl	tha_thai, vie_latn, ind_latn, heb_hebr, zho_hans, cat_latn, por_latn, spa_latn, ita_latn, arb_arab
gom_deva	Goan Konkani	wiki, tatoeba, oscar	39800	12532	1604096	low	hin_deva, npi_deva, ben_beng, aze_latn, urd_arab, tur_latn, tam_taml, kat_geor, slk_latn, est_latn	tha_thai, vie_latn, ind_latn, jpn_jpan, zho_hans, fra_latn, eng_latn, arb_arab, cat_latn, nld_latn
shn_mymr	Shan	nllb, flores200_dev, flores200_devtest	79619	12416	1589248	low	vie_latn, tha_thai, ind_latn, heb_hebr, rus_cyrl, zho_hans, arb_arab, eng_latn, sqi_latn, ron_latn	tam_taml, tur_latn, npi_deva, kaz_cyrl, jpn_jpan, ces_latn, lav_latn, aze_latn, lit_latn, kor_hang
srp_latn	Serbian	bible, oscar	56238	12058	1543424	low	slv_latn, srp_cyrl, slk_latn, sqi_latn, pol_latn, ron_latn, ces_latn, por_latn, nob_latn, dan_latn	jpn_jpan, kor_hang, npi_deva, zho_hans, tha_thai, tam_taml, ind_latn, ben_beng, vie_latn, kaz_cyrl
kam_latn	Kamba (Kenya)	nllb, flores200_devtest, flores200_dev	97483	11615	1486720	not_enough	heb_hebr, arb_arab, pes_arab, spa_latn, ita_latn, ces_latn, ron_latn, cat_latn, hye_armn, fra_latn	jpn_jpan, kor_hang, zho_hans, npi_deva, ben_beng, tam_taml, kaz_cyrl, bel_cyrl, ukr_cyrl, rus_cyrl
ton_latn	Tonga (Tonga Islands)	bible, wiki, tatoeba	36010	11549	1478272	not_enough	ind_latn, vie_latn, tha_thai, arb_arab, ita_latn, cat_latn, por_latn, eng_latn, fra_latn, spa_latn	tam_taml, kaz_cyrl, tur_latn, npi_deva, ces_latn, aze_latn, hye_armn, ben_beng, urd_arab, srp_cyrl
lfn_latn	Lingua Franca Nova	wiki	41733	11451	1465728	not_enough	spa_latn, por_latn, hun_latn, cat_latn, fin_latn, ita_latn, fra_latn, eng_latn, ron_latn, nob_latn	jpn_jpan, tha_thai, tam_taml, zho_hans, npi_deva, kor_hang, ben_beng, vie_latn, ind_latn, kaz_cyrl
cac_latn	Chuj	bible	29882	11437	1463936	not_enough	spa_latn, por_latn, cat_latn, fra_latn, eng_latn, ita_latn, ell_grek, pol_latn, nob_latn, ron_latn	tam_taml, jpn_jpan, kor_hang, npi_deva, ben_beng, kaz_cyrl, zho_hans, urd_arab, hin_deva, aze_latn
xmf_geor	Mingrelian	wiki, oscar	53687	11328	1449984	not_enough	kat_geor, hye_armn, hun_latn, fin_latn, est_latn, aze_latn, ron_latn, tur_latn, mkd_cyrl, slk_latn	tha_thai, ind_latn, jpn_jpan, vie_latn, npi_deva, zho_hans, kor_hang, tam_taml, ben_beng, pes_arab
tzo_latn	Tzotzil	bible0, bible1, bible, bible2, bible3	37534	11111	1422208	not_enough	spa_latn, por_latn, cat_latn, ita_latn, eng_latn, fra_latn, ell_grek, nob_latn, pol_latn, ron_latn	tam_taml, jpn_jpan, kor_hang, npi_deva, ben_beng, kaz_cyrl, tha_thai, zho_hans, urd_arab, hin_deva
frr_latn	Northern Frisian	wiki, tatoeba	51820	11002	1408256	not_enough	nld_latn, eng_latn, deu_latn, swe_latn, nob_latn, dan_latn, cat_latn, ita_latn, por_latn, spa_latn	jpn_jpan, npi_deva, tam_taml, kor_hang, kaz_cyrl, ben_beng, tha_thai, zho_hans, vie_latn, ind_latn
krc_cyrl	Karachay-Balkar	webcorpora, wiki, tatoeba, oscar	64208	10974	1404672	not_enough	kaz_cyrl, aze_latn, tur_latn, hye_armn, kat_geor, rus_cyrl, srp_cyrl, hun_latn, mkd_cyrl, ukr_cyrl	ind_latn, vie_latn, tha_thai, zho_hans, npi_deva, swe_latn, por_latn, ell_grek, sqi_latn, spa_latn
cos_latn	Corsican	wiki, tatoeba	44866	10873	1391744	not_enough	ita_latn, por_latn, ron_latn, cat_latn, spa_latn, sqi_latn, fra_latn, slk_latn, nob_latn, slv_latn	jpn_jpan, kor_hang, tam_taml, zho_hans, npi_deva, ben_beng, kaz_cyrl, tha_thai, vie_latn, ind_latn
new_deva	Newari	bible, wiki, oscar	57111	10847	1388416	not_enough	npi_deva, hin_deva, tam_taml, ben_beng, aze_latn, kaz_cyrl, jpn_jpan, urd_arab, kor_hang, tur_latn	spa_latn, cat_latn, fra_latn, por_latn, ita_latn, vie_latn, tha_thai, arb_arab, ind_latn, swe_latn
pon_latn	Pohnpeian	bible0, bible, bible1, bible2	52350	10799	1382272	not_enough	ind_latn, vie_latn, tha_thai, eng_latn, zho_hans, nob_latn, swe_latn, fin_latn, hun_latn, ita_latn	tam_taml, kaz_cyrl, npi_deva, tur_latn, bel_cyrl, ces_latn, urd_arab, aze_latn, lit_latn, jpn_jpan
mad_latn	Madurese	nusax, nusa, wortschatz, wiki, tatoeba	31908	10707	1370496	not_enough	ind_latn, vie_latn, tha_thai, eng_latn, zho_hans, ita_latn, rus_cyrl, ron_latn, sqi_latn, heb_hebr	kaz_cyrl, npi_deva, tam_taml, tur_latn, jpn_jpan, ces_latn, aze_latn, lit_latn, lav_latn, hye_armn
hlt_latn	Matu Chin	bible0, bible1, bible	48660	10632	1360896	not_enough	ben_beng, kor_hang, vie_latn, hin_deva, tha_thai, jpn_jpan, urd_arab, aze_latn, ind_latn, tam_taml	spa_latn, bel_cyrl, por_latn, bul_cyrl, ell_grek, ces_latn, mkd_cyrl, ukr_cyrl, ita_latn, cat_latn
cuk_latn	San Blas Kuna	bible0, bible	38060	10631	1360768	not_enough	tur_latn, aze_latn, spa_latn, hun_latn, por_latn, fra_latn, fin_latn, lit_latn, cat_latn, ces_latn	zho_hans, tha_thai, vie_latn, ind_latn, npi_deva, kor_hang, rus_cyrl, jpn_jpan, ben_beng, ukr_cyrl
gub_latn	Guajajára	bible	30134	10542	1349376	not_enough	spa_latn, cat_latn, lit_latn, hun_latn, ita_latn, tur_latn, ces_latn, por_latn, hye_armn, eng_latn	zho_hans, npi_deva, kor_hang, tha_thai, jpn_jpan, ben_beng, vie_latn, tam_taml, rus_cyrl, ind_latn
bew_latn	Betawi	nusa	18603	10476	1340928	not_enough	ind_latn, vie_latn, tha_thai, eng_latn, sqi_latn, heb_hebr, ita_latn, fra_latn, zho_hans, ron_latn	kaz_cyrl, npi_deva, tam_taml, jpn_jpan, tur_latn, ces_latn, aze_latn, hye_armn, kor_hang, ben_beng
mps_latn	Dadibi	bible	30480	10271	1314688	not_enough	kor_hang, jpn_jpan, ind_latn, hin_deva, tam_taml, ben_beng, kaz_cyrl, urd_arab, tha_thai, kat_geor	bul_cyrl, bel_cyrl, mkd_cyrl, ell_grek, por_latn, ukr_cyrl, spa_latn, cat_latn, slk_latn, pol_latn
kal_latn	Kalaallisut	wortschatz, wiki, tatoeba	59601	10266	1314048	not_enough	fin_latn, tur_latn, aze_latn, lit_latn, est_latn, ces_latn, nob_latn, hun_latn, dan_latn, hye_armn	vie_latn, tha_thai, ind_latn, zho_hans, npi_deva, jpn_jpan, kor_hang, arb_arab, rus_cyrl, ben_beng
rue_cyrl	Rusyn	wortschatz, wiki, tatoeba	37766	9962	1275136	not_enough	ukr_cyrl, bel_cyrl, mkd_cyrl, srp_cyrl, rus_cyrl, bul_cyrl, pol_latn, slk_latn, slv_latn, sqi_latn	jpn_jpan, kor_hang, tam_taml, tha_thai, vie_latn, zho_hans, ind_latn, ben_beng, npi_deva, kaz_cyrl
tbz_latn	Ditammari	bible	30500	9735	1246080	not_enough	por_latn, cat_latn, ita_latn, eng_latn, spa_latn, fra_latn, slv_latn, srp_cyrl, heb_hebr, ron_latn	jpn_jpan, tam_taml, kor_hang, npi_deva, ben_beng, kaz_cyrl, tur_latn, aze_latn, pes_arab, zho_hans
grc_grek	Ancient Greek (to 1453)	bible1, bible6, bible7, bible0, bible, bible3, bible4, bible5, bible2, tatoeba	48361	9721	1244288	not_enough	ell_grek, bel_cyrl, ukr_cyrl, mkd_cyrl, srp_cyrl, pol_latn, slv_latn, ron_latn, slk_latn, sqi_latn	jpn_jpan, ind_latn, tha_thai, vie_latn, tam_taml, kor_hang, kaz_cyrl, ben_beng, zho_hans, tur_latn
hui_latn	Huli	bible	33679	9374	1199872	not_enough	aze_latn, tam_taml, ind_latn, tur_latn, ben_beng, jpn_jpan, kaz_cyrl, hin_deva, kor_hang, pes_arab	ukr_cyrl, bul_cyrl, bel_cyrl, mkd_cyrl, ell_grek, eng_latn, por_latn, swe_latn, pol_latn, dan_latn
san_latn	Sanskrit	bible, bible0, bible1, bible2, bible4, bible3	43972	9110	1166080	not_enough	npi_deva, hin_deva, urd_arab, ben_beng, tam_taml, aze_latn, kaz_cyrl, slv_latn, slk_latn, pes_arab	tha_thai, vie_latn, jpn_jpan, ind_latn, eng_latn, heb_hebr, cat_latn, swe_latn, zho_hans, ukr_cyrl
kbq_latn	Kamano	bible	31143	9108	1165824	not_enough	tam_taml, jpn_jpan, ben_beng, kor_hang, kaz_cyrl, hin_deva, aze_latn, tur_latn, urd_arab, npi_deva	bul_cyrl, ukr_cyrl, bel_cyrl, mkd_cyrl, eng_latn, por_latn, ell_grek, swe_latn, pol_latn, cat_latn
iqw_latn	Ikwo	bible	30810	9010	1153280	not_enough	spa_latn, por_latn, cat_latn, ita_latn, fra_latn, heb_hebr, slv_latn, ron_latn, srp_cyrl, sqi_latn	jpn_jpan, kor_hang, zho_hans, tam_taml, kaz_cyrl, ben_beng, npi_deva, tur_latn, hin_deva, aze_latn
hwc_latn	Hawai'i Creole English	bible	30836	8850	1132800	not_enough	eng_latn, swe_latn, nob_latn, ind_latn, nld_latn, zho_hans, por_latn, fin_latn, ita_latn, vie_latn	tam_taml, tur_latn, aze_latn, kaz_cyrl, npi_deva, arb_arab, pes_arab, heb_hebr, ben_beng, hye_armn
yap_latn	Yapese	bible	30195	8842	1131776	not_enough	ind_latn, vie_latn, tha_thai, arb_arab, ita_latn, zho_hans, ron_latn, cat_latn, rus_cyrl, spa_latn	tam_taml, kaz_cyrl, npi_deva, tur_latn, jpn_jpan, ces_latn, ben_beng, srp_cyrl, bel_cyrl, ukr_cyrl
izz_latn	Izii	bible	30233	8803	1126784	not_enough	spa_latn, cat_latn, por_latn, ita_latn, fra_latn, ron_latn, slv_latn, heb_hebr, srp_cyrl, sqi_latn	jpn_jpan, kor_hang, tam_taml, zho_hans, kaz_cyrl, ben_beng, npi_deva, tur_latn, aze_latn, hin_deva
dyi_latn	Djimini Senoufo	bible	30200	8747	1119616	not_enough	por_latn, cat_latn, ita_latn, slv_latn, sqi_latn, ron_latn, eng_latn, urd_arab, fra_latn, spa_latn	jpn_jpan, tam_taml, kor_hang, zho_hans, npi_deva, lav_latn, vie_latn, rus_cyrl, ces_latn, kaz_cyrl
cmn_hant	Mandarin Chinese	bible, bible0	60605	8741	1118848	not_enough	zho_hans, jpn_jpan, kor_hang, rus_cyrl, ben_beng, hin_deva, urd_arab, vie_latn, ukr_cyrl, ind_latn	pes_arab, arb_arab, ces_latn, spa_latn, fra_latn, tur_latn, cat_latn, heb_hebr, lav_latn, ita_latn
gun_latn	Mbyá Guaraní	bible	30566	8702	1113856	not_enough	spa_latn, por_latn, hun_latn, cat_latn, fin_latn, tur_latn, eng_latn, lit_latn, ita_latn, fra_latn	kor_hang, zho_hans, jpn_jpan, npi_deva, tha_thai, ben_beng, rus_cyrl, tam_taml, bel_cyrl, vie_latn
mni_beng	Manipuri	nllb, flores200_dev, flores200_devtest	60206	8613	1102464	not_enough	ben_beng, jpn_jpan, kor_hang, tam_taml, kaz_cyrl, aze_latn, tur_latn, zho_hans, hin_deva, tha_thai	spa_latn, slv_latn, bel_cyrl, srp_cyrl, por_latn, cat_latn, fra_latn, slk_latn, bul_cyrl, pol_latn
ifb_latn	Batad Ifugao	bible	30858	8556	1095168	not_enough	ind_latn, vie_latn, tha_thai, arb_arab, ita_latn, pol_latn, hin_deva, fin_latn, cat_latn, rus_cyrl	jpn_jpan, tam_taml, kaz_cyrl, npi_deva, kor_hang, tur_latn, dan_latn, kat_geor, ces_latn, deu_latn
beo_latn	Beami	bible	29299	8331	1066368	not_enough	tam_taml, ben_beng, jpn_jpan, ind_latn, aze_latn, hin_deva, kor_hang, tur_latn, kaz_cyrl, urd_arab	ukr_cyrl, bel_cyrl, ell_grek, bul_cyrl, swe_latn, pol_latn, mkd_cyrl, dan_latn, eng_latn, sqi_latn
pdc_latn	Pennsylvania German	bible, wiki, tatoeba	38489	8331	1066368	not_enough	eng_latn, deu_latn, nld_latn, nob_latn, swe_latn, dan_latn, fra_latn, cat_latn, por_latn, spa_latn	tam_taml, npi_deva, jpn_jpan, tha_thai, kaz_cyrl, ben_beng, zho_hans, kor_hang, vie_latn, urd_arab
ady_cyrl	Adyghe	webcorpora, wiki, tatoeba	50430	8146	1042688	not_enough	kaz_cyrl, aze_latn, tur_latn, hye_armn, srp_cyrl, rus_cyrl, kat_geor, mkd_cyrl, bel_cyrl, ukr_cyrl	tha_thai, vie_latn, ind_latn, zho_hans, jpn_jpan, kor_hang, eng_latn, swe_latn, nld_latn, cat_latn
bru_latn	Eastern Bru	bible	30004	8142	1042176	not_enough	vie_latn, ind_latn, tha_thai, zho_hans, rus_cyrl, eng_latn, ron_latn, heb_hebr, sqi_latn, ita_latn	kaz_cyrl, tam_taml, tur_latn, jpn_jpan, npi_deva, ces_latn, lav_latn, lit_latn, hye_armn, aze_latn
roa_tara	Romance	wiki	32638	8015	1025920	not_enough	ita_latn, eng_latn, cat_latn, spa_latn, por_latn, fra_latn, ind_latn, ron_latn, nld_latn, dan_latn	npi_deva, zho_hans, bel_cyrl, jpn_jpan, rus_cyrl, kaz_cyrl, srp_cyrl, ukr_cyrl, heb_hebr, tam_taml
hre_latn	Hre	bible	31092	8005	1024640	not_enough	vie_latn, ind_latn, tha_thai, zho_hans, rus_cyrl, heb_hebr, eng_latn, ron_latn, swe_latn, sqi_latn	kaz_cyrl, tam_taml, tur_latn, npi_deva, ces_latn, jpn_jpan, lav_latn, lit_latn, aze_latn, hye_armn
kas_arab	Kashmiri	nllb, flores200_dev, flores200_devtest, wiki	47416	7989	1022592	not_enough	urd_arab, pes_arab, lav_latn, aze_latn, lit_latn, tur_latn, ces_latn, hin_deva, ukr_cyrl, tam_taml	tha_thai, vie_latn, ind_latn, jpn_jpan, cat_latn, zho_hans, spa_latn, kor_hang, ita_latn, por_latn
hmo_latn	Hiri Motu	bible, wiki	30317	7941	1016448	not_enough	ind_latn, vie_latn, tha_thai, hin_deva, ben_beng, aze_latn, kat_geor, hye_armn, hun_latn, urd_arab	ukr_cyrl, bel_cyrl, bul_cyrl, swe_latn, ces_latn, pol_latn, dan_latn, mkd_cyrl, eng_latn, cat_latn
kpg_latn	Kapingamarangi	bible	30016	7937	1015936	not_enough	vie_latn, ind_latn, tha_thai, eng_latn, ita_latn, cat_latn, zho_hans, ron_latn, nob_latn, swe_latn	tam_taml, kaz_cyrl, tur_latn, npi_deva, aze_latn, ces_latn, urd_arab, lit_latn, jpn_jpan, srp_cyrl
gri_latn	Ghari	bible	29554	7920	1013760	not_enough	ind_latn, vie_latn, tha_thai, ita_latn, zho_hans, eng_latn, cat_latn, ron_latn, nob_latn, por_latn	kaz_cyrl, tam_taml, npi_deva, tur_latn, ces_latn, ben_beng, bel_cyrl, aze_latn, urd_arab, jpn_jpan
msy_latn	Aruamu	bible, bible0	29225	7874	1007872	not_enough	ind_latn, aze_latn, ben_beng, hin_deva, tam_taml, jpn_jpan, kor_hang, tur_latn, kaz_cyrl, pes_arab	eng_latn, swe_latn, bul_cyrl, ukr_cyrl, cat_latn, por_latn, bel_cyrl, ita_latn, spa_latn, dan_latn
lcp_thai	Western Lawa	bible	27715	7824	1001472	not_enough	tha_thai, vie_latn, ind_latn, zho_hans, rus_cyrl, heb_hebr, sqi_latn, ron_latn, arb_arab, ukr_cyrl	tur_latn, tam_taml, kaz_cyrl, ces_latn, lav_latn, jpn_jpan, lit_latn, aze_latn, npi_deva, ben_beng
suz_deva	Sunwar	bible	27951	7767	994176	not_enough	npi_deva, hin_deva, tam_taml, ben_beng, kaz_cyrl, aze_latn, jpn_jpan, kor_hang, tur_latn, urd_arab	fra_latn, tha_thai, vie_latn, spa_latn, por_latn, ind_latn, cat_latn, ita_latn, eng_latn, swe_latn
ify_latn	Keley-I Kallahan	bible	29360	7745	991360	not_enough	ind_latn, vie_latn, tha_thai, arb_arab, fin_latn, hun_latn, ita_latn, rus_cyrl, pol_latn, est_latn	tam_taml, jpn_jpan, kaz_cyrl, npi_deva, kor_hang, lav_latn, ces_latn, kat_geor, tur_latn, ukr_cyrl
ifa_latn	Amganad Ifugao	bible	30148	7743	991104	not_enough	ind_latn, vie_latn, tha_thai, arb_arab, fin_latn, hun_latn, ita_latn, rus_cyrl, pol_latn, est_latn	tam_taml, jpn_jpan, kaz_cyrl, npi_deva, kor_hang, lav_latn, ces_latn, kat_geor, tur_latn, dan_latn
ksd_latn	Kuanua	bible	30500	7733	989824	not_enough	ind_latn, vie_latn, tha_thai, ita_latn, cat_latn, fra_latn, zho_hans, eng_latn, por_latn, rus_cyrl	kaz_cyrl, tam_taml, tur_latn, npi_deva, ces_latn, jpn_jpan, aze_latn, hye_armn, ben_beng, kor_hang
rug_latn	Roviana	bible	29834	7656	979968	not_enough	ind_latn, vie_latn, tha_thai, arb_arab, ita_latn, cat_latn, eng_latn, ron_latn, spa_latn, swe_latn	kaz_cyrl, tam_taml, tur_latn, npi_deva, ces_latn, ben_beng, aze_latn, jpn_jpan, bel_cyrl, srp_cyrl
rop_latn	Kriol	bible	28935	7554	966912	not_enough	ind_latn, vie_latn, tha_thai, hye_armn, hin_deva, ben_beng, kat_geor, hun_latn, heb_hebr, fin_latn	bel_cyrl, ukr_cyrl, tam_taml, ces_latn, tur_latn, npi_deva, lit_latn, pol_latn, lav_latn, bul_cyrl
awa_deva	Awadhi	nllb, flores200_devtest, flores200_dev	58175	7549	966272	not_enough	npi_deva, hin_deva, urd_arab, ben_beng, tam_taml, kaz_cyrl, kat_geor, aze_latn, kor_hang, rus_cyrl	tha_thai, vie_latn, ind_latn, lav_latn, eng_latn, cat_latn, nld_latn, jpn_jpan, fra_latn, dan_latn
agu_latn	Aguacateco	bible	20033	7546	965888	not_enough	spa_latn, por_latn, cat_latn, ita_latn, fra_latn, ell_grek, eng_latn, ron_latn, pol_latn, sqi_latn	tam_taml, jpn_jpan, kor_hang, npi_deva, ben_beng, kaz_cyrl, zho_hans, urd_arab, hin_deva, aze_latn
bba_latn	Baatonum	bible	30308	7490	958720	not_enough	por_latn, ita_latn, cat_latn, eng_latn, fra_latn, slv_latn, spa_latn, srp_cyrl, ron_latn, est_latn	jpn_jpan, kor_hang, tam_taml, npi_deva, ben_beng, kaz_cyrl, pes_arab, tur_latn, aze_latn, zho_hans
mzn_arab	Mazanderani	wortschatz, wiki, oscar	36970	7472	956416	not_enough	pes_arab, urd_arab, aze_latn, tur_latn, arb_arab, ces_latn, hye_armn, kat_geor, lit_latn, hin_deva	vie_latn, tha_thai, ind_latn, zho_hans, jpn_jpan, kor_hang, eng_latn, fin_latn, fra_latn, heb_hebr
tdx_latn	Tandroy-Mahafaly Malagasy	bible	30922	7438	952064	not_enough	ind_latn, vie_latn, tha_thai, heb_hebr, arb_arab, ita_latn, cat_latn, sqi_latn, hun_latn, eng_latn	jpn_jpan, kor_hang, npi_deva, kaz_cyrl, tam_taml, zho_hans, ben_beng, ces_latn, urd_arab, tur_latn
quc_latn	K'iche'	bible1, bible, bible0, tatoeba	23755	7429	950912	not_enough	por_latn, spa_latn, cat_latn, fra_latn, ita_latn, eng_latn, ell_grek, nld_latn, nob_latn, sqi_latn	tam_taml, jpn_jpan, kor_hang, npi_deva, ben_beng, kaz_cyrl, zho_hans, urd_arab, hin_deva, aze_latn
urd_latn	Urdu	bible	29430	7390	945920	not_enough	urd_arab, hin_deva, ben_beng, npi_deva, kat_geor, aze_latn, tam_taml, est_latn, kaz_cyrl, pes_arab	tha_thai, vie_latn, jpn_jpan, ind_latn, zho_hans, deu_latn, dan_latn, eng_latn, ces_latn, kor_hang
tcz_latn	Thado Chin	bible	31235	7271	930688	not_enough	ben_beng, kor_hang, hin_deva, vie_latn, jpn_jpan, urd_arab, tha_thai, tam_taml, aze_latn, zho_hans	spa_latn, bel_cyrl, bul_cyrl, ces_latn, por_latn, ell_grek, mkd_cyrl, ukr_cyrl, ita_latn, cat_latn
cek_latn	Eastern Khumi Chin	bible	30971	7242	926976	not_enough	ben_beng, aze_latn, ind_latn, tur_latn, tha_thai, kor_hang, hin_deva, vie_latn, kat_geor, npi_deva	bul_cyrl, bel_cyrl, mkd_cyrl, lav_latn, ukr_cyrl, ell_grek, ces_latn, spa_latn, srp_cyrl, por_latn
kpv_cyrl	Komi-Zyrian	webcorpora, tatoeba	45840	7170	917760	not_enough	rus_cyrl, mkd_cyrl, ukr_cyrl, fin_latn, bul_cyrl, srp_cyrl, bel_cyrl, est_latn, hun_latn, slk_latn	jpn_jpan, tha_thai, ind_latn, tam_taml, npi_deva, vie_latn, kor_hang, ben_beng, pes_arab, zho_hans
nch_latn	Central Huasteca Nahuatl	bible, tatoeba	30821	7160	916480	not_enough	spa_latn, por_latn, cat_latn, ita_latn, fra_latn, fin_latn, eng_latn, ell_grek, slk_latn, hun_latn	tam_taml, jpn_jpan, npi_deva, ben_beng, kor_hang, tha_thai, kaz_cyrl, zho_hans, urd_arab, vie_latn
nhw_latn	Western Huasteca Nahuatl	bible	30766	7134	913152	not_enough	spa_latn, por_latn, cat_latn, ita_latn, fra_latn, ell_grek, eng_latn, ron_latn, sqi_latn, fin_latn	tam_taml, jpn_jpan, ben_beng, kor_hang, npi_deva, kaz_cyrl, zho_hans, hin_deva, urd_arab, tha_thai
nhe_latn	Eastern Huasteca Nahuatl	bible0, bible	30723	7049	902272	not_enough	spa_latn, por_latn, fra_latn, cat_latn, fin_latn, ita_latn, nob_latn, eng_latn, sqi_latn, ron_latn	tam_taml, jpn_jpan, npi_deva, ben_beng, kor_hang, kaz_cyrl, tha_thai, zho_hans, urd_arab, vie_latn
ifk_latn	Tuwali Ifugao	bible	29372	7043	901504	not_enough	ind_latn, vie_latn, tha_thai, arb_arab, ita_latn, fin_latn, pol_latn, rus_cyrl, hun_latn, cat_latn	tam_taml, jpn_jpan, kaz_cyrl, npi_deva, kor_hang, ces_latn, tur_latn, dan_latn, lav_latn, ben_beng
pcd_latn	Picard	wiki, tatoeba	40284	6994	895232	not_enough	cat_latn, por_latn, ita_latn, spa_latn, fra_latn, ron_latn, eng_latn, swe_latn, nob_latn, nld_latn	jpn_jpan, tam_taml, kor_hang, npi_deva, kaz_cyrl, ben_beng, zho_hans, tha_thai, vie_latn, ind_latn
flr_latn	Fuliiru	bible	30145	6975	892800	not_enough	heb_hebr, arb_arab, pes_arab, spa_latn, ita_latn, por_latn, fra_latn, sqi_latn, lit_latn, cat_latn	kor_hang, jpn_jpan, zho_hans, npi_deva, tam_taml, ben_beng, kaz_cyrl, bel_cyrl, ukr_cyrl, rus_cyrl
nap_latn	Neapolitan	wiki	32300	6975	892800	not_enough	ita_latn, cat_latn, por_latn, spa_latn, ron_latn, sqi_latn, fra_latn, eng_latn, slk_latn, ell_grek	jpn_jpan, kor_hang, tam_taml, npi_deva, zho_hans, ben_beng, kaz_cyrl, tha_thai, vie_latn, ind_latn
chk_latn	Chuukese	bible	30283	6933	887424	not_enough	vie_latn, ind_latn, tha_thai, zho_hans, ita_latn, eng_latn, swe_latn, nob_latn, ron_latn, cat_latn	tam_taml, kaz_cyrl, npi_deva, tur_latn, jpn_jpan, ces_latn, bel_cyrl, ben_beng, aze_latn, lit_latn
yal_latn	Yalunka	bible	30573	6911	884608	not_enough	nld_latn, eng_latn, por_latn, hun_latn, deu_latn, ita_latn, cat_latn, spa_latn, fra_latn, slv_latn	jpn_jpan, kor_hang, zho_hans, tam_taml, npi_deva, kaz_cyrl, ben_beng, tha_thai, rus_cyrl, vie_latn
kos_latn	Kosraean	bible	30800	6897	882816	not_enough	ind_latn, vie_latn, tha_thai, zho_hans, fra_latn, rus_cyrl, fin_latn, eng_latn, heb_hebr, hun_latn	tam_taml, kaz_cyrl, tur_latn, npi_deva, ces_latn, aze_latn, hye_armn, jpn_jpan, kat_geor, lit_latn
cth_latn	Thaiphum Chin	bible	31129	6871	879488	not_enough	ben_beng, aze_latn, ind_latn, tha_thai, tur_latn, kor_hang, hin_deva, kat_geor, vie_latn, pes_arab	bul_cyrl, bel_cyrl, mkd_cyrl, lav_latn, ell_grek, ukr_cyrl, ces_latn, spa_latn, por_latn, srp_cyrl
bim_latn	Bimoba	bible	30247	6857	877696	not_enough	eng_latn, cat_latn, spa_latn, por_latn, ita_latn, fra_latn, nld_latn, ron_latn, slv_latn, nob_latn	jpn_jpan, kor_hang, tam_taml, npi_deva, kaz_cyrl, zho_hans, ben_beng, pes_arab, aze_latn, tur_latn
sco_latn	Scots	wiki, tatoeba	61675	6841	875648	not_enough	eng_latn, nld_latn, dan_latn, swe_latn, nob_latn, deu_latn, ita_latn, cat_latn, por_latn, spa_latn	npi_deva, jpn_jpan, tam_taml, kaz_cyrl, ben_beng, tha_thai, kor_hang, zho_hans, pes_arab, vie_latn
jbo_latn	Lojban	wiki, tatoeba, oscar	33772	6818	872704	not_enough	fin_latn, hun_latn, por_latn, est_latn, fra_latn, nob_latn, deu_latn, spa_latn, nld_latn, dan_latn	tha_thai, zho_hans, tam_taml, npi_deva, jpn_jpan, kor_hang, vie_latn, arb_arab, ind_latn, ben_beng
acr_latn	Achi	bible0, bible, bible1	23146	6807	871296	not_enough	por_latn, spa_latn, eng_latn, cat_latn, fra_latn, ita_latn, sqi_latn, pol_latn, swe_latn, nld_latn	tam_taml, jpn_jpan, kor_hang, ben_beng, npi_deva, kaz_cyrl, tha_thai, zho_hans, tur_latn, urd_arab
gfk_latn	Patpatar	bible, bible1, bible0	24722	6786	868608	not_enough	ind_latn, vie_latn, tha_thai, zho_hans, ita_latn, eng_latn, ron_latn, swe_latn, cat_latn, nob_latn	tam_taml, kaz_cyrl, tur_latn, npi_deva, ces_latn, jpn_jpan, aze_latn, bel_cyrl, lit_latn, ben_beng
apy_latn	Apalaí	bible	30491	6722	860416	not_enough	spa_latn, tur_latn, cat_latn, hun_latn, por_latn, ita_latn, aze_latn, lit_latn, pes_arab, nld_latn	zho_hans, kor_hang, tha_thai, jpn_jpan, vie_latn, npi_deva, ind_latn, rus_cyrl, ben_beng, ukr_cyrl
sus_latn	Susu	wortschatz, bible	30601	6645	850560	not_enough	fra_latn, por_latn, nld_latn, eng_latn, cat_latn, ita_latn, spa_latn, deu_latn, hun_latn, slv_latn	jpn_jpan, kor_hang, tam_taml, zho_hans, tha_thai, vie_latn, ind_latn, npi_deva, rus_cyrl, kaz_cyrl
meu_latn	Motu	bible	30562	6623	847744	not_enough	ind_latn, vie_latn, tha_thai, hin_deva, ben_beng, urd_arab, kor_hang, zho_hans, jpn_jpan, hun_latn	ces_latn, ukr_cyrl, bel_cyrl, lav_latn, pol_latn, lit_latn, mkd_cyrl, bul_cyrl, dan_latn, ell_grek
bqc_latn	Boko (Benin)	bible	30497	6606	845568	not_enough	fra_latn, nld_latn, cat_latn, por_latn, hun_latn, eng_latn, urd_arab, deu_latn, ita_latn, spa_latn	jpn_jpan, kor_hang, tam_taml, npi_deva, zho_hans, lav_latn, ces_latn, rus_cyrl, bel_cyrl, lit_latn
mak_latn	Makasar	nusa	15236	6542	837376	not_enough	ind_latn, vie_latn, tha_thai, eng_latn, ita_latn, rus_cyrl, heb_hebr, zho_hans, ron_latn, por_latn	kaz_cyrl, tam_taml, npi_deva, tur_latn, jpn_jpan, ces_latn, aze_latn, lit_latn, lav_latn, hye_armn
aym_latn	Aymara	americasnli_dev, americasnlp2021_mt, americasnlp2023_mt, americasnli_test, wortschatz, wiki	42031	6473	828544	not_enough	spa_latn, hun_latn, tur_latn, por_latn, fin_latn, nld_latn, cat_latn, slv_latn, eng_latn, hye_armn	tha_thai, vie_latn, zho_hans, ind_latn, npi_deva, tam_taml, kor_hang, ben_beng, rus_cyrl, jpn_jpan
tuc_latn	Mutu	bible, bible0	23951	6453	825984	not_enough	vie_latn, ind_latn, tha_thai, ben_beng, zho_hans, hun_latn, fin_latn, heb_hebr, pes_arab, eng_latn	tam_taml, bel_cyrl, ukr_cyrl, npi_deva, ces_latn, kaz_cyrl, srp_cyrl, slv_latn, pol_latn, mkd_cyrl
ile_latn	Interlingue	wiki, tatoeba	36251	6433	823424	not_enough	ron_latn, deu_latn, por_latn, nob_latn, ita_latn, cat_latn, spa_latn, dan_latn, nld_latn, eng_latn	jpn_jpan, tha_thai, zho_hans, kor_hang, npi_deva, tam_taml, vie_latn, kaz_cyrl, ind_latn, ben_beng
ron_cyrl	Romanian	bible	29610	6430	823040	not_enough	mkd_cyrl, srp_cyrl, bel_cyrl, bul_cyrl, ukr_cyrl, rus_cyrl, ron_latn, hye_armn, sqi_latn, por_latn	jpn_jpan, ind_latn, tam_taml, vie_latn, tha_thai, kor_hang, ben_beng, zho_hans, pes_arab, urd_arab
xal_cyrl	Kalmyk	webcorpora, wiki, tatoeba, oscar	37976	6400	819200	not_enough	kaz_cyrl, aze_latn, hye_armn, rus_cyrl, tur_latn, mkd_cyrl, ukr_cyrl, hun_latn, bel_cyrl, bul_cyrl	tha_thai, ind_latn, vie_latn, zho_hans, jpn_jpan, heb_hebr, lav_latn, spa_latn, fra_latn, ell_grek
kom_cyrl	Komi	wiki, oscar	35438	6387	817536	not_enough	fin_latn, est_latn, rus_cyrl, mkd_cyrl, bel_cyrl, hun_latn, ukr_cyrl, bul_cyrl, srp_cyrl, nob_latn	tha_thai, jpn_jpan, ind_latn, vie_latn, tam_taml, npi_deva, zho_hans, kor_hang, pes_arab, ben_beng
sme_latn	Northern Sami	wortschatz, wiki, tatoeba	34500	6371	815488	not_enough	fin_latn, est_latn, nob_latn, slk_latn, dan_latn, slv_latn, hun_latn, swe_latn, ron_latn, por_latn	jpn_jpan, tam_taml, tha_thai, npi_deva, vie_latn, ind_latn, kor_hang, zho_hans, ben_beng, kaz_cyrl
rmc_latn	Carpathian Romani	bible	30569	6349	812672	not_enough	hin_deva, slv_latn, slk_latn, est_latn, urd_arab, sqi_latn, kat_geor, pol_latn, spa_latn, fin_latn	tha_thai, vie_latn, jpn_jpan, ind_latn, zho_hans, kor_hang, tam_taml, kaz_cyrl, ben_beng, arb_arab
pam_latn	Pampanga	wortschatz, wiki, tatoeba, oscar	36762	6176	790528	not_enough	ind_latn, vie_latn, tha_thai, arb_arab, ita_latn, eng_latn, fra_latn, cat_latn, rus_cyrl, zho_hans	tam_taml, npi_deva, kaz_cyrl, jpn_jpan, tur_latn, ces_latn, srp_cyrl, ben_beng, dan_latn, kat_geor
alt_cyrl	Southern Altai	webcorpora	51103	6146	786688	not_enough	kaz_cyrl, aze_latn, rus_cyrl, tur_latn, mkd_cyrl, hye_armn, bel_cyrl, ukr_cyrl, srp_cyrl, bul_cyrl	ind_latn, tha_thai, vie_latn, cat_latn, eng_latn, fra_latn, spa_latn, ita_latn, por_latn, swe_latn
btk_latn	Batak	nusa	15083	6131	784768	not_enough	ind_latn, eng_latn, nld_latn, dan_latn, nob_latn, vie_latn, swe_latn, por_latn, spa_latn, fra_latn	npi_deva, zho_hans, bel_cyrl, kaz_cyrl, ukr_cyrl, rus_cyrl, srp_cyrl, heb_hebr, jpn_jpan, mkd_cyrl
dig_latn	Digo	bible	30415	6126	784128	not_enough	pes_arab, arb_arab, heb_hebr, spa_latn, ita_latn, lit_latn, cat_latn, hye_armn, ind_latn, lav_latn	kor_hang, jpn_jpan, zho_hans, npi_deva, ukr_cyrl, tam_taml, swe_latn, kaz_cyrl, rus_cyrl, ben_beng
kij_latn	Kilivila	bible	29975	6022	770816	not_enough	ind_latn, vie_latn, tha_thai, fin_latn, hin_deva, zho_hans, ita_latn, est_latn, ron_latn, cat_latn	kaz_cyrl, tam_taml, tur_latn, jpn_jpan, npi_deva, ukr_cyrl, lav_latn, ces_latn, bel_cyrl, deu_latn
ubu_latn	Umbu-Ungu	bible, bible1, bible0	18902	5943	760704	not_enough	jpn_jpan, tam_taml, kor_hang, ben_beng, ind_latn, hin_deva, kaz_cyrl, aze_latn, urd_arab, npi_deva	ukr_cyrl, bel_cyrl, mkd_cyrl, bul_cyrl, ell_grek, pol_latn, slk_latn, eng_latn, dan_latn, swe_latn
mam_latn	Mam	bible, bible0	15690	5939	760192	not_enough	spa_latn, por_latn, cat_latn, ita_latn, fra_latn, ell_grek, eng_latn, pol_latn, ron_latn, sqi_latn	tam_taml, jpn_jpan, ben_beng, kor_hang, npi_deva, kaz_cyrl, zho_hans, hin_deva, urd_arab, aze_latn
uig_cyrl	Uighur	bible	29183	5927	758656	not_enough	kaz_cyrl, aze_latn, rus_cyrl, ukr_cyrl, hye_armn, mkd_cyrl, bel_cyrl, srp_cyrl, bul_cyrl, jpn_jpan	ind_latn, vie_latn, tha_thai, spa_latn, cat_latn, por_latn, ita_latn, eng_latn, heb_hebr, fra_latn
bqp_latn	Busa	bible	25551	5926	758528	not_enough	fra_latn, cat_latn, nld_latn, por_latn, eng_latn, kat_geor, ita_latn, deu_latn, hun_latn, spa_latn	jpn_jpan, kor_hang, zho_hans, tam_taml, npi_deva, kaz_cyrl, bel_cyrl, rus_cyrl, ind_latn, tha_thai
mrj_cyrl	Western Mari	wiki, oscar	36427	5874	751872	not_enough	fin_latn, est_latn, mkd_cyrl, rus_cyrl, hun_latn, bel_cyrl, ukr_cyrl, bul_cyrl, srp_cyrl, slk_latn	tha_thai, jpn_jpan, vie_latn, ind_latn, tam_taml, npi_deva, zho_hans, kor_hang, pes_arab, ben_beng
sgs_latn	Samogitian	wiki, tatoeba	31179	5861	750208	not_enough	est_latn, lit_latn, dan_latn, nob_latn, slk_latn, fin_latn, pol_latn, slv_latn, ukr_cyrl, sqi_latn	jpn_jpan, tha_thai, kor_hang, tam_taml, npi_deva, vie_latn, zho_hans, ind_latn, ben_beng, kaz_cyrl
nav_latn	Navajo	wortschatz, wiki, tatoeba	24561	5709	730752	not_enough	hin_deva, urd_arab, fin_latn, spa_latn, por_latn, hun_latn, fra_latn, est_latn, cat_latn, nld_latn	tha_thai, ind_latn, arb_arab, vie_latn, tam_taml, heb_hebr, zho_hans, jpn_jpan, rus_cyrl, lav_latn
mdy_ethi	Male (Ethiopia)	bible	30256	5649	723072	not_enough	tam_taml, kaz_cyrl, npi_deva, aze_latn, hye_armn, hin_deva, urd_arab, ben_beng, pes_arab, kat_geor	vie_latn, ind_latn, tha_thai, zho_hans, eng_latn, jpn_jpan, swe_latn, kor_hang, fin_latn, nld_latn
ckt_cyrl	Chukot	webcorpora, tatoeba	22499	5637	721536	not_enough	kaz_cyrl, hin_deva, rus_cyrl, urd_arab, kor_hang, aze_latn, hye_armn, kat_geor, bel_cyrl, hun_latn	tha_thai, ind_latn, vie_latn, heb_hebr, arb_arab, cat_latn, ell_grek, ita_latn, por_latn, sqi_latn
nde_latn	North Ndebele	bible	30708	5602	717056	not_enough	heb_hebr, arb_arab, pes_arab, spa_latn, ind_latn, tha_thai, ces_latn, sqi_latn, lit_latn, por_latn	kor_hang, jpn_jpan, zho_hans, npi_deva, ben_beng, tam_taml, kaz_cyrl, bel_cyrl, swe_latn, rus_cyrl
mbb_latn	Western Bukidnon Manobo	bible	21586	5595	716160	not_enough	ind_latn, vie_latn, tha_thai, arb_arab, zho_hans, rus_cyrl, ita_latn, pol_latn, eng_latn, por_latn	tam_taml, kaz_cyrl, npi_deva, jpn_jpan, ces_latn, tur_latn, srp_cyrl, ben_beng, kor_hang, bel_cyrl
qub_latn	Huallaga Huánuco Quechua	bible	30311	5553	710784	not_enough	tur_latn, aze_latn, hun_latn, fin_latn, ces_latn, por_latn, slv_latn, hye_armn, spa_latn, est_latn	tha_thai, vie_latn, zho_hans, ind_latn, heb_hebr, rus_cyrl, npi_deva, arb_arab, jpn_jpan, ell_grek
knv_latn	Tabo	bible, bible0	14581	5534	708352	not_enough	aze_latn, tam_taml, jpn_jpan, ben_beng, tur_latn, ind_latn, hin_deva, kaz_cyrl, kor_hang, hye_armn	ukr_cyrl, bel_cyrl, bul_cyrl, mkd_cyrl, ell_grek, pol_latn, eng_latn, slk_latn, swe_latn, por_latn
zea_latn	Zeeuws	wiki	23721	5530	707840	not_enough	nld_latn, deu_latn, dan_latn, eng_latn, nob_latn, swe_latn, cat_latn, fra_latn, ita_latn, por_latn	tha_thai, zho_hans, jpn_jpan, vie_latn, ind_latn, npi_deva, kor_hang, tam_taml, kaz_cyrl, ben_beng
dop_latn	Lukpa	bible	23414	5514	705792	not_enough	por_latn, heb_hebr, ita_latn, cat_latn, slv_latn, ron_latn, sqi_latn, eng_latn, srp_cyrl, fra_latn	jpn_jpan, kor_hang, tam_taml, npi_deva, ben_beng, kaz_cyrl, pes_arab, tur_latn, aze_latn, lav_latn
tzj_latn	Tz'utujil	bible, bible0	15264	5506	704768	not_enough	por_latn, spa_latn, cat_latn, fra_latn, ita_latn, pol_latn, eng_latn, fin_latn, nob_latn, ell_grek	tam_taml, jpn_jpan, ben_beng, kor_hang, npi_deva, kaz_cyrl, zho_hans, urd_arab, hin_deva, aze_latn
nab_latn	Southern Nambikuára	bible	7223	5348	684544	not_enough	tur_latn, pes_arab, hun_latn, hye_armn, spa_latn, por_latn, cat_latn, aze_latn, ita_latn, nld_latn	zho_hans, tha_thai, vie_latn, kor_hang, npi_deva, jpn_jpan, ind_latn, rus_cyrl, ben_beng, ukr_cyrl
azb_latn	South Azerbaijani	bible	30235	5347	684416	not_enough	aze_latn, tur_latn, kaz_cyrl, hun_latn, hye_armn, ben_beng, lit_latn, tam_taml, hin_deva, fin_latn	tha_thai, vie_latn, ind_latn, zho_hans, heb_hebr, rus_cyrl, bel_cyrl, ukr_cyrl, cat_latn, swe_latn
tcy_knda	Tulu	wiki	25122	5333	682624	not_enough	tam_taml, hin_deva, ben_beng, urd_arab, kaz_cyrl, aze_latn, npi_deva, tur_latn, jpn_jpan, kor_hang	tha_thai, vie_latn, ind_latn, cat_latn, eng_latn, spa_latn, fra_latn, por_latn, ita_latn, swe_latn
noa_latn	Woun Meu	bible0, bible	15661	5321	681088	not_enough	tur_latn, aze_latn, hun_latn, fin_latn, spa_latn, lit_latn, ces_latn, por_latn, est_latn, kat_geor	zho_hans, tha_thai, vie_latn, ind_latn, npi_deva, jpn_jpan, kor_hang, rus_cyrl, bul_cyrl, ukr_cyrl
ctu_latn	Chol	bible1, bible0, bible	16110	5299	678272	not_enough	spa_latn, por_latn, cat_latn, ita_latn, fra_latn, eng_latn, ell_grek, pol_latn, nob_latn, hun_latn	tam_taml, jpn_jpan, ben_beng, kor_hang, npi_deva, kaz_cyrl, tha_thai, zho_hans, aze_latn, hin_deva
ext_latn	Extremaduran	wiki, tatoeba	19755	5270	674560	not_enough	spa_latn, por_latn, cat_latn, ita_latn, ron_latn, eng_latn, sqi_latn, swe_latn, fra_latn, nld_latn	jpn_jpan, kor_hang, tam_taml, ben_beng, npi_deva, kaz_cyrl, tha_thai, zho_hans, vie_latn, ind_latn
wal_latn	Wolaytta	bible	26209	5224	668672	not_enough	tam_taml, aze_latn, kaz_cyrl, tur_latn, hin_deva, urd_arab, ben_beng, npi_deva, kat_geor, hye_armn	tha_thai, vie_latn, ind_latn, zho_hans, heb_hebr, rus_cyrl, bel_cyrl, eng_latn, fra_latn, swe_latn
stq_latn	Saterfriesisch	wiki, tatoeba	21921	5166	661248	not_enough	nld_latn, deu_latn, eng_latn, swe_latn, nob_latn, dan_latn, cat_latn, ita_latn, por_latn, spa_latn	jpn_jpan, npi_deva, tam_taml, kaz_cyrl, kor_hang, tha_thai, ben_beng, zho_hans, ind_latn, vie_latn
lad_latn	Ladino	wiki, tatoeba	18732	5133	657024	not_enough	spa_latn, por_latn, ita_latn, cat_latn, ron_latn, sqi_latn, fra_latn, slk_latn, pol_latn, ell_grek	jpn_jpan, kor_hang, tam_taml, npi_deva, zho_hans, ben_beng, kaz_cyrl, tha_thai, vie_latn, ind_latn
cor_latn	Cornish	wiki, tatoeba	22074	5039	644992	not_enough	por_latn, ita_latn, cat_latn, spa_latn, sqi_latn, ron_latn, eng_latn, fra_latn, slk_latn, pol_latn	jpn_jpan, kor_hang, tam_taml, npi_deva, ben_beng, zho_hans, kaz_cyrl, tha_thai, aze_latn, tur_latn
tzm_tfng	Central Atlas Tamazight	nllb, flores200_devtest, flores200_dev	34435	5005	640640	not_enough	arb_arab, sqi_latn, pol_latn, ita_latn, cat_latn, por_latn, ell_grek, heb_hebr, spa_latn, ron_latn	jpn_jpan, kor_hang, tam_taml, zho_hans, ben_beng, npi_deva, kaz_cyrl, ind_latn, tha_thai, aze_latn
tbg_latn	North Tairora	bible, bible0	20137	4985	638080	not_enough	tam_taml, ben_beng, hin_deva, kor_hang, npi_deva, urd_arab, jpn_jpan, kaz_cyrl, ind_latn, aze_latn	bul_cyrl, ukr_cyrl, eng_latn, bel_cyrl, por_latn, ces_latn, mkd_cyrl, ell_grek, lav_latn, swe_latn
koi_cyrl	Komi-Permyak	webcorpora, wiki, tatoeba	30065	4951	633728	not_enough	rus_cyrl, aze_latn, hun_latn, fin_latn, kaz_cyrl, mkd_cyrl, bel_cyrl, ukr_cyrl, est_latn, hye_armn	tha_thai, ind_latn, vie_latn, jpn_jpan, zho_hans, lav_latn, npi_deva, tam_taml, pes_arab, heb_hebr
anw_latn	Anaang	wortschatz	28265	4909	628352	not_enough	spa_latn, cat_latn, por_latn, ita_latn, fra_latn, ron_latn, heb_hebr, ces_latn, slv_latn, eng_latn	kor_hang, jpn_jpan, zho_hans, npi_deva, tam_taml, ben_beng, kaz_cyrl, hin_deva, rus_cyrl, urd_arab
hus_latn	Huastec	bible, bible0	15267	4896	626688	not_enough	por_latn, spa_latn, cat_latn, ita_latn, fra_latn, eng_latn, nob_latn, slk_latn, swe_latn, ron_latn	tam_taml, jpn_jpan, ben_beng, kaz_cyrl, kor_hang, npi_deva, tha_thai, zho_hans, tur_latn, hin_deva
ape_latn	Bukiyip	bible, bible0	15671	4763	609664	not_enough	ind_latn, vie_latn, tha_thai, hin_deva, swe_latn, nob_latn, eng_latn, zho_hans, urd_arab, ita_latn	kaz_cyrl, tur_latn, jpn_jpan, tam_taml, hye_armn, kor_hang, pes_arab, aze_latn, bel_cyrl, ces_latn
taq_latn	Tamasheq	nllb, flores200_dev, flores200_devtest, bible	18633	4689	600192	not_enough	arb_arab, spa_latn, ita_latn, cat_latn, por_latn, fra_latn, sqi_latn, ron_latn, heb_hebr, ell_grek	jpn_jpan, kor_hang, zho_hans, tam_taml, npi_deva, ben_beng, kaz_cyrl, tha_thai, vie_latn, tur_latn
ivb_latn	Ibatan	bible	17842	4685	599680	not_enough	ind_latn, vie_latn, tha_thai, arb_arab, rus_cyrl, zho_hans, fin_latn, pol_latn, eng_latn, hun_latn	tam_taml, kaz_cyrl, npi_deva, jpn_jpan, ces_latn, tur_latn, srp_cyrl, kor_hang, mkd_cyrl, kat_geor
bzd_latn	Bribri	americasnlp2023_mt, americasnli_test, americasnlp2022_stt, americasnlp2021_mt, americasnli_dev, americasnlp2022_mt_test, bible	19795	4632	592896	not_enough	por_latn, hun_latn, cat_latn, spa_latn, nld_latn, ita_latn, fin_latn, eng_latn, deu_latn, fra_latn	zho_hans, npi_deva, tha_thai, jpn_jpan, tam_taml, vie_latn, rus_cyrl, kor_hang, ben_beng, kaz_cyrl
toc_latn	Coyutla Totonac	bible	7899	4585	586880	not_enough	spa_latn, por_latn, fra_latn, cat_latn, ita_latn, eng_latn, hun_latn, ell_grek, ron_latn, fin_latn	tam_taml, jpn_jpan, npi_deva, ben_beng, kor_hang, kaz_cyrl, hin_deva, urd_arab, zho_hans, tha_thai
aeb_arab	Tunisian Arabic	flores200_dev, flores200_devtest, bible	9694	4585	586880	not_enough	arb_arab, heb_hebr, pes_arab, ita_latn, sqi_latn, cat_latn, por_latn, ron_latn, urd_arab, spa_latn	jpn_jpan, kor_hang, npi_deva, tam_taml, ben_beng, zho_hans, kaz_cyrl, vie_latn, ind_latn, tha_thai
abt_latn	Ambulas	bible, bible0	14644	4575	585600	not_enough	jpn_jpan, kor_hang, ben_beng, hin_deva, tam_taml, npi_deva, zho_hans, urd_arab, kaz_cyrl, aze_latn	spa_latn, por_latn, cat_latn, ell_grek, ita_latn, bel_cyrl, bul_cyrl, sqi_latn, ron_latn, mkd_cyrl
kaa_latn	Kara-Kalpak	wiki, tatoeba	17097	4572	585216	not_enough	aze_latn, tur_latn, kaz_cyrl, hye_armn, hun_latn, tam_taml, lit_latn, ben_beng, kat_geor, ces_latn	tha_thai, vie_latn, ind_latn, zho_hans, heb_hebr, fra_latn, npi_deva, ell_grek, por_latn, cat_latn
knn_0000	Konkani (individual language)	wortschatz	21571	4568	584704	not_enough	urd_arab, hin_deva, pes_arab, ben_beng, aze_latn, npi_deva, kat_geor, tur_latn, est_latn, slk_latn	tha_thai, vie_latn, jpn_jpan, zho_hans, ind_latn, fra_latn, eng_latn, cat_latn, heb_hebr, nld_latn
gnn_latn	Gumatj	bible	13208	4531	579968	not_enough	ben_beng, hin_deva, ind_latn, kor_hang, npi_deva, urd_arab, tam_taml, jpn_jpan, tha_thai, zho_hans	spa_latn, cat_latn, por_latn, ita_latn, bul_cyrl, ces_latn, ell_grek, bel_cyrl, fra_latn, eng_latn
rwo_latn	Rawa	bible, bible0	15194	4503	576384	not_enough	hin_deva, ind_latn, ben_beng, urd_arab, kor_hang, jpn_jpan, tam_taml, npi_deva, kaz_cyrl, tha_thai	ukr_cyrl, bul_cyrl, bel_cyrl, mkd_cyrl, ces_latn, eng_latn, pol_latn, por_latn, ell_grek, swe_latn
vro_latn	Võro	wiki, tatoeba	23585	4478	573184	not_enough	est_latn, dan_latn, fin_latn, nob_latn, lav_latn, ukr_cyrl, lit_latn, swe_latn, slk_latn, pol_latn	jpn_jpan, tha_thai, npi_deva, vie_latn, kor_hang, tam_taml, zho_hans, ind_latn, ben_beng, kaz_cyrl
bpy_beng	Bishnupriya	wiki, oscar	20869	4471	572288	not_enough	ben_beng, hin_deva, urd_arab, tam_taml, npi_deva, kaz_cyrl, aze_latn, kor_hang, kat_geor, jpn_jpan	vie_latn, tha_thai, ind_latn, cat_latn, spa_latn, ita_latn, por_latn, fra_latn, eng_latn, swe_latn
bus_latn	Bokobaru	bible	19271	4462	571136	not_enough	fra_latn, cat_latn, nld_latn, por_latn, eng_latn, ita_latn, deu_latn, urd_arab, hun_latn, spa_latn	jpn_jpan, kor_hang, tam_taml, zho_hans, npi_deva, ces_latn, rus_cyrl, lav_latn, bel_cyrl, ind_latn
udu_latn	Uduk	bible	12545	4456	570368	not_enough	heb_hebr, ces_latn, ita_latn, arb_arab, ron_latn, cat_latn, lit_latn, pes_arab, por_latn, spa_latn	kor_hang, jpn_jpan, zho_hans, npi_deva, kaz_cyrl, ben_beng, tam_taml, hin_deva, urd_arab, ukr_cyrl
bco_latn	Kaluli	bible	8983	4416	565248	not_enough	jpn_jpan, ben_beng, tam_taml, hin_deva, aze_latn, kaz_cyrl, ind_latn, kor_hang, urd_arab, npi_deva	ukr_cyrl, eng_latn, bel_cyrl, bul_cyrl, ell_grek, swe_latn, mkd_cyrl, spa_latn, cat_latn, dan_latn
kmh_latn	Kalam	bible, bible0	15184	4271	546688	not_enough	hin_deva, ind_latn, jpn_jpan, urd_arab, ben_beng, kor_hang, tha_thai, vie_latn, tam_taml, aze_latn	ukr_cyrl, bel_cyrl, mkd_cyrl, bul_cyrl, ces_latn, pol_latn, ell_grek, eng_latn, dan_latn, slk_latn
san_arab	Sanskrit	bible	7976	4218	539904	not_enough	urd_arab, pes_arab, npi_deva, arb_arab, ben_beng, hin_deva, tam_taml, aze_latn, kaz_cyrl, kat_geor	vie_latn, tha_thai, ind_latn, eng_latn, swe_latn, cat_latn, nld_latn, dan_latn, jpn_jpan, fra_latn
cop_copt	Coptic	bible, bible0, bible1	22990	4202	537856	not_enough	heb_hebr, arb_arab, fra_latn, cat_latn, lit_latn, ita_latn, sqi_latn, srp_cyrl, ron_latn, por_latn	kor_hang, jpn_jpan, zho_hans, tam_taml, ben_beng, ind_latn, vie_latn, tha_thai, npi_deva, hin_deva
ixl_latn	Ixil	bible0, bible	15511	4202	537856	not_enough	spa_latn, por_latn, cat_latn, ita_latn, eng_latn, fra_latn, ell_grek, sqi_latn, pol_latn, nld_latn	tam_taml, jpn_jpan, npi_deva, ben_beng, kor_hang, kaz_cyrl, zho_hans, urd_arab, aze_latn, kat_geor
yss_latn	Yessan-Mayo	bible, bible0	15899	4195	536960	not_enough	ind_latn, hin_deva, ben_beng, vie_latn, urd_arab, npi_deva, tha_thai, kor_hang, kat_geor, pes_arab	ukr_cyrl, ces_latn, bel_cyrl, bul_cyrl, eng_latn, mkd_cyrl, lav_latn, swe_latn, cat_latn, por_latn
snp_latn	Siane	bible, bible0	15581	4178	534784	not_enough	tam_taml, ben_beng, kaz_cyrl, aze_latn, jpn_jpan, kor_hang, hin_deva, urd_arab, npi_deva, tur_latn	bul_cyrl, ukr_cyrl, eng_latn, ell_grek, bel_cyrl, por_latn, swe_latn, mkd_cyrl, cat_latn, spa_latn
cle_latn	Lealao Chinantec	bible	7746	4149	531072	not_enough	spa_latn, por_latn, cat_latn, ita_latn, fra_latn, sqi_latn, ell_grek, ron_latn, eng_latn, pol_latn	tam_taml, jpn_jpan, ben_beng, kor_hang, kaz_cyrl, npi_deva, zho_hans, aze_latn, kat_geor, urd_arab
mav_latn	Sateré-Mawé	bible	8029	4138	529664	not_enough	hun_latn, tur_latn, fin_latn, spa_latn, por_latn, fra_latn, pes_arab, hye_armn, aze_latn, kat_geor	zho_hans, tha_thai, kor_hang, jpn_jpan, npi_deva, vie_latn, tam_taml, rus_cyrl, ind_latn, ben_beng
mns_cyrl	Mansi	webcorpora	12949	4137	529536	not_enough	rus_cyrl, kaz_cyrl, bel_cyrl, ukr_cyrl, mkd_cyrl, bul_cyrl, srp_cyrl, hye_armn, fin_latn, hun_latn	tha_thai, vie_latn, ind_latn, jpn_jpan, npi_deva, zho_hans, spa_latn, cat_latn, eng_latn, tam_taml
ses_latn	Koyraboro Senni Songhai	bible	18055	4123	527744	not_enough	hun_latn, por_latn, cat_latn, eng_latn, ita_latn, urd_arab, nld_latn, kat_geor, spa_latn, slv_latn	jpn_jpan, tam_taml, kor_hang, npi_deva, ces_latn, zho_hans, lav_latn, rus_cyrl, bel_cyrl, ben_beng
dsb_latn	Lower Sorbian	wiki, tatoeba, oscar	22665	4094	524032	not_enough	ces_latn, lit_latn, slk_latn, slv_latn, lav_latn, pol_latn, deu_latn, sqi_latn, nob_latn, mkd_cyrl	tha_thai, vie_latn, zho_hans, ind_latn, jpn_jpan, kor_hang, npi_deva, tam_taml, ben_beng, kaz_cyrl
cco_latn	Comaltepec Chinantec	bible	7714	4072	521216	not_enough	spa_latn, por_latn, cat_latn, fra_latn, ita_latn, ell_grek, lav_latn, eng_latn, lit_latn, pes_arab	tam_taml, kor_hang, ben_beng, npi_deva, jpn_jpan, zho_hans, urd_arab, kaz_cyrl, hin_deva, rus_cyrl
tos_latn	Highland Totonac	bible	7937	4070	520960	not_enough	spa_latn, por_latn, fra_latn, cat_latn, ita_latn, eng_latn, nob_latn, ron_latn, slk_latn, fin_latn	tam_taml, jpn_jpan, ben_beng, kor_hang, kaz_cyrl, npi_deva, tha_thai, zho_hans, urd_arab, hin_deva
kne_latn	Kankanaey	bible	17122	4036	516608	not_enough	ind_latn, vie_latn, tha_thai, arb_arab, fin_latn, hun_latn, ita_latn, pol_latn, rus_cyrl, zho_hans	tam_taml, jpn_jpan, kaz_cyrl, npi_deva, kor_hang, lav_latn, kat_geor, ces_latn, tur_latn, ukr_cyrl
xtn_latn	Northern Tlaxiaco Mixtec	bible	15033	3994	511232	not_enough	spa_latn, por_latn, cat_latn, ita_latn, eng_latn, fra_latn, vie_latn, ell_grek, sqi_latn, ron_latn	tam_taml, jpn_jpan, ben_beng, npi_deva, kor_hang, kaz_cyrl, urd_arab, hin_deva, zho_hans, kat_geor
kyc_latn	Kyaka	bible	17114	3986	510208	not_enough	jpn_jpan, tam_taml, ben_beng, ind_latn, kor_hang, kaz_cyrl, hin_deva, aze_latn, urd_arab, npi_deva	ukr_cyrl, bel_cyrl, bul_cyrl, mkd_cyrl, pol_latn, ell_grek, swe_latn, slk_latn, srp_cyrl, dan_latn
cso_latn	Sochiapam Chinantec	bible	7566	3983	509824	not_enough	spa_latn, por_latn, fra_latn, cat_latn, ell_grek, ita_latn, lit_latn, ron_latn, lav_latn, ces_latn	tam_taml, kor_hang, jpn_jpan, ben_beng, npi_deva, zho_hans, kaz_cyrl, hin_deva, urd_arab, kat_geor
tet_latn	Tetum	bible, wiki, tatoeba	14970	3955	506240	not_enough	vie_latn, ind_latn, tha_thai, zho_hans, hun_latn, por_latn, ita_latn, heb_hebr, ron_latn, cat_latn	npi_deva, tam_taml, kaz_cyrl, ces_latn, tur_latn, bel_cyrl, jpn_jpan, lit_latn, lav_latn, ukr_cyrl
cnl_latn	Lalana Chinantec	bible	7558	3952	505856	not_enough	spa_latn, por_latn, fra_latn, cat_latn, lit_latn, ita_latn, ell_grek, lav_latn, ron_latn, sqi_latn	tam_taml, kor_hang, jpn_jpan, npi_deva, ben_beng, zho_hans, hin_deva, kaz_cyrl, urd_arab, kat_geor
luc_latn	Aringa	bible	12401	3927	502656	not_enough	hun_latn, heb_hebr, por_latn, cat_latn, kat_geor, ita_latn, srp_cyrl, arb_arab, nld_latn, spa_latn	jpn_jpan, kor_hang, zho_hans, tam_taml, lav_latn, kaz_cyrl, npi_deva, rus_cyrl, dan_latn, ind_latn
syl_latn	Sylheti	bible0, bible	18373	3923	502144	not_enough	ben_beng, hin_deva, aze_latn, urd_arab, tam_taml, npi_deva, tur_latn, est_latn, hun_latn, kor_hang	tha_thai, vie_latn, arb_arab, fra_latn, cat_latn, heb_hebr, spa_latn, ell_grek, eng_latn, ita_latn
cdo_latn	Min Dong Chinese	wortschatz, wiki	15244	3914	500992	not_enough	zho_hans, jpn_jpan, kor_hang, vie_latn, ind_latn, hin_deva, ben_beng, eng_latn, swe_latn, urd_arab	pes_arab, arb_arab, ces_latn, tur_latn, heb_hebr, spa_latn, srp_cyrl, lit_latn, bel_cyrl, cat_latn
ksh_latn	Kölsch	wiki, tatoeba	15935	3902	499456	not_enough	deu_latn, nld_latn, eng_latn, dan_latn, swe_latn, nob_latn, cat_latn, ita_latn, fra_latn, por_latn	jpn_jpan, npi_deva, tha_thai, kaz_cyrl, tam_taml, kor_hang, zho_hans, ben_beng, vie_latn, ind_latn
dud_latn	Hun-Saare	bible	7957	3901	499328	not_enough	fra_latn, cat_latn, nld_latn, por_latn, spa_latn, eng_latn, ita_latn, heb_hebr, deu_latn, sqi_latn	jpn_jpan, kor_hang, tam_taml, zho_hans, kaz_cyrl, npi_deva, ben_beng, hin_deva, urd_arab, tur_latn
daf_latn	Dan	bible	7935	3896	498688	not_enough	por_latn, fra_latn, nld_latn, cat_latn, deu_latn, urd_arab, hun_latn, ita_latn, eng_latn, spa_latn	jpn_jpan, kor_hang, tam_taml, zho_hans, ind_latn, npi_deva, ces_latn, rus_cyrl, lav_latn, bel_cyrl
frp_latn	Arpitan	wiki	22458	3845	492160	not_enough	por_latn, cat_latn, ita_latn, fra_latn, spa_latn, ron_latn, sqi_latn, eng_latn, nob_latn, slk_latn	jpn_jpan, kor_hang, tam_taml, npi_deva, zho_hans, kaz_cyrl, ben_beng, tha_thai, vie_latn, ind_latn
cbu_latn	Candoshi-Shapra	bible	15674	3844	492032	not_enough	tur_latn, aze_latn, hun_latn, fin_latn, lit_latn, ces_latn, est_latn, por_latn, slv_latn, spa_latn	tha_thai, zho_hans, vie_latn, ind_latn, npi_deva, rus_cyrl, jpn_jpan, kor_hang, heb_hebr, bul_cyrl
miy_latn	Ayutla Mixtec	bible	7311	3832	490496	not_enough	spa_latn, por_latn, cat_latn, ita_latn, ell_grek, eng_latn, fra_latn, ron_latn, arb_arab, sqi_latn	tam_taml, jpn_jpan, ben_beng, kor_hang, npi_deva, kaz_cyrl, hin_deva, urd_arab, zho_hans, kat_geor
jae_latn	Yabem	bible	18180	3822	489216	not_enough	ind_latn, vie_latn, tha_thai, ben_beng, hin_deva, zho_hans, kor_hang, urd_arab, jpn_jpan, fin_latn	spa_latn, bul_cyrl, bel_cyrl, ukr_cyrl, ell_grek, por_latn, lav_latn, ces_latn, mkd_cyrl, ita_latn
pfl_latn	Pfaelzisch	wiki	15289	3812	487936	not_enough	deu_latn, nld_latn, eng_latn, dan_latn, swe_latn, nob_latn, cat_latn, ita_latn, fra_latn, por_latn	jpn_jpan, npi_deva, tha_thai, kor_hang, kaz_cyrl, tam_taml, zho_hans, ben_beng, vie_latn, ind_latn
sml_latn	Central Sama	bible	12700	3810	487680	not_enough	ind_latn, vie_latn, tha_thai, zho_hans, arb_arab, eng_latn, ita_latn, hun_latn, heb_hebr, cat_latn	tam_taml, kaz_cyrl, npi_deva, ces_latn, tur_latn, jpn_jpan, bel_cyrl, srp_cyrl, ukr_cyrl, kor_hang
emp_latn	Northern Emberá	bible	12557	3807	487296	not_enough	tur_latn, aze_latn, hun_latn, fin_latn, ces_latn, lit_latn, por_latn, est_latn, spa_latn, slv_latn	zho_hans, tha_thai, vie_latn, ind_latn, npi_deva, jpn_jpan, kor_hang, rus_cyrl, ben_beng, bul_cyrl
xav_latn	Xavánte	bible	7258	3793	485504	not_enough	fra_latn, por_latn, cat_latn, hun_latn, spa_latn, eng_latn, fin_latn, nld_latn, sqi_latn, ita_latn	zho_hans, jpn_jpan, kor_hang, tam_taml, npi_deva, tha_thai, rus_cyrl, kaz_cyrl, ben_beng, vie_latn
aoj_latn	Mufian	bible, bible0	15381	3760	481280	not_enough	vie_latn, ind_latn, tha_thai, ben_beng, heb_hebr, hin_deva, arb_arab, zho_hans, sqi_latn, ron_latn	tur_latn, kaz_cyrl, tam_taml, ukr_cyrl, ces_latn, bel_cyrl, jpn_jpan, mkd_cyrl, lav_latn, hye_armn
hak_latn	Hakka Chinese	wiki, tatoeba	10883	3722	476416	not_enough	zho_hans, vie_latn, kor_hang, ind_latn, jpn_jpan, tha_thai, hin_deva, rus_cyrl, eng_latn, ben_beng	tur_latn, arb_arab, ces_latn, pes_arab, lav_latn, heb_hebr, spa_latn, lit_latn, npi_deva, ell_grek
bnp_latn	Bola	bible	14224	3721	476288	not_enough	ind_latn, vie_latn, tha_thai, zho_hans, rus_cyrl, ita_latn, heb_hebr, ron_latn, eng_latn, por_latn	tam_taml, kaz_cyrl, tur_latn, ces_latn, npi_deva, aze_latn, jpn_jpan, lit_latn, hye_armn, bel_cyrl
mau_latn	Huautla Mazatec	bible	7851	3713	475264	not_enough	spa_latn, por_latn, cat_latn, ita_latn, fra_latn, ell_grek, arb_arab, eng_latn, ron_latn, sqi_latn	tam_taml, jpn_jpan, kor_hang, ben_beng, npi_deva, zho_hans, kaz_cyrl, hin_deva, urd_arab, rus_cyrl
zam_latn	Miahuatlán Zapotec	bible	7975	3700	473600	not_enough	spa_latn, por_latn, cat_latn, fra_latn, eng_latn, ita_latn, sqi_latn, ron_latn, vie_latn, ind_latn	tam_taml, jpn_jpan, kor_hang, npi_deva, ben_beng, kaz_cyrl, zho_hans, urd_arab, hin_deva, tur_latn
mim_latn	Alacatlatzala Mixtec	bible	7314	3649	467072	not_enough	spa_latn, por_latn, cat_latn, ita_latn, ell_grek, eng_latn, fra_latn, ron_latn, arb_arab, sqi_latn	tam_taml, ben_beng, jpn_jpan, kor_hang, npi_deva, kaz_cyrl, hin_deva, urd_arab, zho_hans, kat_geor
chz_latn	Ozumacín Chinantec	bible	7632	3630	464640	not_enough	spa_latn, por_latn, fra_latn, cat_latn, ell_grek, lit_latn, pes_arab, sqi_latn, lav_latn, ita_latn	tam_taml, kor_hang, npi_deva, ben_beng, jpn_jpan, zho_hans, urd_arab, kaz_cyrl, kat_geor, hin_deva
zar_latn	Rincón Zapotec	bible	10487	3617	462976	not_enough	spa_latn, por_latn, cat_latn, ita_latn, fra_latn, eng_latn, ell_grek, arb_arab, sqi_latn, ron_latn	tam_taml, jpn_jpan, kor_hang, ben_beng, npi_deva, kaz_cyrl, zho_hans, urd_arab, hin_deva, kat_geor
ncu_latn	Chumburung	bible	7327	3602	461056	not_enough	fra_latn, por_latn, ita_latn, cat_latn, eng_latn, spa_latn, lav_latn, heb_hebr, nld_latn, ron_latn	kor_hang, jpn_jpan, tam_taml, npi_deva, ben_beng, zho_hans, bel_cyrl, rus_cyrl, ind_latn, hin_deva
moa_latn	Mwan	bible	7957	3584	458752	not_enough	nld_latn, eng_latn, deu_latn, cat_latn, hun_latn, por_latn, fra_latn, ita_latn, spa_latn, slv_latn	jpn_jpan, kor_hang, tam_taml, zho_hans, npi_deva, kaz_cyrl, rus_cyrl, ben_beng, bel_cyrl, ind_latn
mks_latn	Silacayoapan Mixtec	bible	7730	3573	457344	not_enough	spa_latn, por_latn, cat_latn, ita_latn, fra_latn, arb_arab, ell_grek, vie_latn, eng_latn, ron_latn	tam_taml, jpn_jpan, ben_beng, kor_hang, npi_deva, kaz_cyrl, hin_deva, zho_hans, urd_arab, kat_geor
glv_latn	Manx	wiki, tatoeba	16498	3573	457344	not_enough	por_latn, ita_latn, spa_latn, sqi_latn, cat_latn, ron_latn, pol_latn, ell_grek, fra_latn, slk_latn	jpn_jpan, kor_hang, tam_taml, zho_hans, npi_deva, ben_beng, kaz_cyrl, tha_thai, vie_latn, ind_latn
ssx_latn	Samberigi	bible	9414	3566	456448	not_enough	aze_latn, tam_taml, jpn_jpan, tur_latn, ben_beng, kaz_cyrl, kor_hang, ind_latn, hin_deva, hye_armn	ukr_cyrl, bel_cyrl, bul_cyrl, mkd_cyrl, ell_grek, pol_latn, eng_latn, por_latn, swe_latn, slk_latn
gan_hant	Gan Chinese	wortschatz, wiki, tatoeba	25744	3560	455680	not_enough	zho_hans, jpn_jpan, kor_hang, hin_deva, vie_latn, ind_latn, urd_arab, ben_beng, rus_cyrl, eng_latn	pes_arab, ces_latn, arb_arab, tur_latn, spa_latn, cat_latn, lit_latn, fra_latn, heb_hebr, lav_latn
otn_latn	Tenango Otomi	bible	7453	3555	455040	not_enough	spa_latn, por_latn, fra_latn, cat_latn, lit_latn, ita_latn, pes_arab, ell_grek, hun_latn, sqi_latn	tam_taml, kor_hang, npi_deva, ben_beng, jpn_jpan, zho_hans, hin_deva, urd_arab, rus_cyrl, kat_geor
dnj_latn	Dan	bible	7946	3551	454528	not_enough	kat_geor, por_latn, fra_latn, nld_latn, spa_latn, slv_latn, cat_latn, deu_latn, ita_latn, hun_latn	jpn_jpan, kor_hang, tam_taml, zho_hans, npi_deva, ind_latn, ben_beng, vie_latn, kaz_cyrl, tha_thai
agr_latn	Aguaruna	bible	16945	3546	453888	not_enough	tur_latn, aze_latn, hun_latn, spa_latn, fin_latn, lit_latn, ces_latn, por_latn, kat_geor, hye_armn	tha_thai, vie_latn, zho_hans, ind_latn, rus_cyrl, jpn_jpan, ukr_cyrl, npi_deva, bul_cyrl, kor_hang
ktj_latn	Plapo Krumen	bible	7481	3541	453248	not_enough	fra_latn, por_latn, spa_latn, cat_latn, ita_latn, slv_latn, eng_latn, heb_hebr, srp_cyrl, kat_geor	jpn_jpan, kor_hang, tam_taml, npi_deva, ben_beng, kaz_cyrl, zho_hans, pes_arab, hin_deva, tur_latn
bhl_latn	Bimin	bible	9528	3534	452352	not_enough	ind_latn, aze_latn, jpn_jpan, tur_latn, ben_beng, tam_taml, hin_deva, vie_latn, pes_arab, kor_hang	ukr_cyrl, bel_cyrl, eng_latn, bul_cyrl, mkd_cyrl, swe_latn, ell_grek, cat_latn, por_latn, dan_latn
nrm_latn	Narom	wiki	16183	3521	450688	not_enough	vie_latn, ind_latn, tha_thai, fra_latn, eng_latn, cat_latn, ita_latn, zho_hans, swe_latn, rus_cyrl	kaz_cyrl, tam_taml, npi_deva, tur_latn, jpn_jpan, ces_latn, aze_latn, lit_latn, lav_latn, hye_armn
csb_latn	Kashubian	wiki, tatoeba	16559	3520	450560	not_enough	pol_latn, slk_latn, slv_latn, sqi_latn, nob_latn, mkd_cyrl, bel_cyrl, ron_latn, ukr_cyrl, por_latn	jpn_jpan, tha_thai, tam_taml, kor_hang, npi_deva, vie_latn, zho_hans, kaz_cyrl, ben_beng, ind_latn
trc_latn	Copala Triqui	bible	7350	3516	450048	not_enough	spa_latn, por_latn, cat_latn, ita_latn, vie_latn, eng_latn, ell_grek, ron_latn, fra_latn, sqi_latn	tam_taml, ben_beng, npi_deva, jpn_jpan, kaz_cyrl, kor_hang, urd_arab, hin_deva, tur_latn, aze_latn
nlg_latn	Gela	bible	14765	3513	449664	not_enough	vie_latn, ind_latn, tha_thai, arb_arab, ita_latn, zho_hans, rus_cyrl, cat_latn, fin_latn, eng_latn	kaz_cyrl, tam_taml, tur_latn, npi_deva, ces_latn, hye_armn, aze_latn, ben_beng, jpn_jpan, kat_geor
enq_latn	Enga	bible, bible0	14741	3510	449280	not_enough	jpn_jpan, tam_taml, ben_beng, kor_hang, kaz_cyrl, hin_deva, aze_latn, urd_arab, npi_deva, ind_latn	ukr_cyrl, bel_cyrl, bul_cyrl, mkd_cyrl, pol_latn, eng_latn, ell_grek, slk_latn, por_latn, swe_latn
caa_latn	Chortí	bible	12022	3509	449152	not_enough	spa_latn, por_latn, cat_latn, ita_latn, eng_latn, fra_latn, ell_grek, pol_latn, ron_latn, hun_latn	tam_taml, jpn_jpan, ben_beng, npi_deva, kor_hang, kaz_cyrl, tha_thai, zho_hans, hin_deva, urd_arab
fuv_arab	Nigerian Fulfulde	bible	7450	3488	446464	not_enough	arb_arab, pes_arab, heb_hebr, ita_latn, urd_arab, spa_latn, cat_latn, por_latn, aze_latn, ell_grek	kor_hang, jpn_jpan, tam_taml, zho_hans, ben_beng, npi_deva, hin_deva, ind_latn, kaz_cyrl, swe_latn
hif_latn	Fiji Hindi	wiki, tatoeba	16339	3488	446464	not_enough	ind_latn, hin_deva, vie_latn, tha_thai, kat_geor, kor_hang, eng_latn, urd_arab, nob_latn, fin_latn	ces_latn, bul_cyrl, lav_latn, mkd_cyrl, bel_cyrl, tam_taml, srp_cyrl, lit_latn, ell_grek, tur_latn
gux_latn	Gourmanchéma	bible0, bible	15971	3487	446336	not_enough	por_latn, spa_latn, ita_latn, fra_latn, cat_latn, eng_latn, est_latn, ron_latn, sqi_latn, hun_latn	jpn_jpan, kor_hang, tam_taml, npi_deva, kaz_cyrl, pes_arab, ben_beng, hye_armn, zho_hans, tur_latn
gup_latn	Gunwinggu	bible1, bible, bible0	14584	3473	444544	not_enough	hin_deva, ind_latn, urd_arab, ben_beng, vie_latn, arb_arab, tha_thai, npi_deva, tam_taml, kaz_cyrl	ces_latn, bul_cyrl, ukr_cyrl, bel_cyrl, swe_latn, nld_latn, tur_latn, dan_latn, cat_latn, mkd_cyrl
zty_latn	Yatee Zapotec	bible	10494	3458	442624	not_enough	spa_latn, por_latn, cat_latn, ita_latn, fra_latn, vie_latn, ell_grek, arb_arab, ind_latn, eng_latn	tam_taml, npi_deva, jpn_jpan, ben_beng, kor_hang, kaz_cyrl, urd_arab, zho_hans, hin_deva, kat_geor
cbk_latn	Chavacano	bible, wiki, tatoeba	15886	3458	442624	not_enough	ind_latn, spa_latn, por_latn, ita_latn, vie_latn, cat_latn, ron_latn, ell_grek, tha_thai, sqi_latn	tam_taml, jpn_jpan, kaz_cyrl, npi_deva, tur_latn, kor_hang, ben_beng, aze_latn, ces_latn, lit_latn
cnt_latn	Tepetotutla Chinantec	bible	7822	3418	437504	not_enough	spa_latn, por_latn, fra_latn, cat_latn, ell_grek, ita_latn, lit_latn, lav_latn, sqi_latn, ces_latn	tam_taml, kor_hang, jpn_jpan, ben_beng, npi_deva, zho_hans, kaz_cyrl, hin_deva, urd_arab, kat_geor
niy_latn	Ngiti	bible	7886	3417	437376	not_enough	urd_arab, hin_deva, hun_latn, kat_geor, nld_latn, deu_latn, est_latn, ita_latn, slv_latn, fin_latn	jpn_jpan, tha_thai, kor_hang, zho_hans, ind_latn, vie_latn, rus_cyrl, lav_latn, nob_latn, bel_cyrl
nog_cyrl	Nogai	webcorpora, tatoeba	19838	3404	435712	not_enough	kaz_cyrl, aze_latn, tur_latn, hye_armn, mkd_cyrl, hun_latn, rus_cyrl, ukr_cyrl, bel_cyrl, srp_cyrl	ind_latn, vie_latn, tha_thai, swe_latn, zho_hans, eng_latn, cat_latn, nld_latn, kor_hang, ita_latn
zat_latn	Tabaa Zapotec	bible	10554	3403	435584	not_enough	spa_latn, por_latn, cat_latn, ita_latn, fra_latn, arb_arab, ell_grek, eng_latn, sqi_latn, ron_latn	tam_taml, jpn_jpan, kor_hang, npi_deva, ben_beng, kaz_cyrl, zho_hans, urd_arab, hin_deva, kat_geor
poh_latn	Poqomchi'	bible	7627	3393	434304	not_enough	por_latn, spa_latn, eng_latn, cat_latn, fra_latn, ita_latn, sqi_latn, pol_latn, swe_latn, nob_latn	tam_taml, jpn_jpan, kor_hang, ben_beng, kaz_cyrl, npi_deva, tha_thai, zho_hans, tur_latn, aze_latn
wbp_latn	Warlpiri	bible	9455	3387	433536	not_enough	hin_deva, ind_latn, ben_beng, tam_taml, urd_arab, npi_deva, kaz_cyrl, vie_latn, tha_thai, jpn_jpan	eng_latn, por_latn, swe_latn, bul_cyrl, ukr_cyrl, bel_cyrl, dan_latn, fra_latn, mkd_cyrl, cat_latn
kbo_latn	Keliko	bible	10028	3384	433152	not_enough	hun_latn, cat_latn, por_latn, heb_hebr, kat_geor, srp_cyrl, ita_latn, arb_arab, nld_latn, spa_latn	jpn_jpan, kor_hang, zho_hans, tam_taml, lav_latn, kaz_cyrl, npi_deva, rus_cyrl, dan_latn, ind_latn
mna_latn	Mbula	bible	13134	3384	433152	not_enough	ind_latn, vie_latn, tha_thai, zho_hans, ben_beng, hun_latn, pes_arab, heb_hebr, fin_latn, eng_latn	tam_taml, bel_cyrl, ukr_cyrl, kaz_cyrl, ces_latn, tur_latn, npi_deva, mkd_cyrl, pol_latn, ell_grek
bdh_latn	Baka (Sudan)	bible	9483	3383	433024	not_enough	cat_latn, por_latn, ita_latn, spa_latn, heb_hebr, fra_latn, slv_latn, arb_arab, vie_latn, ron_latn	jpn_jpan, kor_hang, tam_taml, zho_hans, kaz_cyrl, npi_deva, ben_beng, tur_latn, lav_latn, aze_latn
ven_latn	Venda	wortschatz, wiki	18697	3366	430848	not_enough	arb_arab, heb_hebr, spa_latn, pes_arab, ita_latn, cat_latn, ces_latn, ron_latn, por_latn, fra_latn	jpn_jpan, kor_hang, zho_hans, npi_deva, ben_beng, tam_taml, kaz_cyrl, swe_latn, bel_cyrl, fin_latn
avu_latn	Avokaya	bible	7542	3356	429568	not_enough	urd_arab, cat_latn, por_latn, heb_hebr, hun_latn, hin_deva, ita_latn, srp_cyrl, spa_latn, kat_geor	jpn_jpan, kor_hang, zho_hans, ind_latn, lav_latn, tha_thai, dan_latn, nob_latn, tam_taml, swe_latn
lac_latn	Lacandon	bible	7968	3352	429056	not_enough	spa_latn, por_latn, cat_latn, ita_latn, eng_latn, fra_latn, hun_latn, ell_grek, pol_latn, nob_latn	tam_taml, npi_deva, jpn_jpan, ben_beng, kor_hang, kaz_cyrl, hin_deva, urd_arab, tha_thai, zho_hans
muh_latn	Mündü	bible	8673	3324	425472	not_enough	spa_latn, heb_hebr, cat_latn, ita_latn, por_latn, fra_latn, slv_latn, nld_latn, ron_latn, deu_latn	jpn_jpan, kor_hang, zho_hans, tam_taml, kaz_cyrl, npi_deva, ben_beng, tur_latn, rus_cyrl, bel_cyrl
cuc_latn	Usila Chinantec	bible	7607	3324	425472	not_enough	spa_latn, por_latn, fra_latn, ell_grek, cat_latn, ita_latn, lit_latn, lav_latn, ron_latn, sqi_latn	tam_taml, kor_hang, jpn_jpan, ben_beng, npi_deva, zho_hans, kaz_cyrl, hin_deva, urd_arab, kat_geor
amn_latn	Amanab	bible0, bible	14515	3323	425344	not_enough	ben_beng, tam_taml, hin_deva, kor_hang, npi_deva, jpn_jpan, kaz_cyrl, urd_arab, aze_latn, ind_latn	spa_latn, ukr_cyrl, por_latn, bul_cyrl, cat_latn, eng_latn, fra_latn, bel_cyrl, ell_grek, ita_latn
fuh_latn	Western Niger Fulfulde	bible0, bible	15721	3322	425216	not_enough	por_latn, spa_latn, ita_latn, cat_latn, heb_hebr, fra_latn, lit_latn, arb_arab, ron_latn, ces_latn	kor_hang, jpn_jpan, zho_hans, npi_deva, ben_beng, tam_taml, hin_deva, kaz_cyrl, urd_arab, rus_cyrl
crx_latn	Carrier	bible	9513	3305	423040	not_enough	fin_latn, hun_latn, est_latn, por_latn, spa_latn, tur_latn, fra_latn, pes_arab, nld_latn, slk_latn	tam_taml, npi_deva, tha_thai, heb_hebr, arb_arab, zho_hans, ben_beng, jpn_jpan, kaz_cyrl, ind_latn
mto_latn	Totontepec Mixe	bible	7381	3299	422272	not_enough	hun_latn, fin_latn, aze_latn, tur_latn, spa_latn, por_latn, est_latn, nld_latn, nob_latn, ces_latn	tha_thai, vie_latn, zho_hans, ind_latn, heb_hebr, npi_deva, arb_arab, ben_beng, kor_hang, rus_cyrl
olo_latn	Livvi	wiki	15271	3296	421888	not_enough	fin_latn, est_latn, slk_latn, hun_latn, slv_latn, nob_latn, mkd_cyrl, ron_latn, pol_latn, dan_latn	jpn_jpan, npi_deva, tha_thai, tam_taml, kor_hang, vie_latn, ind_latn, zho_hans, ben_beng, pes_arab
ted_latn	Tepo Krumen	bible	7337	3294	421632	not_enough	fra_latn, por_latn, spa_latn, cat_latn, ita_latn, slv_latn, eng_latn, srp_cyrl, heb_hebr, ron_latn	jpn_jpan, kor_hang, tam_taml, npi_deva, kaz_cyrl, ben_beng, zho_hans, hin_deva, pes_arab, urd_arab
shp_latn	Shipibo-Conibo	americasnli_dev, americasnli_test, americasnlp2023_mt, americasnli_mlm, americasnlp2021_mt, bible	24698	3280	419840	not_enough	tur_latn, aze_latn, por_latn, spa_latn, fin_latn, hun_latn, lit_latn, ces_latn, slv_latn, fra_latn	tha_thai, vie_latn, zho_hans, ind_latn, kor_hang, npi_deva, rus_cyrl, heb_hebr, arb_arab, bel_cyrl
dgr_latn	Dogrib	bible	9114	3265	417920	not_enough	fin_latn, hin_deva, urd_arab, hun_latn, est_latn, spa_latn, por_latn, fra_latn, tur_latn, nld_latn	tha_thai, ind_latn, arb_arab, tam_taml, vie_latn, zho_hans, heb_hebr, rus_cyrl, jpn_jpan, ukr_cyrl
sny_latn	Saniyo-Hiyewe	bible	7915	3258	417024	not_enough	jpn_jpan, tam_taml, ben_beng, kor_hang, hin_deva, kaz_cyrl, ind_latn, urd_arab, aze_latn, npi_deva	ukr_cyrl, swe_latn, bel_cyrl, pol_latn, dan_latn, eng_latn, por_latn, bul_cyrl, ell_grek, sqi_latn
mop_latn	Mopán Maya	bible	7686	3249	415872	not_enough	spa_latn, por_latn, cat_latn, ita_latn, fra_latn, eng_latn, ell_grek, pol_latn, hun_latn, fin_latn	tam_taml, jpn_jpan, ben_beng, kor_hang, npi_deva, kaz_cyrl, tha_thai, zho_hans, urd_arab, hin_deva
kxw_latn	Konai	bible	7595	3248	415744	not_enough	ben_beng, ind_latn, jpn_jpan, hin_deva, tam_taml, aze_latn, vie_latn, urd_arab, kor_hang, npi_deva	ukr_cyrl, bel_cyrl, swe_latn, eng_latn, dan_latn, bul_cyrl, mkd_cyrl, pol_latn, ell_grek, cat_latn
ame_latn	Yanesha'	bible	7198	3246	415488	not_enough	spa_latn, por_latn, fin_latn, cat_latn, hun_latn, eng_latn, est_latn, ita_latn, nob_latn, fra_latn	jpn_jpan, tha_thai, zho_hans, tam_taml, vie_latn, kor_hang, npi_deva, ben_beng, kaz_cyrl, ind_latn
urb_latn	Urubú-Kaapor	bible	7701	3239	414592	not_enough	hun_latn, tur_latn, spa_latn, fin_latn, fra_latn, por_latn, cat_latn, kat_geor, nld_latn, deu_latn	zho_hans, jpn_jpan, tha_thai, tam_taml, kor_hang, ind_latn, vie_latn, npi_deva, rus_cyrl, kaz_cyrl
ots_latn	Estado de México Otomi	bible	7979	3238	414464	not_enough	spa_latn, por_latn, fra_latn, cat_latn, lit_latn, ita_latn, ell_grek, ron_latn, lav_latn, sqi_latn	tam_taml, kor_hang, npi_deva, ben_beng, jpn_jpan, zho_hans, hin_deva, urd_arab, kaz_cyrl, kat_geor
kwd_latn	Kwaio	bible	7930	3236	414208	not_enough	vie_latn, ind_latn, tha_thai, zho_hans, rus_cyrl, eng_latn, ita_latn, heb_hebr, por_latn, cat_latn	tam_taml, tur_latn, kaz_cyrl, ces_latn, npi_deva, lit_latn, aze_latn, bel_cyrl, ben_beng, lav_latn
tif_latn	Tifal	bible	7673	3201	409728	not_enough	jpn_jpan, ben_beng, hin_deva, kor_hang, tam_taml, aze_latn, ind_latn, kaz_cyrl, urd_arab, npi_deva	ukr_cyrl, eng_latn, bel_cyrl, bul_cyrl, mkd_cyrl, swe_latn, cat_latn, por_latn, dan_latn, ell_grek
cux_latn	Tepeuxila Cuicatec	bible	8004	3192	408576	not_enough	spa_latn, por_latn, cat_latn, ita_latn, fra_latn, arb_arab, ell_grek, eng_latn, ron_latn, vie_latn	tam_taml, jpn_jpan, kor_hang, ben_beng, npi_deva, kaz_cyrl, zho_hans, hin_deva, urd_arab, kat_geor
kyz_latn	Kayabí	bible	7298	3179	406912	not_enough	tur_latn, pes_arab, hun_latn, aze_latn, fin_latn, spa_latn, por_latn, hye_armn, lit_latn, cat_latn	zho_hans, tha_thai, kor_hang, vie_latn, npi_deva, jpn_jpan, rus_cyrl, ind_latn, ben_beng, ukr_cyrl
pah_latn	Tenharim	bible	7562	3179	406912	not_enough	por_latn, spa_latn, hun_latn, fin_latn, tur_latn, eng_latn, cat_latn, lit_latn, fra_latn, ita_latn	kor_hang, npi_deva, zho_hans, jpn_jpan, tha_thai, ben_beng, tam_taml, vie_latn, rus_cyrl, urd_arab
cpa_latn	Palantla Chinantec	bible	7781	3170	405760	not_enough	spa_latn, ces_latn, fra_latn, por_latn, cat_latn, lit_latn, ell_grek, ita_latn, lav_latn, ron_latn	tam_taml, kor_hang, zho_hans, npi_deva, ben_beng, jpn_jpan, urd_arab, kaz_cyrl, hin_deva, tha_thai
cta_latn	Tataltepec Chatino	bible	7875	3163	404864	not_enough	spa_latn, por_latn, cat_latn, ita_latn, fra_latn, arb_arab, ell_grek, eng_latn, sqi_latn, ron_latn	tam_taml, jpn_jpan, kor_hang, npi_deva, ben_beng, kaz_cyrl, zho_hans, hin_deva, urd_arab, kat_geor
zav_latn	Yatzachi Zapotec	bible	7660	3156	403968	not_enough	spa_latn, por_latn, cat_latn, ita_latn, arb_arab, ell_grek, fra_latn, ron_latn, sqi_latn, eng_latn	tam_taml, jpn_jpan, ben_beng, npi_deva, kor_hang, kaz_cyrl, zho_hans, hin_deva, urd_arab, kat_geor
ena_latn	Apali	bible	9642	3149	403072	not_enough	ind_latn, tha_thai, vie_latn, hin_deva, jpn_jpan, ben_beng, urd_arab, aze_latn, kor_hang, pes_arab	ukr_cyrl, bel_cyrl, ces_latn, mkd_cyrl, bul_cyrl, pol_latn, ell_grek, eng_latn, slk_latn, dan_latn
amr_latn	Amarakaeri	bible	7629	3138	401664	not_enough	tur_latn, aze_latn, ces_latn, lit_latn, hun_latn, spa_latn, por_latn, slv_latn, fin_latn, nld_latn	tha_thai, vie_latn, ind_latn, zho_hans, rus_cyrl, kor_hang, arb_arab, heb_hebr, npi_deva, ell_grek
maa_latn	San Jerónimo Tecóatl Mazatec	bible	7711	3137	401536	not_enough	spa_latn, por_latn, cat_latn, ita_latn, fra_latn, arb_arab, ell_grek, eng_latn, pol_latn, sqi_latn	tam_taml, jpn_jpan, kor_hang, npi_deva, ben_beng, kaz_cyrl, zho_hans, hin_deva, urd_arab, kat_geor
bbb_latn	Barai	bible	10323	3135	401280	not_enough	hin_deva, ind_latn, ben_beng, urd_arab, kor_hang, npi_deva, vie_latn, tha_thai, jpn_jpan, tam_taml	ces_latn, bul_cyrl, ukr_cyrl, bel_cyrl, eng_latn, mkd_cyrl, swe_latn, lav_latn, nld_latn, dan_latn
hbo_hebr	Ancient Hebrew	bible, bible0, tatoeba	16961	3135	401280	not_enough	heb_hebr, arb_arab, ron_latn, sqi_latn, srp_cyrl, ita_latn, por_latn, ell_grek, slv_latn, pol_latn	jpn_jpan, kor_hang, tam_taml, zho_hans, ben_beng, ind_latn, vie_latn, kaz_cyrl, tha_thai, npi_deva
mza_latn	Santa María Zacatepec Mixtec	bible	7991	3131	400768	not_enough	spa_latn, por_latn, cat_latn, ita_latn, eng_latn, fra_latn, vie_latn, ell_grek, sqi_latn, ron_latn	tam_taml, ben_beng, jpn_jpan, npi_deva, kor_hang, kaz_cyrl, urd_arab, hin_deva, zho_hans, kat_geor
wob_latn	Wè Northern	bible	7980	3129	400512	not_enough	fra_latn, por_latn, spa_latn, cat_latn, eng_latn, slv_latn, ita_latn, srp_cyrl, heb_hebr, ron_latn	jpn_jpan, kor_hang, tam_taml, npi_deva, kaz_cyrl, ben_beng, zho_hans, hin_deva, pes_arab, tur_latn
wsk_latn	Waskia	bible	13446	3125	400000	not_enough	hin_deva, ind_latn, urd_arab, kor_hang, ben_beng, vie_latn, jpn_jpan, tha_thai, npi_deva, zho_hans	ces_latn, ukr_cyrl, bel_cyrl, dan_latn, lit_latn, mkd_cyrl, lav_latn, pol_latn, fra_latn, bul_cyrl
aak_latn	Ankave	bible	7716	3109	397952	not_enough	aze_latn, ben_beng, hin_deva, jpn_jpan, hye_armn, ind_latn, tam_taml, kaz_cyrl, kat_geor, tur_latn	bul_cyrl, ukr_cyrl, bel_cyrl, mkd_cyrl, por_latn, swe_latn, pol_latn, eng_latn, ell_grek, fra_latn
bjr_latn	Binumarien	bible	13530	3108	397824	not_enough	hin_deva, tam_taml, kor_hang, jpn_jpan, ben_beng, kaz_cyrl, aze_latn, urd_arab, npi_deva, hye_armn	bul_cyrl, ukr_cyrl, bel_cyrl, por_latn, mkd_cyrl, eng_latn, fra_latn, ell_grek, sqi_latn, cat_latn
kbc_latn	Kadiwéu	bible	7903	3101	396928	not_enough	spa_latn, por_latn, ces_latn, cat_latn, ita_latn, pes_arab, eng_latn, lit_latn, fra_latn, slv_latn	kor_hang, jpn_jpan, zho_hans, npi_deva, tha_thai, ben_beng, tam_taml, vie_latn, hin_deva, rus_cyrl
kyu_latn	Western Kayah	bible	7733	3100	396800	not_enough	vie_latn, tha_thai, zho_hans, ind_latn, ben_beng, kor_hang, hin_deva, jpn_jpan, urd_arab, kat_geor	bel_cyrl, spa_latn, ces_latn, por_latn, ell_grek, mkd_cyrl, bul_cyrl, ukr_cyrl, lav_latn, cat_latn
mig_latn	San Miguel El Grande Mixtec	bible	7865	3091	395648	not_enough	spa_latn, cat_latn, por_latn, ita_latn, ron_latn, fra_latn, eng_latn, sqi_latn, arb_arab, swe_latn	jpn_jpan, tam_taml, kaz_cyrl, kor_hang, ben_beng, npi_deva, zho_hans, aze_latn, tur_latn, hye_armn
mca_latn	Maca	bible	7907	3087	395136	not_enough	spa_latn, por_latn, fin_latn, cat_latn, slv_latn, hun_latn, fra_latn, est_latn, ita_latn, srp_cyrl	jpn_jpan, kor_hang, tha_thai, tam_taml, zho_hans, vie_latn, ben_beng, npi_deva, kaz_cyrl, rus_cyrl
lww_latn	Lewo	bible	7894	3075	393600	not_enough	ind_latn, vie_latn, tha_thai, heb_hebr, fra_latn, cat_latn, ron_latn, fin_latn, ita_latn, por_latn	tam_taml, kaz_cyrl, npi_deva, ukr_cyrl, kat_geor, tur_latn, bel_cyrl, kor_hang, urd_arab, mkd_cyrl
heg_latn	Helong	bible	9157	3054	390912	not_enough	ind_latn, vie_latn, tha_thai, ben_beng, hun_latn, heb_hebr, zho_hans, cat_latn, hin_deva, nld_latn	bel_cyrl, ukr_cyrl, jpn_jpan, npi_deva, kaz_cyrl, tam_taml, srp_cyrl, pol_latn, ces_latn, slv_latn
lex_latn	Luang	bible	9366	3046	389888	not_enough	ind_latn, vie_latn, tha_thai, ben_beng, hun_latn, heb_hebr, zho_hans, ita_latn, cat_latn, hin_deva	bel_cyrl, ukr_cyrl, npi_deva, tam_taml, kaz_cyrl, jpn_jpan, srp_cyrl, ces_latn, slv_latn, mkd_cyrl
tlf_latn	Telefol	bible	7402	3046	389888	not_enough	jpn_jpan, hin_deva, ben_beng, tam_taml, kaz_cyrl, ind_latn, kor_hang, aze_latn, urd_arab, tur_latn	ukr_cyrl, eng_latn, bel_cyrl, bul_cyrl, mkd_cyrl, swe_latn, cat_latn, por_latn, dan_latn, pol_latn
aer_latn	Eastern Arrernte	bible	9167	3042	389376	not_enough	ben_beng, jpn_jpan, tam_taml, ind_latn, hin_deva, kaz_cyrl, urd_arab, kor_hang, npi_deva, aze_latn	bel_cyrl, spa_latn, cat_latn, por_latn, ukr_cyrl, ell_grek, swe_latn, ita_latn, slk_latn, sqi_latn
tte_latn	Bwanabwana	bible0, bible	14929	3042	389376	not_enough	ind_latn, vie_latn, tha_thai, hin_deva, ben_beng, urd_arab, kor_hang, zho_hans, jpn_jpan, hun_latn	ces_latn, ukr_cyrl, bel_cyrl, lav_latn, srp_cyrl, dan_latn, mkd_cyrl, slv_latn, pol_latn, ell_grek
gor_latn	Gorontalo	wiki	16745	3042	389376	not_enough	ind_latn, vie_latn, tha_thai, arb_arab, eng_latn, ita_latn, zho_hans, hun_latn, rus_cyrl, cat_latn	npi_deva, tam_taml, ces_latn, kaz_cyrl, srp_cyrl, tur_latn, jpn_jpan, bel_cyrl, lit_latn, slv_latn
mxb_latn	Tezoatlán Mixtec	bible	7659	3038	388864	not_enough	spa_latn, por_latn, cat_latn, ita_latn, vie_latn, eng_latn, fra_latn, ell_grek, sqi_latn, arb_arab	tam_taml, ben_beng, jpn_jpan, npi_deva, kor_hang, kaz_cyrl, urd_arab, hin_deva, zho_hans, kat_geor
uvh_latn	Uri	bible	7724	3036	388608	not_enough	ben_beng, hin_deva, ind_latn, kor_hang, jpn_jpan, urd_arab, tam_taml, kaz_cyrl, npi_deva, aze_latn	ukr_cyrl, bel_cyrl, bul_cyrl, mkd_cyrl, ell_grek, ces_latn, pol_latn, eng_latn, por_latn, slk_latn
xtm_latn	Magdalena Peñasco Mixtec	bible	7759	3035	388480	not_enough	spa_latn, por_latn, cat_latn, ita_latn, eng_latn, fra_latn, ell_grek, vie_latn, sqi_latn, arb_arab	tam_taml, jpn_jpan, ben_beng, npi_deva, kor_hang, kaz_cyrl, urd_arab, hin_deva, zho_hans, kat_geor
lhi_latn	Lahu Shi	bible	7878	3031	387968	not_enough	jpn_jpan, ben_beng, kor_hang, tam_taml, zho_hans, kaz_cyrl, aze_latn, hin_deva, urd_arab, vie_latn	spa_latn, cat_latn, bel_cyrl, por_latn, ita_latn, ell_grek, mkd_cyrl, fra_latn, bul_cyrl, ukr_cyrl
yre_latn	Yaouré	bible	7787	3029	387712	not_enough	nld_latn, por_latn, hun_latn, eng_latn, deu_latn, cat_latn, ita_latn, fra_latn, spa_latn, slv_latn	jpn_jpan, kor_hang, tam_taml, zho_hans, npi_deva, kaz_cyrl, ben_beng, ces_latn, rus_cyrl, bel_cyrl
snn_latn	Siona	bible	7823	3027	387456	not_enough	tur_latn, aze_latn, hun_latn, ces_latn, fin_latn, lit_latn, spa_latn, est_latn, por_latn, lav_latn	tha_thai, vie_latn, zho_hans, ind_latn, npi_deva, arb_arab, rus_cyrl, heb_hebr, jpn_jpan, kor_hang
trq_latn	San Martín Itunyoso Triqui	bible	7820	3024	387072	not_enough	spa_latn, por_latn, cat_latn, ita_latn, fra_latn, arb_arab, eng_latn, ell_grek, ron_latn, vie_latn	tam_taml, jpn_jpan, ben_beng, kor_hang, npi_deva, kaz_cyrl, zho_hans, hin_deva, urd_arab, kat_geor
kgk_latn	Kaiwá	bible	7656	3014	385792	not_enough	por_latn, spa_latn, fin_latn, hun_latn, cat_latn, slv_latn, est_latn, ita_latn, srp_cyrl, lit_latn	kor_hang, jpn_jpan, zho_hans, tha_thai, npi_deva, vie_latn, ben_beng, tam_taml, kaz_cyrl, ind_latn
ful_latn	Fulah	speechcorpus, wortschatz, wiki	16874	3013	385664	not_enough	fra_latn, heb_hebr, spa_latn, por_latn, ita_latn, arb_arab, cat_latn, ron_latn, sqi_latn, ces_latn	kor_hang, jpn_jpan, zho_hans, npi_deva, ben_beng, tam_taml, kaz_cyrl, urd_arab, hin_deva, rus_cyrl
ino_latn	Inoke-Yate	bible, bible0	7435	3007	384896	not_enough	aze_latn, tam_taml, ben_beng, jpn_jpan, tur_latn, hin_deva, kaz_cyrl, kor_hang, hye_armn, kat_geor	bul_cyrl, ukr_cyrl, bel_cyrl, por_latn, mkd_cyrl, ell_grek, cat_latn, pol_latn, eng_latn, fra_latn
xsi_latn	Sio	bible	10174	3006	384768	not_enough	ind_latn, tha_thai, vie_latn, zho_hans, ben_beng, fin_latn, heb_hebr, hun_latn, pes_arab, hin_deva	tam_taml, bel_cyrl, ukr_cyrl, ces_latn, mkd_cyrl, ell_grek, bul_cyrl, npi_deva, pol_latn, kaz_cyrl
aaz_latn	Amarasi	bible	9139	3005	384640	not_enough	ind_latn, vie_latn, tha_thai, ben_beng, heb_hebr, cat_latn, nld_latn, ita_latn, hun_latn, eng_latn	bel_cyrl, ukr_cyrl, jpn_jpan, kaz_cyrl, tam_taml, npi_deva, tur_latn, srp_cyrl, lav_latn, kor_hang
maz_latn	Central Mazahua	bible	7770	2995	383360	not_enough	spa_latn, por_latn, fra_latn, cat_latn, lit_latn, ell_grek, ita_latn, pes_arab, ron_latn, lav_latn	tam_taml, kor_hang, npi_deva, ben_beng, jpn_jpan, zho_hans, hin_deva, urd_arab, kaz_cyrl, kat_geor
bvr_latn	Burarra	bible	7536	2990	382720	not_enough	hin_deva, ben_beng, urd_arab, npi_deva, kor_hang, tam_taml, kaz_cyrl, jpn_jpan, kat_geor, ind_latn	ukr_cyrl, bel_cyrl, ces_latn, lav_latn, bul_cyrl, por_latn, fra_latn, eng_latn, pol_latn, swe_latn
maj_latn	Jalapa De Díaz Mazatec	bible	7596	2987	382336	not_enough	spa_latn, por_latn, cat_latn, ita_latn, fra_latn, arb_arab, ell_grek, eng_latn, sqi_latn, pol_latn	tam_taml, jpn_jpan, kor_hang, npi_deva, ben_beng, kaz_cyrl, zho_hans, hin_deva, urd_arab, kat_geor
yaq_latn	Yaqui	bible	8004	2986	382208	not_enough	fin_latn, est_latn, hun_latn, hin_deva, nob_latn, por_latn, spa_latn, pol_latn, dan_latn, slk_latn	tha_thai, vie_latn, ind_latn, tam_taml, arb_arab, heb_hebr, pes_arab, zho_hans, npi_deva, jpn_jpan
nuy_latn	Nunggubuyu	bible	7851	2983	381824	not_enough	hin_deva, ben_beng, urd_arab, ind_latn, npi_deva, tam_taml, arb_arab, vie_latn, tha_thai, kor_hang	fra_latn, dan_latn, swe_latn, eng_latn, ces_latn, ukr_cyrl, tur_latn, bul_cyrl, nld_latn, por_latn
chq_latn	Quiotepec Chinantec	bible	7956	2981	381568	not_enough	spa_latn, por_latn, cat_latn, ita_latn, eng_latn, ell_grek, fra_latn, sqi_latn, ron_latn, arb_arab	tam_taml, jpn_jpan, ben_beng, kor_hang, npi_deva, kaz_cyrl, zho_hans, urd_arab, aze_latn, hin_deva
sua_latn	Sulka	bible	7380	2979	381312	not_enough	ind_latn, vie_latn, tha_thai, pes_arab, lit_latn, ces_latn, hye_armn, fin_latn, arb_arab, heb_hebr	bel_cyrl, ukr_cyrl, mkd_cyrl, kor_hang, npi_deva, bul_cyrl, ell_grek, tur_latn, pol_latn, jpn_jpan
tfr_latn	Teribe	bible	8657	2976	380928	not_enough	hun_latn, por_latn, cat_latn, nld_latn, fra_latn, fin_latn, spa_latn, eng_latn, est_latn, deu_latn	zho_hans, tam_taml, npi_deva, jpn_jpan, tha_thai, rus_cyrl, vie_latn, kor_hang, arb_arab, ukr_cyrl
kek_latn	Kekchí	bible, tatoeba	7874	2968	379904	not_enough	spa_latn, por_latn, cat_latn, ita_latn, fra_latn, eng_latn, ell_grek, pol_latn, nob_latn, hun_latn	tam_taml, jpn_jpan, kor_hang, ben_beng, npi_deva, kaz_cyrl, zho_hans, tha_thai, hin_deva, urd_arab
ttc_latn	Tektiteko	bible	7977	2964	379392	not_enough	spa_latn, por_latn, cat_latn, fra_latn, ita_latn, ell_grek, eng_latn, pol_latn, ron_latn, sqi_latn	tam_taml, jpn_jpan, kor_hang, ben_beng, npi_deva, kaz_cyrl, zho_hans, hin_deva, urd_arab, aze_latn
mbc_latn	Macushi	bible	7931	2958	378624	not_enough	hun_latn, tur_latn, cat_latn, spa_latn, fin_latn, deu_latn, por_latn, fra_latn, hye_armn, nld_latn	zho_hans, tha_thai, vie_latn, ind_latn, jpn_jpan, kor_hang, npi_deva, tam_taml, rus_cyrl, urd_arab
gvr_deva	Gurung	bible	14015	2955	378240	not_enough	npi_deva, hin_deva, jpn_jpan, ben_beng, tam_taml, kaz_cyrl, kor_hang, aze_latn, zho_hans, tur_latn	spa_latn, cat_latn, fra_latn, por_latn, ita_latn, eng_latn, arb_arab, sqi_latn, ron_latn, ell_grek
too_latn	Xicotepec De Juárez Totonac	bible	7848	2926	374528	not_enough	por_latn, spa_latn, cat_latn, fra_latn, ita_latn, eng_latn, fin_latn, hun_latn, ell_grek, pol_latn	tam_taml, jpn_jpan, ben_beng, npi_deva, kor_hang, kaz_cyrl, tha_thai, zho_hans, hin_deva, urd_arab
crn_latn	El Nayar Cora	bible	7769	2924	374272	not_enough	fin_latn, spa_latn, por_latn, hun_latn, cat_latn, ell_grek, est_latn, ita_latn, fra_latn, slk_latn	tam_taml, jpn_jpan, npi_deva, ben_beng, tha_thai, kaz_cyrl, kor_hang, zho_hans, urd_arab, heb_hebr
hch_latn	Huichol	americasnli_test, americasnli_dev, americasnli_mlm, americasnlp2023_mt, americasnlp2021_mt, bible	18803	2911	372608	not_enough	fin_latn, lit_latn, hun_latn, lav_latn, spa_latn, ces_latn, por_latn, tur_latn, pes_arab, est_latn	tha_thai, vie_latn, zho_hans, arb_arab, ind_latn, npi_deva, heb_hebr, rus_cyrl, tam_taml, kor_hang
apn_latn	Apinayé	bible	7062	2906	371968	not_enough	hun_latn, fra_latn, nld_latn, por_latn, cat_latn, eng_latn, spa_latn, deu_latn, sqi_latn, fin_latn	zho_hans, jpn_jpan, kor_hang, tam_taml, rus_cyrl, npi_deva, tha_thai, kaz_cyrl, ukr_cyrl, bel_cyrl
iou_latn	Tuma-Irumu	bible	12514	2898	370944	not_enough	hin_deva, ben_beng, ind_latn, kat_geor, kor_hang, aze_latn, urd_arab, hye_armn, npi_deva, hun_latn	bul_cyrl, ukr_cyrl, bel_cyrl, mkd_cyrl, ces_latn, por_latn, eng_latn, pol_latn, lav_latn, cat_latn
tbk_latn	Calamian Tagbanwa	bible	7446	2897	370816	not_enough	ind_latn, vie_latn, tha_thai, arb_arab, hun_latn, fin_latn, zho_hans, rus_cyrl, eng_latn, ita_latn	tam_taml, ces_latn, npi_deva, kaz_cyrl, jpn_jpan, srp_cyrl, bel_cyrl, kor_hang, ukr_cyrl, tur_latn
stp_latn	Southeastern Tepehuan	bible	7860	2887	369536	not_enough	fin_latn, spa_latn, por_latn, nob_latn, cat_latn, est_latn, ita_latn, hun_latn, ell_grek, ron_latn	tam_taml, npi_deva, jpn_jpan, ben_beng, tha_thai, vie_latn, zho_hans, kaz_cyrl, kor_hang, urd_arab
zaa_latn	Sierra de Juárez Zapotec	bible	7874	2882	368896	not_enough	spa_latn, por_latn, cat_latn, ita_latn, fra_latn, arb_arab, ell_grek, eng_latn, ron_latn, sqi_latn	tam_taml, jpn_jpan, kor_hang, npi_deva, ben_beng, kaz_cyrl, zho_hans, hin_deva, urd_arab, kat_geor
knj_latn	Western Kanjobal	bible	7917	2876	368128	not_enough	spa_latn, por_latn, cat_latn, ita_latn, fra_latn, eng_latn, ell_grek, pol_latn, nob_latn, ron_latn	tam_taml, jpn_jpan, kor_hang, ben_beng, npi_deva, kaz_cyrl, tha_thai, zho_hans, urd_arab, aze_latn
txq_latn	Tii	bible	9053	2867	366976	not_enough	ind_latn, vie_latn, tha_thai, ben_beng, heb_hebr, hun_latn, cat_latn, ita_latn, eng_latn, nld_latn	bel_cyrl, jpn_jpan, ukr_cyrl, kaz_cyrl, tam_taml, npi_deva, kor_hang, srp_cyrl, lav_latn, slv_latn
ndo_latn	Ndonga	wortschatz, wiki	13629	2866	366848	not_enough	heb_hebr, arb_arab, fra_latn, spa_latn, ind_latn, por_latn, ita_latn, ron_latn, tha_thai, sqi_latn	jpn_jpan, kor_hang, zho_hans, tam_taml, npi_deva, kaz_cyrl, ben_beng, tur_latn, urd_arab, bel_cyrl
ctp_latn	Western Highland Chatino	americasnlp2023_mt, bible	10020	2864	366592	not_enough	spa_latn, por_latn, cat_latn, ita_latn, vie_latn, eng_latn, ell_grek, fra_latn, ind_latn, sqi_latn	tam_taml, ben_beng, npi_deva, jpn_jpan, kaz_cyrl, kor_hang, urd_arab, hin_deva, zho_hans, kat_geor
isd_latn	Isnag	bible	10653	2859	365952	not_enough	ind_latn, vie_latn, tha_thai, arb_arab, rus_cyrl, zho_hans, fin_latn, hun_latn, pol_latn, eng_latn	tam_taml, kaz_cyrl, npi_deva, jpn_jpan, ces_latn, tur_latn, srp_cyrl, kor_hang, mkd_cyrl, hye_armn
mpx_latn	Misima-Panaeati	bible	11833	2858	365824	not_enough	ind_latn, vie_latn, hin_deva, tha_thai, ben_beng, urd_arab, kor_hang, jpn_jpan, npi_deva, zho_hans	ces_latn, ukr_cyrl, bel_cyrl, lav_latn, bul_cyrl, mkd_cyrl, dan_latn, ell_grek, lit_latn, pol_latn
sbl_latn	Botolan Sambal	bible	11101	2850	364800	not_enough	ind_latn, vie_latn, tha_thai, arb_arab, zho_hans, rus_cyrl, ita_latn, fin_latn, pol_latn, hun_latn	tam_taml, kaz_cyrl, npi_deva, jpn_jpan, ces_latn, tur_latn, kor_hang, lav_latn, kat_geor, hye_armn
nfa_latn	Dhao	bible	9176	2850	364800	not_enough	ind_latn, vie_latn, tha_thai, ben_beng, heb_hebr, hun_latn, ita_latn, cat_latn, ron_latn, eng_latn	bel_cyrl, jpn_jpan, ukr_cyrl, kaz_cyrl, tam_taml, npi_deva, kor_hang, tur_latn, lav_latn, srp_cyrl
cya_latn	Nopala Chatino	bible	7924	2841	363648	not_enough	spa_latn, por_latn, cat_latn, ita_latn, fra_latn, arb_arab, ell_grek, eng_latn, sqi_latn, ron_latn	tam_taml, jpn_jpan, kor_hang, ben_beng, npi_deva, kaz_cyrl, zho_hans, urd_arab, aze_latn, kat_geor
mbj_latn	Nadëb	bible	7514	2838	363264	not_enough	spa_latn, por_latn, cat_latn, fra_latn, eng_latn, est_latn, slv_latn, hun_latn, ita_latn, nld_latn	zho_hans, tha_thai, jpn_jpan, vie_latn, kor_hang, ind_latn, tam_taml, rus_cyrl, npi_deva, ben_beng
myu_latn	Mundurukú	bible	7659	2837	363136	not_enough	tur_latn, hun_latn, pes_arab, aze_latn, spa_latn, por_latn, hye_armn, fin_latn, cat_latn, lit_latn	zho_hans, tha_thai, kor_hang, vie_latn, npi_deva, jpn_jpan, rus_cyrl, ind_latn, ben_beng, ukr_cyrl
blr_latn	Blang	bible	7602	2835	362880	not_enough	vie_latn, tha_thai, ind_latn, zho_hans, heb_hebr, rus_cyrl, eng_latn, ron_latn, sqi_latn, swe_latn	tam_taml, kaz_cyrl, tur_latn, jpn_jpan, npi_deva, ces_latn, lav_latn, kor_hang, hye_armn, lit_latn
akh_latn	Angal Heneng	bible	7484	2825	361600	not_enough	tam_taml, jpn_jpan, ben_beng, kor_hang, kaz_cyrl, aze_latn, hin_deva, ind_latn, urd_arab, npi_deva	ukr_cyrl, bel_cyrl, bul_cyrl, ell_grek, mkd_cyrl, eng_latn, por_latn, swe_latn, pol_latn, spa_latn
pjt_latn	Pitjantjatjara	bible	10708	2819	360832	not_enough	ben_beng, ind_latn, tam_taml, jpn_jpan, hin_deva, urd_arab, kaz_cyrl, npi_deva, kor_hang, aze_latn	bel_cyrl, spa_latn, por_latn, ell_grek, ukr_cyrl, cat_latn, ita_latn, bul_cyrl, slk_latn, ces_latn
djr_latn	Djambarrpuyngu	bible	7942	2809	359552	not_enough	ben_beng, hin_deva, ind_latn, tam_taml, npi_deva, kor_hang, urd_arab, jpn_jpan, vie_latn, tha_thai	por_latn, bul_cyrl, spa_latn, fra_latn, ell_grek, cat_latn, mkd_cyrl, tur_latn, bel_cyrl, ita_latn
xla_latn	Kamula	bible	9330	2809	359552	not_enough	ind_latn, tam_taml, aze_latn, ben_beng, jpn_jpan, hin_deva, kor_hang, tur_latn, kaz_cyrl, urd_arab	ukr_cyrl, bel_cyrl, bul_cyrl, mkd_cyrl, eng_latn, ell_grek, por_latn, swe_latn, pol_latn, fra_latn
mil_latn	Peñoles Mixtec	bible	7325	2808	359424	not_enough	spa_latn, cat_latn, por_latn, vie_latn, ita_latn, ell_grek, eng_latn, fra_latn, arb_arab, sqi_latn	tam_taml, ben_beng, jpn_jpan, npi_deva, kaz_cyrl, kor_hang, urd_arab, hin_deva, kat_geor, zho_hans
tee_latn	Huehuetla Tepehua	bible	7890	2804	358912	not_enough	spa_latn, por_latn, fra_latn, cat_latn, eng_latn, ita_latn, fin_latn, ell_grek, hun_latn, nob_latn	tam_taml, jpn_jpan, ben_beng, npi_deva, kor_hang, kaz_cyrl, tha_thai, zho_hans, urd_arab, hin_deva
byx_latn	Qaqet	bible	7829	2804	358912	not_enough	ind_latn, hin_deva, tha_thai, vie_latn, urd_arab, ben_beng, kat_geor, npi_deva, fin_latn, aze_latn	eng_latn, ukr_cyrl, lav_latn, ces_latn, swe_latn, bel_cyrl, bul_cyrl, dan_latn, mkd_cyrl, ell_grek
caf_latn	Southern Carrier	bible	7990	2803	358784	not_enough	fin_latn, hun_latn, est_latn, spa_latn, por_latn, tur_latn, nob_latn, fra_latn, pes_arab, nld_latn	tam_taml, npi_deva, tha_thai, zho_hans, arb_arab, kaz_cyrl, jpn_jpan, ben_beng, heb_hebr, ukr_cyrl
pma_latn	Paama	bible	11060	2801	358528	not_enough	ind_latn, vie_latn, tha_thai, pes_arab, lit_latn, ita_latn, ces_latn, heb_hebr, cat_latn, ron_latn	kaz_cyrl, npi_deva, ukr_cyrl, kor_hang, bel_cyrl, kat_geor, tur_latn, tam_taml, srp_cyrl, jpn_jpan
vid_latn	Vidunda	bible	13711	2799	358272	not_enough	heb_hebr, arb_arab, pes_arab, spa_latn, ita_latn, ind_latn, lit_latn, ces_latn, por_latn, sqi_latn	kor_hang, jpn_jpan, zho_hans, npi_deva, tam_taml, ben_beng, kaz_cyrl, bel_cyrl, ukr_cyrl, swe_latn
inb_latn	Inga	bible	7746	2796	357888	not_enough	tur_latn, aze_latn, hun_latn, fin_latn, est_latn, ces_latn, spa_latn, slv_latn, lit_latn, por_latn	tha_thai, vie_latn, zho_hans, ind_latn, rus_cyrl, jpn_jpan, heb_hebr, arb_arab, kor_hang, npi_deva
otm_latn	Eastern Highland Otomi	bible	7937	2794	357632	not_enough	spa_latn, por_latn, fra_latn, cat_latn, ita_latn, lit_latn, ell_grek, ron_latn, sqi_latn, pol_latn	tam_taml, kor_hang, jpn_jpan, ben_beng, npi_deva, zho_hans, kaz_cyrl, hin_deva, urd_arab, kat_geor
coe_latn	Koreguaje	bible	7509	2786	356608	not_enough	spa_latn, lit_latn, ces_latn, por_latn, est_latn, cat_latn, slv_latn, fin_latn, ita_latn, lav_latn	zho_hans, tha_thai, vie_latn, jpn_jpan, kor_hang, npi_deva, ind_latn, urd_arab, ben_beng, hin_deva
llg_latn	Lole	bible	9173	2777	355456	not_enough	ind_latn, vie_latn, tha_thai, ben_beng, heb_hebr, hun_latn, cat_latn, ita_latn, eng_latn, nld_latn	bel_cyrl, jpn_jpan, ukr_cyrl, tam_taml, kaz_cyrl, npi_deva, srp_cyrl, kor_hang, lav_latn, tur_latn
gmv_latn	Gamo	bible, bible0	15710	2773	354944	not_enough	aze_latn, tam_taml, tur_latn, kaz_cyrl, hin_deva, urd_arab, pes_arab, npi_deva, ben_beng, hye_armn	tha_thai, vie_latn, ind_latn, zho_hans, jpn_jpan, eng_latn, swe_latn, ukr_cyrl, heb_hebr, kor_hang
bno_latn	Bantoanon	bible	10219	2771	354688	not_enough	ind_latn, vie_latn, tha_thai, arb_arab, zho_hans, ita_latn, rus_cyrl, eng_latn, cat_latn, hun_latn	tam_taml, npi_deva, kaz_cyrl, ces_latn, jpn_jpan, tur_latn, mkd_cyrl, bel_cyrl, srp_cyrl, kor_hang
cok_latn	Santa Teresa Cora	bible	10414	2770	354560	not_enough	spa_latn, por_latn, fin_latn, cat_latn, hun_latn, ell_grek, fra_latn, ita_latn, eng_latn, nob_latn	tam_taml, tha_thai, jpn_jpan, npi_deva, ben_beng, kor_hang, vie_latn, kaz_cyrl, zho_hans, pes_arab
nwb_latn	Nyabwa	bible	7378	2761	353408	not_enough	fra_latn, por_latn, spa_latn, slv_latn, cat_latn, ita_latn, srp_cyrl, eng_latn, heb_hebr, ron_latn	jpn_jpan, kor_hang, tam_taml, npi_deva, ben_beng, kaz_cyrl, zho_hans, hin_deva, pes_arab, urd_arab
chf_latn	Tabasco Chontal	bible	7970	2752	352256	not_enough	spa_latn, por_latn, cat_latn, ita_latn, eng_latn, ron_latn, fra_latn, fin_latn, pol_latn, nob_latn	tam_taml, jpn_jpan, ben_beng, npi_deva, kaz_cyrl, kor_hang, tha_thai, zho_hans, aze_latn, urd_arab
tuo_latn	Tucano	bible	10635	2750	352000	not_enough	tur_latn, aze_latn, spa_latn, por_latn, hun_latn, ces_latn, fin_latn, lit_latn, cat_latn, est_latn	tha_thai, vie_latn, ind_latn, zho_hans, npi_deva, rus_cyrl, kor_hang, arb_arab, heb_hebr, ben_beng
ycn_latn	Yucuna	bible	7661	2742	350976	not_enough	spa_latn, por_latn, eng_latn, cat_latn, ita_latn, est_latn, slv_latn, fin_latn, nob_latn, hun_latn	jpn_jpan, tha_thai, zho_hans, kor_hang, tam_taml, npi_deva, kaz_cyrl, vie_latn, ben_beng, pes_arab
srm_latn	Saramaccan	bible	7827	2739	350592	not_enough	eng_latn, nld_latn, por_latn, deu_latn, cat_latn, ita_latn, spa_latn, dan_latn, swe_latn, nob_latn	jpn_jpan, npi_deva, tam_taml, kor_hang, kaz_cyrl, ben_beng, tha_thai, zho_hans, hin_deva, urd_arab
top_latn	Papantla Totonac	bible	7858	2738	350464	not_enough	por_latn, spa_latn, cat_latn, fra_latn, ita_latn, eng_latn, hun_latn, nob_latn, ron_latn, slk_latn	tam_taml, npi_deva, ben_beng, jpn_jpan, kaz_cyrl, kor_hang, urd_arab, hin_deva, tha_thai, zho_hans
mkn_latn	Kupang Malay	bible	9294	2737	350336	not_enough	ind_latn, vie_latn, tha_thai, rus_cyrl, heb_hebr, zho_hans, ita_latn, eng_latn, fra_latn, ron_latn	kaz_cyrl, tam_taml, tur_latn, jpn_jpan, ces_latn, aze_latn, kor_hang, npi_deva, hye_armn, lit_latn
aeu_latn	Akeu	bible	7564	2735	350080	not_enough	kor_hang, ben_beng, vie_latn, zho_hans, hin_deva, tha_thai, jpn_jpan, urd_arab, ind_latn, npi_deva	ces_latn, fra_latn, spa_latn, cat_latn, arb_arab, lav_latn, por_latn, ell_grek, bel_cyrl, ita_latn
zpq_latn	Zoogocho Zapotec	bible	7791	2735	350080	not_enough	spa_latn, cat_latn, por_latn, ita_latn, eng_latn, fra_latn, ron_latn, arb_arab, ell_grek, nob_latn	tam_taml, jpn_jpan, ben_beng, npi_deva, kor_hang, kaz_cyrl, zho_hans, hin_deva, urd_arab, aze_latn
yam_latn	Yamba	bible	7947	2732	349696	not_enough	spa_latn, por_latn, cat_latn, fra_latn, ita_latn, ron_latn, heb_hebr, slv_latn, srp_cyrl, nld_latn	jpn_jpan, kor_hang, zho_hans, tam_taml, kaz_cyrl, npi_deva, ben_beng, tur_latn, hin_deva, ind_latn
ndz_latn	Ndogo	bible	7954	2730	349440	not_enough	heb_hebr, cat_latn, por_latn, ita_latn, spa_latn, fra_latn, slv_latn, nld_latn, srp_cyrl, arb_arab	jpn_jpan, kor_hang, zho_hans, tam_taml, kaz_cyrl, npi_deva, ben_beng, tur_latn, hin_deva, ind_latn
aia_latn	Arosi	bible	7693	2729	349312	not_enough	vie_latn, ind_latn, tha_thai, zho_hans, eng_latn, rus_cyrl, ita_latn, heb_hebr, por_latn, ron_latn	tam_taml, kaz_cyrl, tur_latn, ces_latn, npi_deva, lit_latn, aze_latn, bel_cyrl, ben_beng, hye_armn
bki_latn	Baki	bible	7899	2728	349184	not_enough	ind_latn, vie_latn, tha_thai, ita_latn, cat_latn, ron_latn, heb_hebr, por_latn, eng_latn, fra_latn	kaz_cyrl, tam_taml, tur_latn, jpn_jpan, npi_deva, aze_latn, kor_hang, ukr_cyrl, bel_cyrl, ces_latn
con_latn	Cofán	bible	9387	2728	349184	not_enough	tur_latn, aze_latn, hun_latn, spa_latn, ces_latn, fin_latn, lit_latn, por_latn, est_latn, slv_latn	tha_thai, vie_latn, zho_hans, ind_latn, npi_deva, rus_cyrl, jpn_jpan, kor_hang, ukr_cyrl, bul_cyrl
jic_latn	Tol	bible	7791	2727	349056	not_enough	hun_latn, spa_latn, tur_latn, aze_latn, fin_latn, por_latn, fra_latn, hye_armn, kat_geor, lit_latn	tha_thai, zho_hans, vie_latn, ind_latn, jpn_jpan, npi_deva, rus_cyrl, kor_hang, heb_hebr, ben_beng
bfd_latn	Bafut	bible	7912	2725	348800	not_enough	spa_latn, por_latn, ita_latn, cat_latn, fra_latn, heb_hebr, ron_latn, ces_latn, sqi_latn, slv_latn	jpn_jpan, kor_hang, zho_hans, ben_beng, tam_taml, npi_deva, kaz_cyrl, hin_deva, tur_latn, aze_latn
usp_latn	Uspanteco	bible	7705	2715	347520	not_enough	por_latn, spa_latn, eng_latn, cat_latn, fra_latn, ita_latn, sqi_latn, pol_latn, swe_latn, nob_latn	tam_taml, jpn_jpan, ben_beng, kor_hang, kaz_cyrl, npi_deva, tha_thai, tur_latn, zho_hans, aze_latn
txu_latn	Kayapó	bible	7449	2706	346368	not_enough	hun_latn, fra_latn, slv_latn, fin_latn, por_latn, kat_geor, est_latn, deu_latn, sqi_latn, tur_latn	zho_hans, jpn_jpan, kor_hang, tha_thai, tam_taml, ind_latn, vie_latn, rus_cyrl, npi_deva, kaz_cyrl
lid_latn	Nyindrou	bible	9406	2701	345728	not_enough	ind_latn, vie_latn, tha_thai, eng_latn, zho_hans, nld_latn, hun_latn, fra_latn, deu_latn, nob_latn	tam_taml, kaz_cyrl, bel_cyrl, ces_latn, srp_cyrl, tur_latn, npi_deva, ukr_cyrl, slv_latn, lit_latn
cwe_latn	Kwere	bible	13709	2697	345216	not_enough	heb_hebr, arb_arab, pes_arab, spa_latn, ita_latn, ind_latn, ces_latn, sqi_latn, lit_latn, fra_latn	kor_hang, jpn_jpan, zho_hans, npi_deva, tam_taml, ben_beng, kaz_cyrl, bel_cyrl, ukr_cyrl, swe_latn
tod_latn	Toma	bible	10946	2695	344960	not_enough	fra_latn, nld_latn, por_latn, eng_latn, hun_latn, spa_latn, kat_geor, deu_latn, cat_latn, heb_hebr	jpn_jpan, kor_hang, zho_hans, tam_taml, npi_deva, kaz_cyrl, ind_latn, vie_latn, ben_beng, rus_cyrl
chd_latn	Highland Oaxaca Chontal	bible	7882	2693	344704	not_enough	spa_latn, por_latn, cat_latn, fra_latn, fin_latn, ita_latn, hun_latn, pol_latn, eng_latn, ell_grek	tam_taml, jpn_jpan, tha_thai, ben_beng, kor_hang, npi_deva, zho_hans, kaz_cyrl, vie_latn, urd_arab
bvd_latn	Baeggu	bible	7958	2688	344064	not_enough	ind_latn, vie_latn, tha_thai, zho_hans, ita_latn, eng_latn, fin_latn, heb_hebr, ron_latn, cat_latn	tam_taml, kaz_cyrl, tur_latn, npi_deva, ces_latn, aze_latn, lit_latn, jpn_jpan, bel_cyrl, lav_latn
tca_latn	Ticuna	bible	7512	2685	343680	not_enough	spa_latn, por_latn, ces_latn, lit_latn, slv_latn, cat_latn, est_latn, fra_latn, fin_latn, eng_latn	tha_thai, jpn_jpan, zho_hans, kor_hang, vie_latn, npi_deva, ind_latn, ben_beng, tam_taml, urd_arab
kwf_latn	Kwara'ae	bible	9236	2684	343552	not_enough	ind_latn, vie_latn, tha_thai, zho_hans, ita_latn, heb_hebr, eng_latn, ron_latn, fin_latn, cat_latn	tam_taml, kaz_cyrl, tur_latn, npi_deva, ces_latn, aze_latn, jpn_jpan, lit_latn, bel_cyrl, urd_arab
bex_latn	Jur Modo	bible	10565	2678	342784	not_enough	cat_latn, ita_latn, spa_latn, por_latn, heb_hebr, ron_latn, arb_arab, fra_latn, sqi_latn, tha_thai	jpn_jpan, kor_hang, zho_hans, tam_taml, kaz_cyrl, npi_deva, ben_beng, tur_latn, lav_latn, aze_latn
apb_latn	Sa'a	bible	7485	2673	342144	not_enough	ind_latn, vie_latn, tha_thai, eng_latn, zho_hans, ita_latn, fin_latn, swe_latn, ron_latn, rus_cyrl	kaz_cyrl, tur_latn, tam_taml, aze_latn, npi_deva, ces_latn, ben_beng, lit_latn, jpn_jpan, lav_latn
rub_latn	Gungu	bible	7776	2671	341888	not_enough	heb_hebr, arb_arab, spa_latn, pes_arab, ita_latn, ces_latn, cat_latn, ron_latn, fra_latn, lit_latn	kor_hang, jpn_jpan, zho_hans, npi_deva, ben_beng, tam_taml, kaz_cyrl, bel_cyrl, ukr_cyrl, rus_cyrl
mux_latn	Bo-Ung	bible	7440	2669	341632	not_enough	jpn_jpan, tam_taml, kor_hang, ben_beng, ind_latn, kaz_cyrl, hin_deva, aze_latn, urd_arab, npi_deva	ukr_cyrl, bel_cyrl, mkd_cyrl, bul_cyrl, ell_grek, pol_latn, slk_latn, eng_latn, dan_latn, srp_cyrl
nnw_latn	Southern Nuni	bible	7781	2667	341376	not_enough	por_latn, spa_latn, fra_latn, cat_latn, ita_latn, eng_latn, slv_latn, heb_hebr, srp_cyrl, hun_latn	jpn_jpan, kor_hang, tam_taml, npi_deva, pes_arab, ben_beng, kaz_cyrl, tur_latn, zho_hans, ces_latn
wim_latn	Wik-Mungkan	bible	7487	2662	340736	not_enough	ben_beng, hin_deva, ind_latn, kor_hang, urd_arab, tam_taml, npi_deva, tha_thai, jpn_jpan, vie_latn	por_latn, spa_latn, bul_cyrl, cat_latn, bel_cyrl, fra_latn, ell_grek, ces_latn, ita_latn, mkd_cyrl
mdf_cyrl	Moksha	webcorpora, wiki, tatoeba	16896	2656	339968	not_enough	fin_latn, est_latn, hun_latn, mkd_cyrl, rus_cyrl, ukr_cyrl, bel_cyrl, bul_cyrl, srp_cyrl, slk_latn	jpn_jpan, tha_thai, vie_latn, ind_latn, npi_deva, kor_hang, tam_taml, zho_hans, pes_arab, ben_beng
bch_latn	Bariai	bible	10445	2650	339200	not_enough	vie_latn, ind_latn, tha_thai, ben_beng, zho_hans, hun_latn, fin_latn, pes_arab, heb_hebr, eng_latn	tam_taml, bel_cyrl, ukr_cyrl, npi_deva, kaz_cyrl, ces_latn, srp_cyrl, mkd_cyrl, slv_latn, pol_latn
pac_latn	Pacoh	bible	7888	2649	339072	not_enough	vie_latn, tha_thai, ind_latn, zho_hans, eng_latn, heb_hebr, rus_cyrl, ron_latn, swe_latn, sqi_latn	tam_taml, kaz_cyrl, tur_latn, npi_deva, ces_latn, jpn_jpan, lav_latn, lit_latn, ben_beng, hye_armn
blt_latn	Tai Dam	bible	8000	2637	337536	not_enough	vie_latn, tha_thai, ind_latn, zho_hans, rus_cyrl, heb_hebr, eng_latn, ron_latn, arb_arab, swe_latn	tam_taml, tur_latn, kaz_cyrl, jpn_jpan, lav_latn, ces_latn, npi_deva, lit_latn, aze_latn, hye_armn
pad_latn	Paumarí	bible	7374	2633	337024	not_enough	spa_latn, por_latn, cat_latn, ita_latn, est_latn, fin_latn, hun_latn, nld_latn, eng_latn, slv_latn	zho_hans, tha_thai, jpn_jpan, vie_latn, kor_hang, npi_deva, ind_latn, ben_beng, rus_cyrl, kaz_cyrl
row_latn	Dela-Oenale	bible	9171	2632	336896	not_enough	ind_latn, vie_latn, tha_thai, ben_beng, heb_hebr, ita_latn, cat_latn, hun_latn, eng_latn, ron_latn	bel_cyrl, jpn_jpan, ukr_cyrl, tam_taml, kaz_cyrl, npi_deva, kor_hang, lav_latn, srp_cyrl, slv_latn
mcp_latn	Makaa	bible	7703	2631	336768	not_enough	spa_latn, heb_hebr, por_latn, cat_latn, ita_latn, pes_arab, arb_arab, ces_latn, fra_latn, lit_latn	kor_hang, jpn_jpan, zho_hans, ben_beng, npi_deva, tam_taml, kaz_cyrl, hin_deva, rus_cyrl, urd_arab
mfi_latn	Wandala	bible	9361	2631	336768	not_enough	spa_latn, ita_latn, cat_latn, por_latn, fra_latn, heb_hebr, arb_arab, ron_latn, eng_latn, ces_latn	kor_hang, jpn_jpan, zho_hans, ben_beng, npi_deva, tam_taml, kaz_cyrl, hin_deva, urd_arab, bel_cyrl
any_latn	Anyin	bible	7939	2629	336512	not_enough	por_latn, spa_latn, cat_latn, ita_latn, fra_latn, heb_hebr, aze_latn, ron_latn, sqi_latn, slv_latn	kor_hang, jpn_jpan, zho_hans, npi_deva, tam_taml, ben_beng, rus_cyrl, hin_deva, ind_latn, bel_cyrl
spp_latn	Supyire Senoufo	bible	9249	2629	336512	not_enough	fra_latn, hun_latn, nld_latn, cat_latn, eng_latn, por_latn, deu_latn, ita_latn, dan_latn, sqi_latn	jpn_jpan, kor_hang, tam_taml, vie_latn, ind_latn, tha_thai, zho_hans, npi_deva, rus_cyrl, bel_cyrl
cap_latn	Chipaya	bible	7928	2626	336128	not_enough	hun_latn, tur_latn, slv_latn, spa_latn, fin_latn, por_latn, dan_latn, nob_latn, deu_latn, est_latn	tha_thai, vie_latn, zho_hans, ind_latn, jpn_jpan, npi_deva, rus_cyrl, pes_arab, heb_hebr, kor_hang
gwi_latn	Gwichʼin	bible	7830	2625	336000	not_enough	fin_latn, hun_latn, est_latn, hin_deva, tur_latn, urd_arab, spa_latn, kat_geor, pes_arab, por_latn	tam_taml, tha_thai, arb_arab, ind_latn, heb_hebr, zho_hans, jpn_jpan, npi_deva, vie_latn, kaz_cyrl
tcs_latn	Torres Strait Creole	bible	9624	2623	335744	not_enough	ind_latn, kat_geor, kor_hang, vie_latn, ben_beng, hin_deva, tha_thai, hye_armn, fin_latn, jpn_jpan	bul_cyrl, bel_cyrl, ell_grek, spa_latn, por_latn, mkd_cyrl, ukr_cyrl, cat_latn, fra_latn, heb_hebr
cje_latn	Chru	bible	7907	2617	334976	not_enough	vie_latn, ind_latn, tha_thai, heb_hebr, zho_hans, rus_cyrl, ron_latn, ita_latn, eng_latn, sqi_latn	tam_taml, kaz_cyrl, tur_latn, jpn_jpan, ces_latn, npi_deva, lav_latn, aze_latn, lit_latn, kor_hang
kgp_latn	Kaingang	bible	7918	2617	334976	not_enough	hun_latn, por_latn, pes_arab, fra_latn, cat_latn, spa_latn, tur_latn, kat_geor, nld_latn, fin_latn	zho_hans, jpn_jpan, kor_hang, tam_taml, rus_cyrl, npi_deva, kaz_cyrl, lav_latn, ukr_cyrl, bel_cyrl
tac_latn	Lowland Tarahumara	bible	7935	2616	334848	not_enough	hun_latn, fin_latn, por_latn, spa_latn, est_latn, nob_latn, slk_latn, hin_deva, eng_latn, cat_latn	tha_thai, vie_latn, tam_taml, heb_hebr, ind_latn, arb_arab, npi_deva, pes_arab, rus_cyrl, ben_beng
tku_latn	Upper Necaxa Totonac	bible	7839	2616	334848	not_enough	spa_latn, por_latn, fra_latn, cat_latn, ita_latn, eng_latn, hun_latn, ell_grek, ron_latn, sqi_latn	tam_taml, jpn_jpan, npi_deva, ben_beng, kor_hang, kaz_cyrl, hin_deva, urd_arab, zho_hans, tha_thai
zca_latn	Coatecas Altas Zapotec	bible	7995	2613	334464	not_enough	spa_latn, por_latn, cat_latn, fra_latn, ita_latn, vie_latn, arb_arab, ind_latn, eng_latn, ell_grek	tam_taml, npi_deva, jpn_jpan, ben_beng, kor_hang, kaz_cyrl, urd_arab, zho_hans, hin_deva, kat_geor
egl_latn	Emilian	wiki, tatoeba	12465	2606	333568	not_enough	por_latn, ita_latn, cat_latn, ron_latn, spa_latn, sqi_latn, fra_latn, nob_latn, slk_latn, eng_latn	jpn_jpan, kor_hang, tam_taml, zho_hans, npi_deva, tha_thai, ben_beng, kaz_cyrl, vie_latn, ind_latn
bps_latn	Sarangani Blaan	bible	11528	2601	332928	not_enough	ind_latn, vie_latn, tha_thai, fin_latn, arb_arab, hun_latn, hin_deva, zho_hans, est_latn, rus_cyrl	jpn_jpan, tam_taml, npi_deva, kaz_cyrl, ces_latn, deu_latn, nld_latn, ukr_cyrl, dan_latn, kor_hang
tsw_latn	Tsishingini	bible	7962	2592	331776	not_enough	fra_latn, spa_latn, cat_latn, por_latn, ita_latn, nld_latn, eng_latn, heb_hebr, deu_latn, ron_latn	jpn_jpan, kor_hang, tam_taml, kaz_cyrl, zho_hans, npi_deva, ben_beng, tur_latn, hin_deva, aze_latn
mmx_latn	Madak	bible	10409	2589	331392	not_enough	ind_latn, vie_latn, tha_thai, zho_hans, ita_latn, eng_latn, ron_latn, cat_latn, nob_latn, swe_latn	tam_taml, kaz_cyrl, tur_latn, npi_deva, ces_latn, jpn_jpan, aze_latn, lit_latn, bel_cyrl, ben_beng
tpz_latn	Tinputz	bible	7743	2585	330880	not_enough	ind_latn, vie_latn, tha_thai, zho_hans, eng_latn, hun_latn, ita_latn, rus_cyrl, fin_latn, heb_hebr	tam_taml, kaz_cyrl, npi_deva, tur_latn, ces_latn, lit_latn, aze_latn, bel_cyrl, lav_latn, jpn_jpan
apr_latn	Arop-Lokep	bible	7590	2584	330752	not_enough	ind_latn, vie_latn, tha_thai, ben_beng, hun_latn, pes_arab, zho_hans, fin_latn, eng_latn, nld_latn	bel_cyrl, tam_taml, ukr_cyrl, npi_deva, mkd_cyrl, pol_latn, kaz_cyrl, jpn_jpan, lav_latn, ces_latn
toj_latn	Tojolabal	bible	7860	2582	330496	not_enough	spa_latn, por_latn, cat_latn, ita_latn, fra_latn, eng_latn, ell_grek, pol_latn, nob_latn, ron_latn	tam_taml, jpn_jpan, kor_hang, ben_beng, npi_deva, kaz_cyrl, zho_hans, tha_thai, aze_latn, hin_deva
khs_latn	Kasua	bible	7860	2576	329728	not_enough	tam_taml, aze_latn, ind_latn, ben_beng, jpn_jpan, hin_deva, tur_latn, kor_hang, kaz_cyrl, urd_arab	ukr_cyrl, bel_cyrl, bul_cyrl, ell_grek, mkd_cyrl, eng_latn, pol_latn, por_latn, swe_latn, dan_latn
nii_latn	Nii	bible	7873	2575	329600	not_enough	jpn_jpan, tam_taml, kor_hang, ben_beng, kaz_cyrl, ind_latn, hin_deva, aze_latn, urd_arab, npi_deva	ukr_cyrl, bel_cyrl, mkd_cyrl, bul_cyrl, ell_grek, pol_latn, slk_latn, eng_latn, por_latn, dan_latn
rgu_latn	Ringgou	bible	8317	2570	328960	not_enough	ind_latn, vie_latn, tha_thai, ben_beng, heb_hebr, cat_latn, ita_latn, hun_latn, ron_latn, eng_latn	bel_cyrl, ukr_cyrl, jpn_jpan, kaz_cyrl, tam_taml, npi_deva, srp_cyrl, kor_hang, lav_latn, slv_latn
ake_latn	Akawaio	bible	7917	2568	328704	not_enough	tur_latn, spa_latn, cat_latn, ita_latn, por_latn, pes_arab, hun_latn, fin_latn, eng_latn, nld_latn	tha_thai, zho_hans, vie_latn, kor_hang, ind_latn, npi_deva, jpn_jpan, ben_beng, rus_cyrl, tam_taml
cbr_latn	Cashibo-Cacataibo	bible	8998	2568	328704	not_enough	tur_latn, aze_latn, hun_latn, por_latn, spa_latn, cat_latn, fin_latn, lav_latn, deu_latn, lit_latn	zho_hans, tha_thai, vie_latn, kor_hang, npi_deva, ind_latn, rus_cyrl, jpn_jpan, ukr_cyrl, bel_cyrl
yon_latn	Yongkom	bible	11861	2566	328448	not_enough	ben_beng, kor_hang, jpn_jpan, hin_deva, ind_latn, urd_arab, npi_deva, tam_taml, vie_latn, aze_latn	ukr_cyrl, bel_cyrl, bul_cyrl, ces_latn, mkd_cyrl, por_latn, eng_latn, lav_latn, ell_grek, swe_latn
sja_latn	Epena	bible	7661	2563	328064	not_enough	tur_latn, aze_latn, nld_latn, spa_latn, deu_latn, hun_latn, fra_latn, por_latn, eng_latn, lav_latn	tha_thai, vie_latn, zho_hans, ind_latn, npi_deva, rus_cyrl, bel_cyrl, arb_arab, ben_beng, urd_arab
ppo_latn	Folopa	bible	7711	2563	328064	not_enough	jpn_jpan, kor_hang, ben_beng, tam_taml, hin_deva, urd_arab, npi_deva, kaz_cyrl, aze_latn, ind_latn	ukr_cyrl, bel_cyrl, bul_cyrl, mkd_cyrl, pol_latn, ell_grek, ces_latn, eng_latn, sqi_latn, slk_latn
sab_latn	Buglere	bible	7034	2556	327168	not_enough	tur_latn, aze_latn, hun_latn, por_latn, spa_latn, lit_latn, ces_latn, cat_latn, fra_latn, fin_latn	tha_thai, zho_hans, vie_latn, npi_deva, ind_latn, rus_cyrl, arb_arab, jpn_jpan, kor_hang, ben_beng
mpm_latn	Yosondúa Mixtec	bible	7896	2554	326912	not_enough	spa_latn, por_latn, cat_latn, ita_latn, vie_latn, eng_latn, sqi_latn, ron_latn, fra_latn, ell_grek	tam_taml, ben_beng, jpn_jpan, npi_deva, kor_hang, kaz_cyrl, urd_arab, hin_deva, zho_hans, kat_geor
zad_latn	Cajonos Zapotec	bible	7928	2552	326656	not_enough	spa_latn, por_latn, cat_latn, fra_latn, ita_latn, arb_arab, ell_grek, eng_latn, sqi_latn, pol_latn	tam_taml, jpn_jpan, kor_hang, npi_deva, ben_beng, kaz_cyrl, zho_hans, urd_arab, kat_geor, hin_deva
cut_latn	Teutila Cuicatec	bible	7845	2545	325760	not_enough	spa_latn, por_latn, cat_latn, ita_latn, fra_latn, ell_grek, eng_latn, arb_arab, ron_latn, vie_latn	tam_taml, jpn_jpan, ben_beng, kor_hang, npi_deva, kaz_cyrl, zho_hans, urd_arab, hin_deva, kat_geor
cbi_latn	Chachi	bible	10489	2543	325504	not_enough	tur_latn, aze_latn, fin_latn, ces_latn, lit_latn, hun_latn, est_latn, spa_latn, por_latn, lav_latn	tha_thai, vie_latn, ind_latn, zho_hans, arb_arab, npi_deva, heb_hebr, rus_cyrl, urd_arab, kor_hang
cbt_latn	Chayahuita	bible	9068	2543	325504	not_enough	tur_latn, aze_latn, hun_latn, spa_latn, fin_latn, ces_latn, lit_latn, hye_armn, kat_geor, kaz_cyrl	tha_thai, vie_latn, zho_hans, ind_latn, rus_cyrl, heb_hebr, kor_hang, arb_arab, npi_deva, ukr_cyrl
ote_latn	Mezquital Otomi	bible	7958	2536	324608	not_enough	spa_latn, por_latn, cat_latn, fra_latn, ita_latn, eng_latn, fin_latn, pol_latn, ell_grek, sqi_latn	tam_taml, jpn_jpan, ben_beng, npi_deva, kor_hang, kaz_cyrl, zho_hans, urd_arab, tha_thai, hin_deva
ign_latn	Ignaciano	bible	7251	2518	322304	not_enough	spa_latn, por_latn, cat_latn, ita_latn, fra_latn, ell_grek, arb_arab, slv_latn, eng_latn, sqi_latn	jpn_jpan, kor_hang, zho_hans, tam_taml, ben_beng, kaz_cyrl, npi_deva, tha_thai, urd_arab, aze_latn
mdm_latn	Mayogo	bible	7940	2513	321664	not_enough	fra_latn, spa_latn, nld_latn, cat_latn, deu_latn, ita_latn, eng_latn, por_latn, heb_hebr, tha_thai	jpn_jpan, kor_hang, tam_taml, kaz_cyrl, zho_hans, npi_deva, ben_beng, tur_latn, aze_latn, bel_cyrl
mxv_latn	Metlatónoc Mixtec	bible	7940	2513	321664	not_enough	spa_latn, por_latn, cat_latn, ita_latn, vie_latn, fra_latn, eng_latn, sqi_latn, ell_grek, arb_arab	tam_taml, ben_beng, npi_deva, jpn_jpan, kor_hang, kaz_cyrl, urd_arab, hin_deva, kat_geor, zho_hans
atb_latn	Zaiwa	bible	7752	2511	321408	not_enough	ben_beng, jpn_jpan, kor_hang, kaz_cyrl, tam_taml, aze_latn, zho_hans, hin_deva, urd_arab, vie_latn	spa_latn, bel_cyrl, por_latn, ita_latn, cat_latn, ell_grek, mkd_cyrl, bul_cyrl, ukr_cyrl, fra_latn
mta_latn	Cotabato Manobo	bible	7851	2510	321280	not_enough	ind_latn, vie_latn, tha_thai, arb_arab, zho_hans, rus_cyrl, hun_latn, ita_latn, eng_latn, fin_latn	tam_taml, ces_latn, jpn_jpan, tur_latn, kaz_cyrl, npi_deva, srp_cyrl, kor_hang, bel_cyrl, slv_latn
mge_latn	Mango	bible	7851	2510	321280	not_enough	spa_latn, cat_latn, ita_latn, por_latn, heb_hebr, fra_latn, arb_arab, ron_latn, slv_latn, sqi_latn	jpn_jpan, kor_hang, tam_taml, zho_hans, kaz_cyrl, npi_deva, ben_beng, tur_latn, rus_cyrl, hin_deva
lgl_latn	Wala	bible	7932	2508	321024	not_enough	ind_latn, vie_latn, tha_thai, zho_hans, ita_latn, heb_hebr, eng_latn, cat_latn, ron_latn, rus_cyrl	tam_taml, kaz_cyrl, tur_latn, npi_deva, ces_latn, aze_latn, lit_latn, jpn_jpan, bel_cyrl, lav_latn
mic_latn	Mi'kmaq	bible, tatoeba	7960	2503	320384	not_enough	fin_latn, spa_latn, hun_latn, por_latn, fra_latn, pol_latn, est_latn, nob_latn, cat_latn, deu_latn	jpn_jpan, tha_thai, zho_hans, tam_taml, kor_hang, npi_deva, vie_latn, ind_latn, ben_beng, kaz_cyrl
xuo_latn	Kuo	bible	7663	2498	319744	not_enough	vie_latn, fra_latn, tha_thai, cat_latn, heb_hebr, por_latn, eng_latn, nld_latn, ita_latn, deu_latn	jpn_jpan, kor_hang, tam_taml, zho_hans, kaz_cyrl, npi_deva, ben_beng, hin_deva, urd_arab, tur_latn
omw_latn	South Tairora	bible0, bible1, bible	9741	2493	319104	not_enough	kor_hang, ben_beng, jpn_jpan, hin_deva, tam_taml, npi_deva, kaz_cyrl, urd_arab, aze_latn, kat_geor	bul_cyrl, ukr_cyrl, ell_grek, por_latn, bel_cyrl, eng_latn, mkd_cyrl, spa_latn, pol_latn, cat_latn
nak_latn	Nakanai	bible	7923	2492	318976	not_enough	ind_latn, vie_latn, tha_thai, zho_hans, ita_latn, ron_latn, eng_latn, rus_cyrl, cat_latn, por_latn	tam_taml, kaz_cyrl, tur_latn, npi_deva, jpn_jpan, ces_latn, aze_latn, lit_latn, lav_latn, bel_cyrl
xtd_latn	Diuxi-Tilantongo Mixtec	bible	7881	2490	318720	not_enough	spa_latn, por_latn, cat_latn, ita_latn, fra_latn, arb_arab, ell_grek, eng_latn, ron_latn, vie_latn	tam_taml, jpn_jpan, ben_beng, kor_hang, npi_deva, kaz_cyrl, zho_hans, hin_deva, urd_arab, kat_geor
dty_deva	Dotyali	wiki	11615	2489	318592	not_enough	npi_deva, hin_deva, ben_beng, aze_latn, urd_arab, tur_latn, tam_taml, kaz_cyrl, pes_arab, kat_geor	tha_thai, vie_latn, ind_latn, eng_latn, fra_latn, cat_latn, spa_latn, zho_hans, por_latn, ita_latn
yad_latn	Yagua	bible	7368	2488	318464	not_enough	fin_latn, spa_latn, por_latn, slv_latn, hun_latn, pol_latn, est_latn, cat_latn, sqi_latn, srp_cyrl	tha_thai, jpn_jpan, tam_taml, npi_deva, ben_beng, zho_hans, vie_latn, kor_hang, kaz_cyrl, urd_arab
dzo_tibt	Dzongkha	nllb, flores200_dev, flores200_devtest, wiki	9286	2488	318464	not_enough	jpn_jpan, kaz_cyrl, ben_beng, tam_taml, kor_hang, aze_latn, zho_hans, hin_deva, tur_latn, urd_arab	spa_latn, cat_latn, por_latn, ita_latn, bel_cyrl, bul_cyrl, mkd_cyrl, fra_latn, ron_latn, ell_grek
poi_latn	Highland Popoluca	bible	7916	2484	317952	not_enough	spa_latn, por_latn, cat_latn, eng_latn, fin_latn, ita_latn, hun_latn, nob_latn, fra_latn, dan_latn	tam_taml, jpn_jpan, npi_deva, tha_thai, ben_beng, kor_hang, kaz_cyrl, zho_hans, vie_latn, pes_arab
wnc_latn	Wantoat	bible	10343	2484	317952	not_enough	ind_latn, ben_beng, hin_deva, tha_thai, vie_latn, urd_arab, kor_hang, aze_latn, jpn_jpan, npi_deva	ukr_cyrl, bel_cyrl, ces_latn, bul_cyrl, mkd_cyrl, eng_latn, ell_grek, pol_latn, lav_latn, cat_latn
arq_arab	Algerian Arabic	bible, tatoeba	9432	2482	317696	not_enough	arb_arab, heb_hebr, ita_latn, pes_arab, cat_latn, sqi_latn, por_latn, urd_arab, ron_latn, spa_latn	jpn_jpan, kor_hang, tam_taml, ben_beng, kaz_cyrl, zho_hans, npi_deva, vie_latn, ind_latn, tur_latn
mit_latn	Southern Puebla Mixtec	bible	7683	2481	317568	not_enough	spa_latn, por_latn, cat_latn, ita_latn, fra_latn, arb_arab, ell_grek, ron_latn, eng_latn, vie_latn	tam_taml, jpn_jpan, ben_beng, kor_hang, npi_deva, kaz_cyrl, zho_hans, hin_deva, urd_arab, kat_geor
soq_latn	Kanasi	bible	10458	2480	317440	not_enough	ind_latn, vie_latn, hin_deva, tha_thai, ben_beng, urd_arab, kat_geor, kor_hang, hun_latn, aze_latn	ces_latn, ukr_cyrl, bel_cyrl, bul_cyrl, dan_latn, mkd_cyrl, lit_latn, swe_latn, pol_latn, lav_latn
hix_latn	Hixkaryána	bible	7196	2478	317184	not_enough	spa_latn, cat_latn, tur_latn, ita_latn, por_latn, lit_latn, ces_latn, hun_latn, eng_latn, pes_arab	zho_hans, tha_thai, jpn_jpan, kor_hang, npi_deva, vie_latn, ben_beng, ind_latn, tam_taml, rus_cyrl
aau_latn	Abau	bible	7800	2477	317056	not_enough	ben_beng, hin_deva, jpn_jpan, kor_hang, urd_arab, ind_latn, npi_deva, vie_latn, tam_taml, tha_thai	ukr_cyrl, bel_cyrl, ces_latn, eng_latn, bul_cyrl, pol_latn, mkd_cyrl, swe_latn, por_latn, dan_latn
cbv_latn	Cacua	bible	7492	2473	316544	not_enough	tur_latn, spa_latn, ces_latn, lit_latn, hun_latn, por_latn, aze_latn, cat_latn, deu_latn, est_latn	zho_hans, tha_thai, vie_latn, ind_latn, kor_hang, jpn_jpan, npi_deva, rus_cyrl, ben_beng, ukr_cyrl
att_latn	Pamplona Atta	bible	8004	2472	316416	not_enough	vie_latn, ind_latn, tha_thai, fin_latn, arb_arab, hun_latn, ita_latn, zho_hans, pes_arab, rus_cyrl	tam_taml, jpn_jpan, kaz_cyrl, lav_latn, npi_deva, kor_hang, kat_geor, deu_latn, dan_latn, ces_latn
nhr_latn	Naro	bible	7889	2468	315904	not_enough	hin_deva, urd_arab, ben_beng, slv_latn, kat_geor, est_latn, aze_latn, hun_latn, srp_cyrl, tur_latn	tha_thai, vie_latn, ind_latn, jpn_jpan, zho_hans, kor_hang, eng_latn, swe_latn, lav_latn, rus_cyrl
yle_latn	Yele	bible	7039	2459	314752	not_enough	tam_taml, jpn_jpan, hin_deva, ind_latn, ben_beng, urd_arab, tha_thai, kaz_cyrl, vie_latn, kor_hang	ukr_cyrl, bel_cyrl, mkd_cyrl, pol_latn, bul_cyrl, slk_latn, ell_grek, eng_latn, dan_latn, slv_latn
prq_latn	Ashéninka Perené	bible	11285	2453	313984	not_enough	spa_latn, cat_latn, por_latn, ita_latn, eng_latn, nob_latn, ron_latn, ell_grek, fin_latn, slk_latn	jpn_jpan, kor_hang, npi_deva, tam_taml, zho_hans, kaz_cyrl, ben_beng, tha_thai, urd_arab, aze_latn
iws_latn	Sepik Iwam	bible	8017	2453	313984	not_enough	ben_beng, hin_deva, ind_latn, urd_arab, jpn_jpan, aze_latn, npi_deva, vie_latn, kor_hang, tha_thai	ukr_cyrl, bel_cyrl, swe_latn, ces_latn, eng_latn, dan_latn, bul_cyrl, pol_latn, ell_grek, mkd_cyrl
ntu_latn	Natügu	bible	9918	2448	313344	not_enough	ind_latn, vie_latn, tha_thai, arb_arab, ita_latn, zho_hans, rus_cyrl, cat_latn, ron_latn, nob_latn	tam_taml, kaz_cyrl, npi_deva, tur_latn, ces_latn, aze_latn, mkd_cyrl, ben_beng, srp_cyrl, bel_cyrl
ntj_latn	Ngaanyatjarra	bible	11066	2447	313216	not_enough	tam_taml, ben_beng, hin_deva, kaz_cyrl, ind_latn, jpn_jpan, urd_arab, npi_deva, aze_latn, kor_hang	spa_latn, por_latn, cat_latn, bul_cyrl, ita_latn, eng_latn, bel_cyrl, ell_grek, fra_latn, swe_latn
sps_latn	Saposa	bible	8058	2447	313216	not_enough	ind_latn, vie_latn, tha_thai, eng_latn, zho_hans, ita_latn, ron_latn, cat_latn, nob_latn, rus_cyrl	tam_taml, kaz_cyrl, tur_latn, npi_deva, ces_latn, aze_latn, jpn_jpan, lit_latn, bel_cyrl, ben_beng
auc_latn	Waorani	bible	7676	2438	312064	not_enough	tur_latn, aze_latn, hun_latn, spa_latn, por_latn, fin_latn, fra_latn, ces_latn, lit_latn, cat_latn	tha_thai, vie_latn, zho_hans, ind_latn, npi_deva, rus_cyrl, kor_hang, heb_hebr, arb_arab, hin_deva
kew_latn	West Kewa	bible	9467	2437	311936	not_enough	tam_taml, jpn_jpan, ben_beng, kor_hang, kaz_cyrl, aze_latn, hin_deva, ind_latn, urd_arab, npi_deva	ukr_cyrl, bul_cyrl, bel_cyrl, mkd_cyrl, ell_grek, eng_latn, por_latn, swe_latn, pol_latn, dan_latn
miz_latn	Coatzospan Mixtec	bible	8015	2432	311296	not_enough	spa_latn, por_latn, cat_latn, ita_latn, fra_latn, ell_grek, arb_arab, ron_latn, eng_latn, vie_latn	tam_taml, jpn_jpan, ben_beng, npi_deva, kor_hang, kaz_cyrl, zho_hans, hin_deva, urd_arab, kat_geor
geb_latn	Kire	bible	7876	2432	311296	not_enough	ben_beng, hin_deva, urd_arab, kor_hang, ind_latn, npi_deva, jpn_jpan, tam_taml, kat_geor, vie_latn	ukr_cyrl, bel_cyrl, mkd_cyrl, bul_cyrl, ces_latn, ell_grek, lav_latn, pol_latn, por_latn, slk_latn
ptu_latn	Bambam	bible	9027	2430	311040	not_enough	ind_latn, vie_latn, tha_thai, heb_hebr, ita_latn, cat_latn, fin_latn, hun_latn, ron_latn, por_latn	jpn_jpan, tam_taml, kaz_cyrl, tur_latn, ces_latn, kor_hang, npi_deva, lav_latn, dan_latn, ukr_cyrl
atd_latn	Ata Manobo	bible	7904	2424	310272	not_enough	ind_latn, vie_latn, tha_thai, arb_arab, fin_latn, hun_latn, zho_hans, pes_arab, rus_cyrl, ita_latn	tam_taml, jpn_jpan, ces_latn, npi_deva, deu_latn, kor_hang, lav_latn, ukr_cyrl, nld_latn, kaz_cyrl
nop_latn	Numanggang	bible	11775	2424	310272	not_enough	hin_deva, ind_latn, ben_beng, kor_hang, jpn_jpan, urd_arab, tam_taml, kaz_cyrl, tha_thai, aze_latn	ukr_cyrl, bel_cyrl, bul_cyrl, mkd_cyrl, ell_grek, ces_latn, pol_latn, eng_latn, por_latn, swe_latn
acd_latn	Gikyode	bible	7645	2423	310144	not_enough	fra_latn, lav_latn, eng_latn, por_latn, heb_hebr, spa_latn, ita_latn, cat_latn, nld_latn, deu_latn	kor_hang, jpn_jpan, npi_deva, zho_hans, tam_taml, rus_cyrl, bel_cyrl, ben_beng, ind_latn, pol_latn
bmu_latn	Somba-Siawari	bible	9277	2421	309888	not_enough	tam_taml, ben_beng, kor_hang, jpn_jpan, kaz_cyrl, aze_latn, hin_deva, npi_deva, ind_latn, urd_arab	bul_cyrl, ukr_cyrl, bel_cyrl, mkd_cyrl, eng_latn, ell_grek, por_latn, pol_latn, spa_latn, cat_latn
mjc_latn	San Juan Colorado Mixtec	bible	7956	2420	309760	not_enough	spa_latn, por_latn, cat_latn, ita_latn, fra_latn, ell_grek, eng_latn, ron_latn, arb_arab, sqi_latn	tam_taml, jpn_jpan, ben_beng, kor_hang, npi_deva, kaz_cyrl, zho_hans, hin_deva, urd_arab, kat_geor
ssd_latn	Siroi	bible	10766	2420	309760	not_enough	ben_beng, hin_deva, ind_latn, jpn_jpan, urd_arab, kor_hang, tha_thai, vie_latn, npi_deva, tam_taml	ukr_cyrl, bel_cyrl, bul_cyrl, mkd_cyrl, ces_latn, ell_grek, eng_latn, por_latn, pol_latn, lav_latn
gvc_latn	Guanano	americasnlp2022_mt_test, americasnlp2022_stt, bible	10851	2417	309376	not_enough	tur_latn, spa_latn, por_latn, aze_latn, hun_latn, cat_latn, fin_latn, ces_latn, lit_latn, ita_latn	tha_thai, zho_hans, vie_latn, ind_latn, npi_deva, kor_hang, rus_cyrl, ben_beng, jpn_jpan, ukr_cyrl
kyf_latn	Kouya	bible	7798	2417	309376	not_enough	fra_latn, por_latn, spa_latn, ita_latn, cat_latn, slv_latn, srp_cyrl, eng_latn, heb_hebr, ron_latn	jpn_jpan, kor_hang, tam_taml, npi_deva, kaz_cyrl, ben_beng, zho_hans, hin_deva, pes_arab, tur_latn
mxp_latn	Tlahuitoltepec Mixe	bible	7944	2413	308864	not_enough	spa_latn, por_latn, cat_latn, hun_latn, ita_latn, fra_latn, eng_latn, ell_grek, fin_latn, nob_latn	tam_taml, tha_thai, npi_deva, jpn_jpan, zho_hans, kor_hang, ben_beng, vie_latn, kaz_cyrl, ind_latn
lbk_latn	Central Bontok	bible	9381	2411	308608	not_enough	ind_latn, vie_latn, tha_thai, arb_arab, fin_latn, hun_latn, ita_latn, pol_latn, rus_cyrl, zho_hans	tam_taml, jpn_jpan, kaz_cyrl, npi_deva, lav_latn, kor_hang, ces_latn, kat_geor, tur_latn, dan_latn
acu_latn	Achuar-Shiwiar	bible	11546	2409	308352	not_enough	tur_latn, aze_latn, hun_latn, fin_latn, lit_latn, est_latn, ces_latn, spa_latn, slv_latn, kat_geor	tha_thai, vie_latn, zho_hans, ind_latn, npi_deva, jpn_jpan, kor_hang, rus_cyrl, heb_hebr, ell_grek
box_latn	Buamu	bible	7742	2406	307968	not_enough	por_latn, spa_latn, fra_latn, cat_latn, ita_latn, eng_latn, hun_latn, slv_latn, srp_cyrl, heb_hebr	jpn_jpan, kor_hang, tam_taml, pes_arab, npi_deva, ben_beng, tur_latn, kaz_cyrl, ces_latn, bel_cyrl
agm_latn	Angaataha	bible	7953	2405	307840	not_enough	jpn_jpan, hin_deva, ben_beng, tam_taml, kor_hang, ind_latn, kaz_cyrl, aze_latn, urd_arab, npi_deva	eng_latn, bul_cyrl, swe_latn, ukr_cyrl, spa_latn, por_latn, cat_latn, bel_cyrl, ell_grek, dan_latn
djk_latn	Eastern Maroon Creole	bible	7888	2402	307456	not_enough	eng_latn, nld_latn, por_latn, cat_latn, spa_latn, ita_latn, swe_latn, nob_latn, deu_latn, dan_latn	jpn_jpan, tam_taml, npi_deva, kaz_cyrl, ben_beng, kor_hang, pes_arab, zho_hans, hin_deva, urd_arab
ata_latn	Pele-Ata	bible	9450	2399	307072	not_enough	ind_latn, vie_latn, tha_thai, heb_hebr, rus_cyrl, arb_arab, ita_latn, fra_latn, zho_hans, spa_latn	tam_taml, tur_latn, ces_latn, kaz_cyrl, lit_latn, bel_cyrl, jpn_jpan, aze_latn, npi_deva, ukr_cyrl
cjv_latn	Chuave	bible	7911	2397	306816	not_enough	tam_taml, kor_hang, jpn_jpan, ben_beng, ind_latn, hin_deva, urd_arab, kaz_cyrl, aze_latn, npi_deva	ukr_cyrl, bel_cyrl, ell_grek, mkd_cyrl, bul_cyrl, pol_latn, eng_latn, dan_latn, por_latn, sqi_latn
mio_latn	Pinotepa Nacional Mixtec	bible	7929	2397	306816	not_enough	spa_latn, por_latn, cat_latn, ita_latn, vie_latn, eng_latn, ell_grek, arb_arab, fra_latn, ron_latn	tam_taml, ben_beng, npi_deva, jpn_jpan, kaz_cyrl, kor_hang, urd_arab, hin_deva, zho_hans, kat_geor
bgs_latn	Tagabawa	bible	9644	2396	306688	not_enough	ind_latn, vie_latn, tha_thai, zho_hans, rus_cyrl, arb_arab, pol_latn, fin_latn, hun_latn, ron_latn	tam_taml, kaz_cyrl, ces_latn, tur_latn, npi_deva, jpn_jpan, srp_cyrl, deu_latn, lav_latn, nld_latn
gqr_latn	Gor	bible	7904	2395	306560	not_enough	spa_latn, cat_latn, por_latn, fra_latn, heb_hebr, ita_latn, arb_arab, ron_latn, slv_latn, sqi_latn	jpn_jpan, kor_hang, zho_hans, tam_taml, kaz_cyrl, npi_deva, ben_beng, tur_latn, rus_cyrl, hin_deva
nhx_latn	Isthmus-Mecayapan Nahuatl	bible	7815	2395	306560	not_enough	spa_latn, por_latn, fra_latn, fin_latn, hun_latn, cat_latn, ita_latn, eng_latn, nob_latn, slk_latn	tam_taml, jpn_jpan, npi_deva, ben_beng, kor_hang, tha_thai, kaz_cyrl, zho_hans, urd_arab, vie_latn
mco_latn	Coatlán Mixe	bible	7891	2392	306176	not_enough	spa_latn, por_latn, cat_latn, eng_latn, ita_latn, hun_latn, fin_latn, fra_latn, ell_grek, nob_latn	tam_taml, npi_deva, jpn_jpan, ben_beng, kor_hang, kaz_cyrl, tha_thai, hin_deva, urd_arab, zho_hans
zos_latn	Francisco León Zoque	bible	8017	2392	306176	not_enough	spa_latn, por_latn, cat_latn, ita_latn, fra_latn, fin_latn, eng_latn, hun_latn, ell_grek, nob_latn	tam_taml, jpn_jpan, npi_deva, ben_beng, kor_hang, kaz_cyrl, tha_thai, zho_hans, urd_arab, hin_deva
mqb_latn	Mbuko	bible	7668	2392	306176	not_enough	fra_latn, cat_latn, por_latn, spa_latn, ita_latn, heb_hebr, nld_latn, arb_arab, eng_latn, deu_latn	jpn_jpan, kor_hang, tam_taml, zho_hans, kaz_cyrl, npi_deva, ben_beng, tur_latn, hin_deva, hye_armn
mbd_latn	Dibabawon Manobo	bible	7809	2390	305920	not_enough	ind_latn, vie_latn, tha_thai, zho_hans, arb_arab, rus_cyrl, hun_latn, fin_latn, ita_latn, pol_latn	tam_taml, kaz_cyrl, ces_latn, jpn_jpan, npi_deva, tur_latn, srp_cyrl, ben_beng, bel_cyrl, kor_hang
did_latn	Didinga	bible	7809	2390	305920	not_enough	arb_arab, ron_latn, heb_hebr, sqi_latn, ita_latn, cat_latn, spa_latn, por_latn, slv_latn, ell_grek	jpn_jpan, kor_hang, zho_hans, kaz_cyrl, tam_taml, npi_deva, ben_beng, tur_latn, urd_arab, aze_latn
pbb_latn	Páez	bible	7938	2390	305920	not_enough	tur_latn, aze_latn, spa_latn, ces_latn, lit_latn, fin_latn, por_latn, hun_latn, fra_latn, nld_latn	tha_thai, vie_latn, zho_hans, ind_latn, npi_deva, kor_hang, rus_cyrl, heb_hebr, ben_beng, arb_arab
kqe_latn	Kalagan	bible, bible0	9318	2385	305280	not_enough	ind_latn, vie_latn, tha_thai, arb_arab, rus_cyrl, zho_hans, fin_latn, ita_latn, pol_latn, hin_deva	tam_taml, kaz_cyrl, jpn_jpan, ces_latn, npi_deva, tur_latn, srp_cyrl, dan_latn, lav_latn, bel_cyrl
blz_latn	Balantak	bible	7792	2382	304896	not_enough	ind_latn, vie_latn, tha_thai, ita_latn, heb_hebr, cat_latn, hun_latn, ron_latn, zho_hans, por_latn	tam_taml, kaz_cyrl, jpn_jpan, ces_latn, tur_latn, npi_deva, kor_hang, ukr_cyrl, lav_latn, dan_latn
cbc_latn	Carapana	bible	7330	2382	304896	not_enough	tur_latn, aze_latn, hun_latn, spa_latn, ces_latn, lit_latn, fin_latn, por_latn, cat_latn, deu_latn	tha_thai, zho_hans, vie_latn, ind_latn, npi_deva, jpn_jpan, kor_hang, rus_cyrl, urd_arab, ben_beng
mbl_latn	Maxakalí	bible	7974	2381	304768	not_enough	hun_latn, pes_arab, tur_latn, fra_latn, cat_latn, por_latn, spa_latn, kat_geor, nld_latn, fin_latn	zho_hans, jpn_jpan, kor_hang, tha_thai, tam_taml, rus_cyrl, npi_deva, vie_latn, ind_latn, kaz_cyrl
tpp_latn	Pisaflores Tepehua	bible	7928	2381	304768	not_enough	spa_latn, por_latn, fra_latn, cat_latn, ita_latn, hun_latn, eng_latn, ell_grek, fin_latn, sqi_latn	tam_taml, jpn_jpan, npi_deva, ben_beng, kor_hang, kaz_cyrl, urd_arab, zho_hans, hin_deva, tha_thai
mvn_latn	Minaveha	bible	7881	2380	304640	not_enough	ind_latn, vie_latn, hin_deva, tha_thai, ben_beng, kor_hang, urd_arab, jpn_jpan, zho_hans, kaz_cyrl	ces_latn, ukr_cyrl, bel_cyrl, lav_latn, dan_latn, bul_cyrl, swe_latn, lit_latn, pol_latn, mkd_cyrl
swp_latn	Suau	bible	11603	2380	304640	not_enough	ind_latn, vie_latn, tha_thai, hin_deva, ben_beng, urd_arab, kor_hang, zho_hans, jpn_jpan, hun_latn	ces_latn, ukr_cyrl, bel_cyrl, lav_latn, srp_cyrl, dan_latn, lit_latn, slv_latn, pol_latn, mkd_cyrl
yka_latn	Yakan	bible	7779	2380	304640	not_enough	ind_latn, vie_latn, tha_thai, arb_arab, zho_hans, ita_latn, rus_cyrl, hun_latn, heb_hebr, eng_latn	tam_taml, ces_latn, kaz_cyrl, npi_deva, jpn_jpan, tur_latn, bel_cyrl, ukr_cyrl, kor_hang, lit_latn
med_latn	Melpa	bible	7562	2379	304512	not_enough	ind_latn, aze_latn, tam_taml, tur_latn, jpn_jpan, kaz_cyrl, ben_beng, tha_thai, pes_arab, hye_armn	ukr_cyrl, bel_cyrl, mkd_cyrl, ell_grek, bul_cyrl, pol_latn, slk_latn, eng_latn, por_latn, srp_cyrl
bss_latn	Akoose	bible	7758	2377	304256	not_enough	heb_hebr, spa_latn, por_latn, fra_latn, cat_latn, arb_arab, ita_latn, pes_arab, lit_latn, sqi_latn	kor_hang, jpn_jpan, zho_hans, tam_taml, npi_deva, ben_beng, kaz_cyrl, hin_deva, rus_cyrl, tur_latn
ksr_latn	Borong	bible	9458	2370	303360	not_enough	jpn_jpan, tam_taml, kor_hang, hin_deva, ben_beng, ind_latn, kaz_cyrl, aze_latn, urd_arab, tur_latn	ukr_cyrl, bul_cyrl, bel_cyrl, mkd_cyrl, ell_grek, pol_latn, eng_latn, por_latn, slk_latn, swe_latn
kdl_latn	Tsikimba	bible	7942	2369	303232	not_enough	fra_latn, spa_latn, cat_latn, por_latn, ita_latn, nld_latn, eng_latn, heb_hebr, deu_latn, ron_latn	jpn_jpan, kor_hang, tam_taml, kaz_cyrl, zho_hans, npi_deva, ben_beng, tur_latn, hin_deva, aze_latn
ipi_latn	Ipili	bible	6121	2365	302720	not_enough	kor_hang, ben_beng, tam_taml, jpn_jpan, hin_deva, ind_latn, urd_arab, npi_deva, kaz_cyrl, aze_latn	ukr_cyrl, bel_cyrl, bul_cyrl, mkd_cyrl, ell_grek, eng_latn, swe_latn, por_latn, lav_latn, ces_latn
bcw_latn	Bana	bible	7735	2364	302592	not_enough	fra_latn, por_latn, cat_latn, ita_latn, spa_latn, heb_hebr, nld_latn, eng_latn, sqi_latn, deu_latn	jpn_jpan, kor_hang, tam_taml, zho_hans, kaz_cyrl, npi_deva, ben_beng, hin_deva, ind_latn, tur_latn
alq_latn	Algonquin	bible	7527	2363	302464	not_enough	fin_latn, spa_latn, hun_latn, fra_latn, pol_latn, por_latn, est_latn, nob_latn, ell_grek, cat_latn	tha_thai, vie_latn, ind_latn, jpn_jpan, tam_taml, zho_hans, kor_hang, npi_deva, arb_arab, heb_hebr
abx_latn	Inabaknon	bible	7578	2363	302464	not_enough	ind_latn, vie_latn, tha_thai, zho_hans, ita_latn, arb_arab, rus_cyrl, eng_latn, cat_latn, hun_latn	tam_taml, kaz_cyrl, ces_latn, npi_deva, tur_latn, jpn_jpan, bel_cyrl, srp_cyrl, hye_armn, kat_geor
far_latn	Fataleka	bible	7798	2362	302336	not_enough	ind_latn, vie_latn, tha_thai, zho_hans, ita_latn, heb_hebr, eng_latn, cat_latn, fin_latn, ron_latn	tam_taml, kaz_cyrl, tur_latn, npi_deva, aze_latn, ces_latn, lit_latn, jpn_jpan, bel_cyrl, lav_latn
aon_latn	Bumbita Arapesh	bible	7865	2361	302208	not_enough	ind_latn, tha_thai, vie_latn, hin_deva, urd_arab, ben_beng, heb_hebr, arb_arab, ron_latn, kat_geor	tur_latn, kaz_cyrl, tam_taml, jpn_jpan, bel_cyrl, ukr_cyrl, ces_latn, lav_latn, aze_latn, hun_latn
ibl_latn	Ibaloi	bible	7478	2359	301952	not_enough	ind_latn, vie_latn, tha_thai, arb_arab, fin_latn, hun_latn, ita_latn, pol_latn, zho_hans, rus_cyrl	tam_taml, jpn_jpan, kaz_cyrl, npi_deva, lav_latn, kor_hang, ces_latn, kat_geor, deu_latn, tur_latn
tgo_latn	Sudest	bible	10383	2355	301440	not_enough	ind_latn, vie_latn, tha_thai, zho_hans, hun_latn, ben_beng, heb_hebr, ita_latn, fin_latn, hye_armn	tam_taml, bel_cyrl, ukr_cyrl, kaz_cyrl, tur_latn, ces_latn, npi_deva, pol_latn, jpn_jpan, lit_latn
llu_latn	Lau	bible	7973	2354	301312	not_enough	vie_latn, ind_latn, tha_thai, zho_hans, ita_latn, eng_latn, heb_hebr, fin_latn, rus_cyrl, cat_latn	tam_taml, kaz_cyrl, tur_latn, npi_deva, aze_latn, ces_latn, lit_latn, jpn_jpan, bel_cyrl, lav_latn
smk_latn	Bolinao	bible	7789	2353	301184	not_enough	ind_latn, vie_latn, tha_thai, hun_latn, arb_arab, fin_latn, zho_hans, rus_cyrl, eng_latn, ita_latn	tam_taml, npi_deva, ces_latn, kaz_cyrl, jpn_jpan, srp_cyrl, bel_cyrl, kor_hang, ukr_cyrl, tur_latn
mbi_latn	Ilianen Manobo	bible	7648	2351	300928	not_enough	ind_latn, vie_latn, tha_thai, zho_hans, fin_latn, rus_cyrl, arb_arab, hun_latn, pes_arab, pol_latn	tam_taml, kaz_cyrl, ces_latn, npi_deva, jpn_jpan, srp_cyrl, tur_latn, deu_latn, lav_latn, mkd_cyrl
mox_latn	Molima	bible	7870	2346	300288	not_enough	ind_latn, vie_latn, tha_thai, hin_deva, zho_hans, ben_beng, urd_arab, kor_hang, hun_latn, jpn_jpan	ces_latn, ukr_cyrl, bel_cyrl, lav_latn, dan_latn, pol_latn, lit_latn, mkd_cyrl, ell_grek, slk_latn
kbm_latn	Iwal	bible	7861	2345	300160	not_enough	ind_latn, vie_latn, tha_thai, ben_beng, fin_latn, zho_hans, hin_deva, heb_hebr, pes_arab, urd_arab	kaz_cyrl, bel_cyrl, tur_latn, ukr_cyrl, tam_taml, ell_grek, npi_deva, lav_latn, jpn_jpan, mkd_cyrl
ayz_latn	Mai Brat	bible	7600	2345	300160	not_enough	ind_latn, vie_latn, tha_thai, ben_beng, hin_deva, zho_hans, rus_cyrl, eng_latn, nld_latn, deu_latn	kaz_cyrl, tur_latn, bel_cyrl, tam_taml, hye_armn, spa_latn, ces_latn, ell_grek, bul_cyrl, hun_latn
ese_latn	Ese Ejja	bible	7771	2339	299392	not_enough	fra_latn, por_latn, cat_latn, hun_latn, eng_latn, spa_latn, nld_latn, fin_latn, ita_latn, tur_latn	zho_hans, jpn_jpan, tam_taml, kor_hang, npi_deva, rus_cyrl, tha_thai, vie_latn, kaz_cyrl, lav_latn
zpz_latn	Texmelucan Zapotec	bible	7885	2339	299392	not_enough	spa_latn, por_latn, cat_latn, ita_latn, fra_latn, arb_arab, eng_latn, ell_grek, sqi_latn, ron_latn	tam_taml, jpn_jpan, kor_hang, npi_deva, ben_beng, kaz_cyrl, zho_hans, urd_arab, kat_geor, hin_deva
kyu_kali	Western Kayah	bible	10273	2337	299136	not_enough	tha_thai, vie_latn, zho_hans, ben_beng, kor_hang, ind_latn, npi_deva, jpn_jpan, hin_deva, urd_arab	spa_latn, ces_latn, por_latn, fra_latn, cat_latn, ita_latn, bel_cyrl, ron_latn, lav_latn, ell_grek
aso_latn	Dano	bible	7516	2336	299008	not_enough	tam_taml, ben_beng, jpn_jpan, kor_hang, hin_deva, kaz_cyrl, aze_latn, urd_arab, ind_latn, npi_deva	bul_cyrl, ukr_cyrl, bel_cyrl, eng_latn, ell_grek, por_latn, mkd_cyrl, swe_latn, cat_latn, spa_latn
pir_latn	Piratapuyo	americasnlp2022_stt, americasnlp2022_mt_test, bible	10213	2335	298880	not_enough	tur_latn, spa_latn, por_latn, fin_latn, ces_latn, hun_latn, est_latn, cat_latn, aze_latn, lit_latn	tha_thai, vie_latn, zho_hans, ind_latn, kor_hang, npi_deva, jpn_jpan, rus_cyrl, ben_beng, arb_arab
tlj_latn	Talinga-Bwisi	bible	7728	2334	298752	not_enough	heb_hebr, arb_arab, spa_latn, pes_arab, ces_latn, ita_latn, cat_latn, ron_latn, lit_latn, fra_latn	kor_hang, jpn_jpan, zho_hans, npi_deva, ben_beng, tam_taml, kaz_cyrl, bel_cyrl, ukr_cyrl, rus_cyrl
roo_latn	Rotokas	bible	7887	2333	298624	not_enough	kor_hang, hin_deva, tam_taml, jpn_jpan, ben_beng, ind_latn, urd_arab, kaz_cyrl, npi_deva, aze_latn	bul_cyrl, ukr_cyrl, eng_latn, bel_cyrl, swe_latn, ell_grek, por_latn, mkd_cyrl, spa_latn, pol_latn
cmo_latn	Central Mnong	bible	7751	2332	298496	not_enough	vie_latn, ind_latn, tha_thai, zho_hans, rus_cyrl, heb_hebr, ron_latn, eng_latn, sqi_latn, swe_latn	kaz_cyrl, tam_taml, tur_latn, ces_latn, jpn_jpan, npi_deva, lav_latn, lit_latn, aze_latn, hye_armn
maq_latn	Chiquihuitlán Mazatec	bible	7908	2331	298368	not_enough	spa_latn, por_latn, cat_latn, fra_latn, ita_latn, sqi_latn, eng_latn, ell_grek, lit_latn, arb_arab	kor_hang, tam_taml, jpn_jpan, ben_beng, npi_deva, zho_hans, urd_arab, kaz_cyrl, kat_geor, hin_deva
mbh_latn	Mangseng	bible	7902	2331	298368	not_enough	ind_latn, vie_latn, tha_thai, ben_beng, zho_hans, fin_latn, hun_latn, heb_hebr, hin_deva, nld_latn	tam_taml, bel_cyrl, ukr_cyrl, kaz_cyrl, npi_deva, tur_latn, ces_latn, srp_cyrl, slv_latn, pol_latn
mbs_latn	Sarangani Manobo	bible	9031	2330	298240	not_enough	ind_latn, vie_latn, tha_thai, arb_arab, hun_latn, rus_cyrl, zho_hans, fin_latn, eng_latn, ita_latn	tam_taml, ces_latn, kaz_cyrl, jpn_jpan, srp_cyrl, npi_deva, tur_latn, bel_cyrl, kor_hang, ukr_cyrl
tvk_latn	Southeast Ambrym	bible	7911	2330	298240	not_enough	ind_latn, vie_latn, tha_thai, ita_latn, cat_latn, ron_latn, heb_hebr, por_latn, eng_latn, spa_latn	tam_taml, kaz_cyrl, tur_latn, jpn_jpan, ukr_cyrl, npi_deva, bel_cyrl, kor_hang, lav_latn, aze_latn
zae_latn	Yareni Zapotec	bible	7878	2330	298240	not_enough	spa_latn, por_latn, cat_latn, ita_latn, fra_latn, arb_arab, ell_grek, eng_latn, sqi_latn, ron_latn	tam_taml, jpn_jpan, kor_hang, npi_deva, ben_beng, kaz_cyrl, zho_hans, urd_arab, hin_deva, kat_geor
lcm_latn	Tungag	bible	9505	2329	298112	not_enough	ind_latn, vie_latn, tha_thai, ita_latn, ron_latn, eng_latn, nob_latn, swe_latn, cat_latn, zho_hans	kaz_cyrl, tam_taml, tur_latn, npi_deva, jpn_jpan, aze_latn, ces_latn, ben_beng, lit_latn, bel_cyrl
kje_latn	Kisar	bible	7777	2328	297984	not_enough	ind_latn, vie_latn, tha_thai, ben_beng, heb_hebr, hun_latn, hin_deva, hye_armn, ita_latn, cat_latn	bel_cyrl, ukr_cyrl, jpn_jpan, tam_taml, kaz_cyrl, tur_latn, npi_deva, ces_latn, kor_hang, pol_latn
kpw_latn	Kobon	bible	7726	2328	297984	not_enough	jpn_jpan, ben_beng, tam_taml, kor_hang, kaz_cyrl, hin_deva, aze_latn, ind_latn, urd_arab, tha_thai	ukr_cyrl, bel_cyrl, mkd_cyrl, bul_cyrl, ell_grek, pol_latn, eng_latn, dan_latn, slk_latn, swe_latn
soy_latn	Miyobe	bible	7852	2328	297984	not_enough	por_latn, spa_latn, fra_latn, ita_latn, cat_latn, eng_latn, slv_latn, heb_hebr, srp_cyrl, est_latn	jpn_jpan, kor_hang, tam_taml, npi_deva, ben_beng, pes_arab, kaz_cyrl, zho_hans, tur_latn, aze_latn
cub_latn	Cubeo	bible	7456	2327	297856	not_enough	tur_latn, ces_latn, lit_latn, spa_latn, est_latn, slv_latn, por_latn, aze_latn, fin_latn, hun_latn	tha_thai, vie_latn, zho_hans, ind_latn, jpn_jpan, kor_hang, npi_deva, ben_beng, rus_cyrl, heb_hebr
ury_latn	Orya	bible	7356	2327	297856	not_enough	jpn_jpan, ind_latn, hin_deva, ben_beng, tam_taml, kor_hang, aze_latn, kaz_cyrl, tha_thai, vie_latn	bel_cyrl, bul_cyrl, ukr_cyrl, mkd_cyrl, ell_grek, slk_latn, spa_latn, pol_latn, cat_latn, por_latn
mmo_latn	Mangga Buang	bible	7845	2326	297728	not_enough	ind_latn, vie_latn, tha_thai, ben_beng, zho_hans, hun_latn, heb_hebr, fin_latn, hye_armn, eng_latn	npi_deva, bel_cyrl, ukr_cyrl, tam_taml, slv_latn, srp_cyrl, pol_latn, ces_latn, kaz_cyrl, mkd_cyrl
meq_latn	Merey	bible	7710	2326	297728	not_enough	fra_latn, cat_latn, por_latn, ita_latn, spa_latn, heb_hebr, nld_latn, eng_latn, deu_latn, sqi_latn	jpn_jpan, kor_hang, tam_taml, zho_hans, kaz_cyrl, npi_deva, ben_beng, hin_deva, ind_latn, urd_arab
nhu_latn	Noone	bible	7805	2325	297600	not_enough	fra_latn, spa_latn, heb_hebr, por_latn, ron_latn, cat_latn, sqi_latn, nld_latn, slv_latn, nob_latn	jpn_jpan, kor_hang, zho_hans, tam_taml, kaz_cyrl, tur_latn, vie_latn, npi_deva, ben_beng, bel_cyrl
obo_latn	Obo Manobo	bible	7725	2325	297600	not_enough	ind_latn, vie_latn, tha_thai, arb_arab, zho_hans, rus_cyrl, ita_latn, hun_latn, eng_latn, fin_latn	tam_taml, ces_latn, kaz_cyrl, jpn_jpan, npi_deva, tur_latn, srp_cyrl, ben_beng, kor_hang, dan_latn
ram_latn	Canela	bible	6522	2324	297472	not_enough	pes_arab, hun_latn, aze_latn, tur_latn, por_latn, lit_latn, spa_latn, hye_armn, nld_latn, cat_latn	zho_hans, kor_hang, tha_thai, jpn_jpan, rus_cyrl, npi_deva, vie_latn, ind_latn, ben_beng, tam_taml
log_latn	Logo	bible	7277	2324	297472	not_enough	urd_arab, hin_deva, hun_latn, heb_hebr, ben_beng, kat_geor, arb_arab, hye_armn, cat_latn, aze_latn	jpn_jpan, kor_hang, lav_latn, rus_cyrl, zho_hans, ind_latn, tam_taml, ukr_cyrl, bel_cyrl, swe_latn
mif_latn	Mofu-Gudur	bible	7717	2323	297344	not_enough	fra_latn, spa_latn, cat_latn, por_latn, ita_latn, heb_hebr, nld_latn, arb_arab, eng_latn, deu_latn	jpn_jpan, kor_hang, tam_taml, zho_hans, kaz_cyrl, npi_deva, ben_beng, tur_latn, hin_deva, bel_cyrl
xsm_latn	Kasem	bible	7711	2322	297216	not_enough	por_latn, ita_latn, fra_latn, spa_latn, cat_latn, eng_latn, slv_latn, heb_hebr, ron_latn, sqi_latn	jpn_jpan, kor_hang, tam_taml, kaz_cyrl, ben_beng, npi_deva, zho_hans, hin_deva, tur_latn, hye_armn
kwj_latn	Kwanga	bible	7997	2321	297088	not_enough	jpn_jpan, ben_beng, kor_hang, tam_taml, kaz_cyrl, ind_latn, hin_deva, aze_latn, urd_arab, npi_deva	bel_cyrl, bul_cyrl, mkd_cyrl, ell_grek, spa_latn, cat_latn, por_latn, ukr_cyrl, ita_latn, swe_latn
slm_latn	Pangutaran Sama	bible	7837	2318	296704	not_enough	ind_latn, vie_latn, tha_thai, zho_hans, arb_arab, eng_latn, ita_latn, rus_cyrl, hun_latn, heb_hebr	kaz_cyrl, tam_taml, npi_deva, tur_latn, ces_latn, jpn_jpan, bel_cyrl, srp_cyrl, kor_hang, kat_geor
otq_latn	Querétaro Otomi	bible	7942	2318	296704	not_enough	spa_latn, por_latn, fra_latn, cat_latn, ita_latn, ell_grek, sqi_latn, lit_latn, ron_latn, fin_latn	tam_taml, kor_hang, npi_deva, ben_beng, jpn_jpan, zho_hans, kaz_cyrl, hin_deva, urd_arab, kat_geor
var_latn	Huarijio	bible	8024	2315	296320	not_enough	fin_latn, spa_latn, hun_latn, est_latn, nob_latn, dan_latn, por_latn, fra_latn, eng_latn, cat_latn	tha_thai, vie_latn, tam_taml, ind_latn, pes_arab, arb_arab, heb_hebr, zho_hans, npi_deva, rus_cyrl
kvg_latn	Kuni-Boazi	bible	7681	2315	296320	not_enough	jpn_jpan, ben_beng, tam_taml, hin_deva, ind_latn, kaz_cyrl, kor_hang, aze_latn, urd_arab, vie_latn	ukr_cyrl, bel_cyrl, eng_latn, ell_grek, mkd_cyrl, dan_latn, swe_latn, bul_cyrl, pol_latn, nob_latn
kto_latn	Kuot	bible	7874	2312	295936	not_enough	ind_latn, vie_latn, tha_thai, ita_latn, arb_arab, cat_latn, zho_hans, rus_cyrl, spa_latn, ron_latn	kaz_cyrl, tam_taml, tur_latn, npi_deva, aze_latn, ben_beng, jpn_jpan, ces_latn, hye_armn, bel_cyrl
okv_latn	Orokaiva	bible0, bible	10543	2309	295552	not_enough	jpn_jpan, ben_beng, kor_hang, tam_taml, ind_latn, hin_deva, tha_thai, kaz_cyrl, urd_arab, aze_latn	ukr_cyrl, bel_cyrl, mkd_cyrl, ces_latn, bul_cyrl, pol_latn, ell_grek, dan_latn, eng_latn, slk_latn
myk_latn	Mamara Senoufo	bible	7953	2308	295424	not_enough	por_latn, ita_latn, cat_latn, slv_latn, ron_latn, eng_latn, sqi_latn, fra_latn, spa_latn, srp_cyrl	jpn_jpan, tam_taml, kor_hang, npi_deva, ben_beng, kaz_cyrl, pes_arab, zho_hans, tur_latn, vie_latn
tsg_latn	Tausug	bible	7767	2307	295296	not_enough	ind_latn, vie_latn, tha_thai, arb_arab, zho_hans, ita_latn, rus_cyrl, pes_arab, cat_latn, ron_latn	tam_taml, kaz_cyrl, jpn_jpan, ces_latn, npi_deva, tur_latn, dan_latn, bel_cyrl, kor_hang, lav_latn
cgc_latn	Kagayanen	bible	7528	2304	294912	not_enough	ind_latn, vie_latn, tha_thai, arb_arab, hun_latn, zho_hans, rus_cyrl, fin_latn, ita_latn, eng_latn	tam_taml, kaz_cyrl, ces_latn, npi_deva, jpn_jpan, srp_cyrl, tur_latn, bel_cyrl, kor_hang, kat_geor
gaw_latn	Nobonob	bible	7763	2303	294784	not_enough	hin_deva, kor_hang, ben_beng, ind_latn, jpn_jpan, urd_arab, npi_deva, tha_thai, vie_latn, zho_hans	ukr_cyrl, ces_latn, bel_cyrl, mkd_cyrl, bul_cyrl, lav_latn, pol_latn, ell_grek, eng_latn, dan_latn
adj_latn	Adioukrou	bible	7828	2301	294528	not_enough	por_latn, spa_latn, cat_latn, heb_hebr, ita_latn, fra_latn, lav_latn, slv_latn, aze_latn, ces_latn	kor_hang, jpn_jpan, zho_hans, npi_deva, tam_taml, ben_beng, rus_cyrl, hin_deva, bel_cyrl, kaz_cyrl
cui_latn	Cuiba	bible	7596	2297	294016	not_enough	tur_latn, aze_latn, hun_latn, spa_latn, fin_latn, por_latn, ces_latn, lit_latn, est_latn, kat_geor	tha_thai, vie_latn, zho_hans, ind_latn, jpn_jpan, rus_cyrl, npi_deva, kor_hang, bul_cyrl, ukr_cyrl
xrb_latn	Eastern Karaboro	bible	7721	2297	294016	not_enough	por_latn, cat_latn, eng_latn, ita_latn, ron_latn, sqi_latn, slv_latn, fra_latn, spa_latn, heb_hebr	jpn_jpan, tam_taml, kor_hang, npi_deva, kaz_cyrl, ben_beng, zho_hans, pes_arab, lav_latn, tur_latn
jib_latn	Jibu	bible	7855	2297	294016	not_enough	fra_latn, spa_latn, por_latn, cat_latn, ita_latn, nld_latn, heb_hebr, eng_latn, deu_latn, ron_latn	jpn_jpan, kor_hang, tam_taml, zho_hans, kaz_cyrl, ben_beng, npi_deva, tur_latn, aze_latn, hin_deva
opm_latn	Oksapmin	bible	7394	2297	294016	not_enough	hin_deva, kor_hang, ben_beng, ind_latn, urd_arab, jpn_jpan, npi_deva, vie_latn, tam_taml, aze_latn	ukr_cyrl, ces_latn, bel_cyrl, dan_latn, bul_cyrl, lav_latn, mkd_cyrl, swe_latn, eng_latn, ell_grek
apw_latn	Western Apache	bible	7805	2296	293888	not_enough	fin_latn, hin_deva, hun_latn, nob_latn, spa_latn, est_latn, kor_hang, urd_arab, dan_latn, fra_latn	tha_thai, vie_latn, ind_latn, zho_hans, arb_arab, jpn_jpan, heb_hebr, bul_cyrl, rus_cyrl, tam_taml
auu_latn	Auye	bible	7450	2295	293760	not_enough	ind_latn, hin_deva, kor_hang, ben_beng, urd_arab, npi_deva, vie_latn, kat_geor, tha_thai, tam_taml	ukr_cyrl, bul_cyrl, bel_cyrl, lav_latn, ces_latn, mkd_cyrl, por_latn, eng_latn, ell_grek, swe_latn
bib_latn	Bissa	bible	7991	2294	293632	not_enough	hun_latn, por_latn, kat_geor, nld_latn, spa_latn, cat_latn, ita_latn, eng_latn, deu_latn, fra_latn	jpn_jpan, tam_taml, kor_hang, zho_hans, npi_deva, ben_beng, kaz_cyrl, rus_cyrl, ces_latn, lav_latn
stb_latn	Northern Subanen	bible	7955	2294	293632	not_enough	ind_latn, vie_latn, tha_thai, zho_hans, rus_cyrl, arb_arab, hun_latn, fin_latn, pol_latn, eng_latn	tam_taml, kaz_cyrl, ces_latn, npi_deva, tur_latn, jpn_jpan, srp_cyrl, hye_armn, bel_cyrl, kat_geor
wib_latn	Southern Toussian	bible	6966	2294	293632	not_enough	por_latn, fra_latn, hun_latn, spa_latn, cat_latn, ita_latn, urd_arab, eng_latn, nld_latn, slv_latn	jpn_jpan, tam_taml, kor_hang, zho_hans, rus_cyrl, lit_latn, ces_latn, npi_deva, ind_latn, lav_latn
nuq_latn	Nukumanu	bible	7919	2293	293504	not_enough	ind_latn, vie_latn, tha_thai, ita_latn, cat_latn, eng_latn, zho_hans, arb_arab, ron_latn, nob_latn	kaz_cyrl, tam_taml, tur_latn, npi_deva, aze_latn, ces_latn, hye_armn, urd_arab, srp_cyrl, slv_latn
azz_latn	Highland Puebla Nahuatl	bible	7937	2291	293248	not_enough	spa_latn, por_latn, cat_latn, ell_grek, ita_latn, fra_latn, hun_latn, eng_latn, fin_latn, nob_latn	tam_taml, jpn_jpan, npi_deva, ben_beng, kor_hang, kaz_cyrl, tha_thai, urd_arab, zho_hans, hin_deva
sgz_latn	Sursurunga	bible	7429	2290	293120	not_enough	ind_latn, vie_latn, tha_thai, rus_cyrl, zho_hans, ita_latn, por_latn, ron_latn, fin_latn, eng_latn	tam_taml, kaz_cyrl, tur_latn, ces_latn, jpn_jpan, aze_latn, npi_deva, ben_beng, bel_cyrl, lit_latn
moz_latn	Mukulu	bible	7586	2288	292864	not_enough	heb_hebr, fra_latn, arb_arab, cat_latn, ron_latn, por_latn, ita_latn, spa_latn, sqi_latn, nld_latn	jpn_jpan, kor_hang, tam_taml, zho_hans, kaz_cyrl, npi_deva, ben_beng, vie_latn, ind_latn, tur_latn
mcu_latn	Cameroon Mambila	bible	7655	2287	292736	not_enough	spa_latn, por_latn, cat_latn, ita_latn, fra_latn, heb_hebr, pes_arab, ces_latn, ron_latn, arb_arab	kor_hang, jpn_jpan, zho_hans, tam_taml, ben_beng, npi_deva, kaz_cyrl, hin_deva, urd_arab, rus_cyrl
wrs_latn	Waris	bible	9083	2287	292736	not_enough	kor_hang, hin_deva, ben_beng, ind_latn, jpn_jpan, tam_taml, npi_deva, urd_arab, kaz_cyrl, vie_latn	bul_cyrl, bel_cyrl, cat_latn, por_latn, mkd_cyrl, ces_latn, eng_latn, spa_latn, ita_latn, ell_grek
gvf_latn	Golin	bible	7871	2285	292480	not_enough	tam_taml, ind_latn, hin_deva, ben_beng, jpn_jpan, kaz_cyrl, urd_arab, aze_latn, kor_hang, vie_latn	ukr_cyrl, bel_cyrl, mkd_cyrl, ell_grek, bul_cyrl, pol_latn, eng_latn, dan_latn, swe_latn, por_latn
nou_latn	Ewage-Notu	bible	7818	2284	292352	not_enough	ben_beng, hin_deva, tam_taml, jpn_jpan, kor_hang, ind_latn, urd_arab, kaz_cyrl, aze_latn, npi_deva	ukr_cyrl, bel_cyrl, bul_cyrl, mkd_cyrl, ell_grek, pol_latn, eng_latn, slk_latn, ces_latn, por_latn
azg_latn	San Pedro Amuzgos Amuzgo	bible	7995	2284	292352	not_enough	spa_latn, por_latn, cat_latn, ita_latn, fra_latn, arb_arab, ell_grek, eng_latn, vie_latn, ron_latn	tam_taml, jpn_jpan, ben_beng, kor_hang, npi_deva, kaz_cyrl, zho_hans, hin_deva, urd_arab, kat_geor
kyq_latn	Kenga	bible	7814	2282	292096	not_enough	ron_latn, cat_latn, slv_latn, heb_hebr, sqi_latn, ita_latn, por_latn, srp_cyrl, fra_latn, arb_arab	jpn_jpan, kor_hang, tam_taml, zho_hans, kaz_cyrl, rus_cyrl, swe_latn, lav_latn, npi_deva, tur_latn
gdn_latn	Umanakaina	bible	7527	2282	292096	not_enough	hin_deva, kor_hang, ben_beng, ind_latn, tam_taml, urd_arab, jpn_jpan, npi_deva, kaz_cyrl, aze_latn	bul_cyrl, ukr_cyrl, eng_latn, ell_grek, bel_cyrl, por_latn, swe_latn, mkd_cyrl, spa_latn, cat_latn
tmd_latn	Haruai	bible	7721	2278	291584	not_enough	tam_taml, ben_beng, hin_deva, jpn_jpan, kaz_cyrl, urd_arab, kor_hang, ind_latn, aze_latn, npi_deva	ukr_cyrl, bel_cyrl, ell_grek, mkd_cyrl, bul_cyrl, pol_latn, eng_latn, por_latn, dan_latn, fra_latn
nvm_latn	Namiae	bible	7291	2276	291328	not_enough	hin_deva, ben_beng, tam_taml, ind_latn, jpn_jpan, kor_hang, urd_arab, kaz_cyrl, npi_deva, aze_latn	eng_latn, bul_cyrl, ukr_cyrl, swe_latn, bel_cyrl, spa_latn, cat_latn, por_latn, ell_grek, mkd_cyrl
mxt_latn	Jamiltepec Mixtec	bible	7968	2275	291200	not_enough	spa_latn, por_latn, cat_latn, ita_latn, fra_latn, ell_grek, ron_latn, eng_latn, arb_arab, sqi_latn	tam_taml, jpn_jpan, ben_beng, kor_hang, npi_deva, kaz_cyrl, zho_hans, urd_arab, hin_deva, kat_geor
gvs_latn	Gumawana	bible	10458	2270	290560	not_enough	ind_latn, vie_latn, tha_thai, hin_deva, ben_beng, urd_arab, kor_hang, zho_hans, jpn_jpan, npi_deva	ukr_cyrl, ces_latn, bel_cyrl, lav_latn, pol_latn, mkd_cyrl, lit_latn, ell_grek, dan_latn, srp_cyrl
urt_latn	Urat	bible	7873	2265	289920	not_enough	vie_latn, ind_latn, tha_thai, zho_hans, heb_hebr, eng_latn, cat_latn, ita_latn, rus_cyrl, ron_latn	tur_latn, tam_taml, kaz_cyrl, ces_latn, lav_latn, lit_latn, ukr_cyrl, jpn_jpan, aze_latn, bel_cyrl
gdr_latn	Wipi	bible	7701	2265	289920	not_enough	hin_deva, ind_latn, ben_beng, aze_latn, jpn_jpan, kor_hang, kat_geor, urd_arab, tam_taml, hye_armn	ukr_cyrl, bel_cyrl, bul_cyrl, mkd_cyrl, ell_grek, pol_latn, ces_latn, eng_latn, sqi_latn, por_latn
tuf_latn	Central Tunebo	bible	7694	2263	289664	not_enough	tur_latn, aze_latn, spa_latn, hun_latn, por_latn, fra_latn, cat_latn, ces_latn, lit_latn, fin_latn	tha_thai, zho_hans, vie_latn, ind_latn, rus_cyrl, npi_deva, kor_hang, jpn_jpan, ukr_cyrl, bel_cyrl
tbc_latn	Takia	bible	7763	2258	289024	not_enough	ind_latn, vie_latn, tha_thai, ben_beng, hin_deva, hun_latn, urd_arab, kor_hang, aze_latn, zho_hans	ces_latn, ukr_cyrl, bel_cyrl, lav_latn, dan_latn, mkd_cyrl, lit_latn, pol_latn, srp_cyrl, bul_cyrl
wos_latn	Hanga Hundi	bible	7856	2255	288640	not_enough	ben_beng, jpn_jpan, hin_deva, kor_hang, tam_taml, kaz_cyrl, urd_arab, npi_deva, aze_latn, tur_latn	ell_grek, ukr_cyrl, spa_latn, eng_latn, por_latn, cat_latn, bel_cyrl, sqi_latn, fra_latn, bul_cyrl
bsc_latn	Bassari	bible	9555	2254	288512	not_enough	por_latn, spa_latn, cat_latn, ita_latn, fra_latn, heb_hebr, sqi_latn, arb_arab, ron_latn, nld_latn	kor_hang, jpn_jpan, zho_hans, npi_deva, ben_beng, tam_taml, hin_deva, urd_arab, vie_latn, rus_cyrl
yut_latn	Yopno	bible	10236	2254	288512	not_enough	hin_deva, kor_hang, ben_beng, ind_latn, jpn_jpan, urd_arab, tam_taml, kaz_cyrl, tha_thai, npi_deva	ukr_cyrl, bel_cyrl, bul_cyrl, mkd_cyrl, ell_grek, ces_latn, eng_latn, pol_latn, por_latn, swe_latn
kbh_latn	Camsá	bible	7744	2253	288384	not_enough	hun_latn, ces_latn, lit_latn, tur_latn, spa_latn, fin_latn, por_latn, aze_latn, lav_latn, hye_armn	tha_thai, zho_hans, vie_latn, ind_latn, npi_deva, kor_hang, jpn_jpan, tam_taml, urd_arab, rus_cyrl
cpy_latn	South Ucayali Ashéninka	bible	10727	2251	288128	not_enough	spa_latn, por_latn, cat_latn, ita_latn, lit_latn, fra_latn, ces_latn, ell_grek, sqi_latn, pol_latn	jpn_jpan, kor_hang, zho_hans, tha_thai, tam_taml, ben_beng, npi_deva, vie_latn, kaz_cyrl, urd_arab
sll_latn	Salt-Yui	bible	7884	2250	288000	not_enough	tam_taml, ind_latn, hin_deva, ben_beng, jpn_jpan, kaz_cyrl, kor_hang, urd_arab, aze_latn, pes_arab	ukr_cyrl, bel_cyrl, ell_grek, mkd_cyrl, bul_cyrl, pol_latn, eng_latn, dan_latn, por_latn, sqi_latn
poe_latn	San Juan Atzingo Popoloca	bible	7950	2249	287872	not_enough	spa_latn, por_latn, cat_latn, fra_latn, ita_latn, lit_latn, arb_arab, ell_grek, sqi_latn, eng_latn	kor_hang, tam_taml, npi_deva, ben_beng, jpn_jpan, zho_hans, urd_arab, kat_geor, kaz_cyrl, hin_deva
kkj_latn	Kako	bible	7777	2243	287104	not_enough	heb_hebr, arb_arab, spa_latn, fra_latn, pes_arab, lit_latn, por_latn, sqi_latn, ces_latn, ita_latn	kor_hang, jpn_jpan, zho_hans, tam_taml, npi_deva, ben_beng, kaz_cyrl, rus_cyrl, urd_arab, swe_latn
muy_latn	Muyang	bible	7573	2243	287104	not_enough	fra_latn, cat_latn, por_latn, ita_latn, spa_latn, eng_latn, heb_hebr, nld_latn, arb_arab, deu_latn	jpn_jpan, kor_hang, tam_taml, zho_hans, kaz_cyrl, npi_deva, ben_beng, hin_deva, tur_latn, urd_arab
srn_latn	Sranan Tongo	bible, wiki	9687	2243	287104	not_enough	eng_latn, nld_latn, por_latn, cat_latn, spa_latn, ita_latn, deu_latn, ces_latn, swe_latn, dan_latn	npi_deva, kor_hang, jpn_jpan, ben_beng, tha_thai, tam_taml, zho_hans, vie_latn, kaz_cyrl, urd_arab
eri_latn	Ogea	bible	7956	2242	286976	not_enough	hin_deva, kor_hang, ben_beng, ind_latn, jpn_jpan, urd_arab, npi_deva, tha_thai, vie_latn, zho_hans	ukr_cyrl, ces_latn, bel_cyrl, mkd_cyrl, bul_cyrl, lav_latn, pol_latn, ell_grek, eng_latn, dan_latn
myy_latn	Macuna	bible	7846	2238	286464	not_enough	spa_latn, cat_latn, tur_latn, lit_latn, por_latn, ita_latn, ces_latn, hun_latn, eng_latn, slv_latn	tha_thai, zho_hans, vie_latn, npi_deva, ind_latn, kor_hang, jpn_jpan, ben_beng, rus_cyrl, tam_taml
duo_latn	Dupaninan Agta	bible	7756	2236	286208	not_enough	ind_latn, vie_latn, tha_thai, arb_arab, rus_cyrl, fin_latn, ita_latn, zho_hans, hun_latn, eng_latn	tam_taml, jpn_jpan, kaz_cyrl, npi_deva, ces_latn, kor_hang, ben_beng, srp_cyrl, tur_latn, bel_cyrl
ptp_latn	Patep	bible	7918	2234	285952	not_enough	ind_latn, vie_latn, tha_thai, ben_beng, zho_hans, pes_arab, fin_latn, hin_deva, hun_latn, hye_armn	bel_cyrl, ukr_cyrl, lav_latn, tam_taml, mkd_cyrl, npi_deva, ell_grek, tur_latn, bul_cyrl, ces_latn
ubr_latn	Ubir	bible	9488	2232	285696	not_enough	ind_latn, vie_latn, tha_thai, ben_beng, hin_deva, hun_latn, urd_arab, kor_hang, aze_latn, jpn_jpan	ukr_cyrl, ces_latn, bel_cyrl, srp_cyrl, slv_latn, bul_cyrl, lav_latn, pol_latn, swe_latn, mkd_cyrl
dso_orya	Desiya	bible	7834	2230	285440	not_enough	tam_taml, aze_latn, ben_beng, kaz_cyrl, tur_latn, npi_deva, hin_deva, urd_arab, jpn_jpan, hye_armn	tha_thai, cat_latn, spa_latn, vie_latn, por_latn, ita_latn, fra_latn, ind_latn, eng_latn, swe_latn
bmo_latn	Bambalang	bible	7913	2227	285056	not_enough	spa_latn, por_latn, fra_latn, cat_latn, ita_latn, heb_hebr, ron_latn, srp_cyrl, slv_latn, sqi_latn	jpn_jpan, kor_hang, zho_hans, tam_taml, kaz_cyrl, npi_deva, ben_beng, tur_latn, aze_latn, hin_deva
pri_latn	Paicî	bible	7372	2226	284928	not_enough	vie_latn, ind_latn, tha_thai, arb_arab, rus_cyrl, zho_hans, ita_latn, heb_hebr, cat_latn, fra_latn	tur_latn, kaz_cyrl, tam_taml, ces_latn, npi_deva, aze_latn, hye_armn, lit_latn, dan_latn, kat_geor
bao_latn	Waimaha	bible	7935	2223	284544	not_enough	tur_latn, spa_latn, por_latn, hun_latn, aze_latn, cat_latn, ces_latn, fin_latn, lit_latn, nld_latn	tha_thai, zho_hans, vie_latn, ind_latn, kor_hang, npi_deva, rus_cyrl, ben_beng, jpn_jpan, arb_arab
ong_latn	Olo	bible	7923	2221	284288	not_enough	ind_latn, vie_latn, tha_thai, ben_beng, zho_hans, pes_arab, hin_deva, heb_hebr, kat_geor, urd_arab	tam_taml, bel_cyrl, ukr_cyrl, mkd_cyrl, tur_latn, ces_latn, bul_cyrl, lav_latn, pol_latn, kaz_cyrl
kvn_latn	Border Kuna	bible	7862	2217	283776	not_enough	tur_latn, por_latn, cat_latn, aze_latn, spa_latn, hun_latn, nld_latn, lit_latn, ces_latn, ita_latn	zho_hans, tha_thai, vie_latn, kor_hang, npi_deva, ind_latn, rus_cyrl, jpn_jpan, hin_deva, ben_beng
blw_latn	Balangao	bible	7891	2215	283520	not_enough	ind_latn, vie_latn, tha_thai, arb_arab, ita_latn, fin_latn, hun_latn, cat_latn, zho_hans, rus_cyrl	tam_taml, jpn_jpan, kor_hang, kaz_cyrl, lav_latn, npi_deva, ces_latn, ukr_cyrl, deu_latn, dan_latn
frd_latn	Fordata	bible	7702	2214	283392	not_enough	ind_latn, vie_latn, tha_thai, ben_beng, heb_hebr, hin_deva, hye_armn, cat_latn, hun_latn, ita_latn	bel_cyrl, ukr_cyrl, jpn_jpan, tam_taml, kaz_cyrl, tur_latn, npi_deva, pol_latn, ces_latn, mkd_cyrl
hla_latn	Halia	bible	7639	2214	283392	not_enough	ind_latn, vie_latn, tha_thai, eng_latn, nob_latn, swe_latn, fra_latn, cat_latn, ita_latn, zho_hans	kaz_cyrl, tam_taml, tur_latn, jpn_jpan, npi_deva, ces_latn, aze_latn, lit_latn, bel_cyrl, hye_armn
kup_latn	Kunimaipa	bible	7430	2213	283264	not_enough	ben_beng, tam_taml, hin_deva, jpn_jpan, ind_latn, kaz_cyrl, urd_arab, kor_hang, aze_latn, npi_deva	bul_cyrl, eng_latn, ukr_cyrl, swe_latn, spa_latn, bel_cyrl, ell_grek, cat_latn, mkd_cyrl, por_latn
mur_latn	Murle	bible	9363	2213	283264	not_enough	arb_arab, ron_latn, sqi_latn, ita_latn, heb_hebr, cat_latn, slv_latn, spa_latn, srp_cyrl, pol_latn	jpn_jpan, kor_hang, zho_hans, tam_taml, ben_beng, lav_latn, npi_deva, kaz_cyrl, aze_latn, vie_latn
gym_latn	Ngäbere	bible	7551	2211	283008	not_enough	por_latn, hun_latn, spa_latn, fin_latn, ces_latn, lit_latn, slv_latn, tur_latn, cat_latn, ron_latn	zho_hans, tha_thai, vie_latn, ind_latn, npi_deva, jpn_jpan, ben_beng, tam_taml, kor_hang, rus_cyrl
bjv_latn	Bedjond	bible	7808	2208	282624	not_enough	spa_latn, cat_latn, heb_hebr, ita_latn, por_latn, fra_latn, arb_arab, slv_latn, sqi_latn, ron_latn	jpn_jpan, kor_hang, tam_taml, zho_hans, kaz_cyrl, npi_deva, ben_beng, tur_latn, rus_cyrl, hin_deva
mee_latn	Mengen	bible	7585	2208	282624	not_enough	ind_latn, vie_latn, tha_thai, zho_hans, ben_beng, hun_latn, fin_latn, pes_arab, heb_hebr, eng_latn	tam_taml, bel_cyrl, ukr_cyrl, npi_deva, kaz_cyrl, ces_latn, srp_cyrl, slv_latn, pol_latn, tur_latn
usa_latn	Usarufa	bible	8192	2208	282624	not_enough	tam_taml, jpn_jpan, kor_hang, ben_beng, kaz_cyrl, aze_latn, hin_deva, npi_deva, urd_arab, tur_latn	eng_latn, cat_latn, ell_grek, bul_cyrl, por_latn, ita_latn, ukr_cyrl, sqi_latn, spa_latn, bel_cyrl
dah_latn	Gwahatike	bible	7698	2206	282368	not_enough	hin_deva, ben_beng, jpn_jpan, kor_hang, ind_latn, urd_arab, tam_taml, kaz_cyrl, npi_deva, aze_latn	ukr_cyrl, bel_cyrl, bul_cyrl, mkd_cyrl, ell_grek, ces_latn, pol_latn, eng_latn, por_latn, slk_latn
nho_latn	Takuu	bible	7782	2206	282368	not_enough	vie_latn, ind_latn, tha_thai, ita_latn, cat_latn, zho_hans, eng_latn, arb_arab, ron_latn, rus_cyrl	kaz_cyrl, tur_latn, tam_taml, npi_deva, aze_latn, ces_latn, hye_armn, urd_arab, srp_cyrl, slv_latn
mfh_latn	Matal	bible	8003	2205	282240	not_enough	cat_latn, fra_latn, por_latn, spa_latn, ita_latn, heb_hebr, nld_latn, eng_latn, arb_arab, ron_latn	jpn_jpan, kor_hang, tam_taml, zho_hans, npi_deva, kaz_cyrl, ben_beng, hin_deva, tur_latn, hye_armn
aly_latn	Alyawarr	bible	8200	2204	282112	not_enough	ben_beng, tam_taml, kaz_cyrl, hin_deva, ind_latn, npi_deva, urd_arab, jpn_jpan, aze_latn, kor_hang	spa_latn, bul_cyrl, cat_latn, por_latn, swe_latn, eng_latn, dan_latn, ita_latn, mkd_cyrl, nld_latn
ken_latn	Kenyang	bible	7838	2204	282112	not_enough	spa_latn, por_latn, heb_hebr, ita_latn, cat_latn, pes_arab, fra_latn, ces_latn, arb_arab, lit_latn	kor_hang, jpn_jpan, zho_hans, tam_taml, ben_beng, npi_deva, kaz_cyrl, hin_deva, rus_cyrl, urd_arab
imo_latn	Imbongu	bible	7774	2202	281856	not_enough	aze_latn, ind_latn, tam_taml, jpn_jpan, tur_latn, kaz_cyrl, ben_beng, tha_thai, kor_hang, pes_arab	ukr_cyrl, bel_cyrl, mkd_cyrl, bul_cyrl, ell_grek, pol_latn, slk_latn, eng_latn, dan_latn, srp_cyrl
sim_latn	Mende (Papua New Guinea)	bible	7746	2197	281216	not_enough	ben_beng, hin_deva, ind_latn, aze_latn, vie_latn, urd_arab, npi_deva, jpn_jpan, tha_thai, kor_hang	ukr_cyrl, bel_cyrl, ces_latn, swe_latn, eng_latn, bul_cyrl, dan_latn, mkd_cyrl, ell_grek, pol_latn
bwu_latn	Buli (Ghana)	bible	7852	2195	280960	not_enough	fra_latn, cat_latn, eng_latn, por_latn, spa_latn, ita_latn, slv_latn, nld_latn, srp_cyrl, heb_hebr	jpn_jpan, kor_hang, tam_taml, npi_deva, kaz_cyrl, pes_arab, ben_beng, zho_hans, tur_latn, hye_armn
cko_latn	Anufo	bible	7718	2193	280704	not_enough	fra_latn, cat_latn, por_latn, eng_latn, spa_latn, ita_latn, nld_latn, deu_latn, dan_latn, slv_latn	jpn_jpan, kor_hang, tam_taml, npi_deva, zho_hans, kaz_cyrl, ben_beng, hin_deva, pes_arab, urd_arab
bjk_latn	Barok	bible	7707	2192	280576	not_enough	ind_latn, vie_latn, tha_thai, zho_hans, ita_latn, eng_latn, ron_latn, rus_cyrl, swe_latn, cat_latn	tam_taml, kaz_cyrl, tur_latn, npi_deva, ces_latn, aze_latn, lit_latn, jpn_jpan, bel_cyrl, ben_beng
kyg_latn	Keyagana	bible	9522	2189	280192	not_enough	aze_latn, tam_taml, ben_beng, hin_deva, tur_latn, jpn_jpan, kor_hang, kaz_cyrl, hye_armn, ind_latn	bul_cyrl, ukr_cyrl, por_latn, bel_cyrl, ell_grek, cat_latn, eng_latn, fra_latn, swe_latn, mkd_cyrl
mlp_latn	Bargam	bible	7539	2184	279552	not_enough	ind_latn, jpn_jpan, aze_latn, pes_arab, tha_thai, vie_latn, ben_beng, hin_deva, tur_latn, urd_arab	ukr_cyrl, bel_cyrl, mkd_cyrl, bul_cyrl, pol_latn, eng_latn, ell_grek, dan_latn, swe_latn, srp_cyrl
wuv_latn	Wuvulu-Aua	bible	8010	2183	279424	not_enough	vie_latn, ind_latn, tha_thai, eng_latn, zho_hans, nld_latn, ben_beng, heb_hebr, fra_latn, deu_latn	tam_taml, kaz_cyrl, tur_latn, bel_cyrl, srp_cyrl, slv_latn, ces_latn, npi_deva, ukr_cyrl, mkd_cyrl
sig_latn	Paasaal	bible	7918	2178	278784	not_enough	por_latn, spa_latn, fra_latn, ita_latn, cat_latn, eng_latn, slv_latn, heb_hebr, srp_cyrl, ron_latn	jpn_jpan, kor_hang, tam_taml, npi_deva, kaz_cyrl, ben_beng, tur_latn, pes_arab, aze_latn, zho_hans
tav_latn	Tatuyo	bible	7666	2177	278656	not_enough	tur_latn, ces_latn, spa_latn, fin_latn, hun_latn, est_latn, lit_latn, aze_latn, por_latn, lav_latn	tha_thai, vie_latn, zho_hans, ind_latn, jpn_jpan, kor_hang, arb_arab, npi_deva, rus_cyrl, ben_beng
car_latn	Galibi Carib	bible0, bible	7799	2177	278656	not_enough	tur_latn, hun_latn, fin_latn, nld_latn, lit_latn, aze_latn, ces_latn, eng_latn, por_latn, cat_latn	tha_thai, zho_hans, vie_latn, ind_latn, npi_deva, kor_hang, jpn_jpan, ben_beng, rus_cyrl, heb_hebr
mib_latn	Atatláhuca Mixtec	bible	7637	2175	278400	not_enough	spa_latn, por_latn, cat_latn, ita_latn, ell_grek, eng_latn, fra_latn, ron_latn, sqi_latn, vie_latn	tam_taml, jpn_jpan, ben_beng, kor_hang, npi_deva, kaz_cyrl, hin_deva, urd_arab, zho_hans, kat_geor
uvl_latn	Lote	bible	7959	2174	278272	not_enough	ind_latn, vie_latn, tha_thai, ben_beng, zho_hans, fin_latn, hun_latn, heb_hebr, hin_deva, cat_latn	tam_taml, ukr_cyrl, bel_cyrl, kaz_cyrl, npi_deva, tur_latn, srp_cyrl, ces_latn, mkd_cyrl, slv_latn
gvn_latn	Kuku-Yalanji	bible	8313	2173	278144	not_enough	ind_latn, hin_deva, ben_beng, kor_hang, urd_arab, npi_deva, jpn_jpan, tam_taml, vie_latn, zho_hans	spa_latn, cat_latn, por_latn, tur_latn, bul_cyrl, ita_latn, est_latn, ces_latn, hun_latn, ell_grek
ivv_latn	Ivatan	bible	9408	2171	277888	not_enough	ind_latn, vie_latn, tha_thai, arb_arab, eng_latn, ita_latn, hun_latn, fin_latn, zho_hans, rus_cyrl	tam_taml, npi_deva, kaz_cyrl, ces_latn, jpn_jpan, kor_hang, srp_cyrl, tur_latn, ben_beng, bel_cyrl
ncl_latn	Michoacán Nahuatl	bible	8003	2171	277888	not_enough	spa_latn, por_latn, cat_latn, ita_latn, fra_latn, eng_latn, nob_latn, ell_grek, fin_latn, slk_latn	tam_taml, jpn_jpan, kaz_cyrl, ben_beng, npi_deva, kor_hang, zho_hans, tha_thai, aze_latn, tur_latn
guo_latn	Guayabero	bible	7783	2164	276992	not_enough	tur_latn, hun_latn, aze_latn, spa_latn, ces_latn, lit_latn, fin_latn, por_latn, cat_latn, pes_arab	tha_thai, zho_hans, vie_latn, ind_latn, jpn_jpan, npi_deva, kor_hang, rus_cyrl, ben_beng, bul_cyrl
kpr_latn	Korafe-Yegha	bible	7549	2163	276864	not_enough	tam_taml, ben_beng, hin_deva, kor_hang, jpn_jpan, ind_latn, kaz_cyrl, urd_arab, aze_latn, npi_deva	ukr_cyrl, bel_cyrl, bul_cyrl, mkd_cyrl, ell_grek, pol_latn, eng_latn, slk_latn, ces_latn, por_latn
jac_latn	Popti'	bible	7946	2161	276608	not_enough	spa_latn, por_latn, cat_latn, ita_latn, fra_latn, ell_grek, eng_latn, ron_latn, pol_latn, hun_latn	tam_taml, jpn_jpan, ben_beng, npi_deva, kor_hang, kaz_cyrl, zho_hans, hin_deva, urd_arab, aze_latn
amu_latn	Guerrero Amuzgo	bible	7925	2159	276352	not_enough	spa_latn, por_latn, cat_latn, ita_latn, fra_latn, arb_arab, ell_grek, eng_latn, ron_latn, vie_latn	tam_taml, jpn_jpan, ben_beng, kor_hang, npi_deva, kaz_cyrl, zho_hans, hin_deva, urd_arab, tur_latn
xsb_latn	Sambal	bible	7762	2159	276352	not_enough	ind_latn, vie_latn, tha_thai, arb_arab, rus_cyrl, zho_hans, ita_latn, fin_latn, pol_latn, hun_latn	tam_taml, kaz_cyrl, npi_deva, jpn_jpan, ces_latn, tur_latn, lav_latn, mkd_cyrl, bel_cyrl, kor_hang
kjs_latn	East Kewa	bible	7984	2157	276096	not_enough	jpn_jpan, ben_beng, tam_taml, kor_hang, hin_deva, kaz_cyrl, aze_latn, npi_deva, urd_arab, tur_latn	spa_latn, cat_latn, por_latn, fra_latn, ell_grek, ukr_cyrl, bul_cyrl, bel_cyrl, ita_latn, eng_latn
kms_latn	Kamasau	bible	7719	2157	276096	not_enough	ind_latn, tha_thai, vie_latn, ben_beng, hin_deva, urd_arab, kat_geor, pes_arab, hye_armn, aze_latn	ukr_cyrl, bel_cyrl, mkd_cyrl, bul_cyrl, ces_latn, pol_latn, slk_latn, lav_latn, srp_cyrl, por_latn
gai_latn	Borei	bible	7897	2156	275968	not_enough	ind_latn, ben_beng, hin_deva, urd_arab, vie_latn, aze_latn, tam_taml, tha_thai, pes_arab, jpn_jpan	ukr_cyrl, bel_cyrl, pol_latn, dan_latn, mkd_cyrl, ell_grek, bul_cyrl, sqi_latn, slk_latn, swe_latn
san_taml	Sanskrit	bible	7893	2154	275712	not_enough	tam_taml, npi_deva, hin_deva, urd_arab, ben_beng, kaz_cyrl, rus_cyrl, kat_geor, bel_cyrl, aze_latn	vie_latn, tha_thai, ind_latn, eng_latn, swe_latn, nld_latn, cat_latn, dan_latn, jpn_jpan, fra_latn
mih_latn	Chayuco Mixtec	bible	7808	2151	275328	not_enough	spa_latn, por_latn, cat_latn, ita_latn, vie_latn, fra_latn, eng_latn, ell_grek, ron_latn, arb_arab	tam_taml, ben_beng, jpn_jpan, npi_deva, kor_hang, kaz_cyrl, urd_arab, hin_deva, zho_hans, kat_geor
mpt_latn	Mian	bible	7427	2150	275200	not_enough	jpn_jpan, tam_taml, hin_deva, ben_beng, ind_latn, kor_hang, aze_latn, urd_arab, kaz_cyrl, vie_latn	ukr_cyrl, bel_cyrl, swe_latn, eng_latn, bul_cyrl, dan_latn, mkd_cyrl, pol_latn, cat_latn, ell_grek
wiv_latn	Vitu	bible	7990	2141	274048	not_enough	ind_latn, vie_latn, tha_thai, zho_hans, heb_hebr, eng_latn, rus_cyrl, ita_latn, ron_latn, por_latn	tam_taml, kaz_cyrl, tur_latn, ces_latn, npi_deva, aze_latn, jpn_jpan, lit_latn, bel_cyrl, kor_hang
nko_latn	Nkonya	bible	7617	2136	273408	not_enough	spa_latn, por_latn, cat_latn, ita_latn, heb_hebr, lit_latn, hun_latn, lav_latn, fra_latn, ces_latn	kor_hang, jpn_jpan, zho_hans, npi_deva, tam_taml, ben_beng, rus_cyrl, bel_cyrl, hin_deva, ukr_cyrl
mlh_latn	Mape	bible	7900	2135	273280	not_enough	ind_latn, hin_deva, ben_beng, kor_hang, kat_geor, tha_thai, aze_latn, urd_arab, hye_armn, npi_deva	ukr_cyrl, bul_cyrl, bel_cyrl, mkd_cyrl, ces_latn, por_latn, eng_latn, pol_latn, lav_latn, ell_grek
mhl_latn	Mauwake	bible	7900	2135	273280	not_enough	ind_latn, tha_thai, vie_latn, hin_deva, jpn_jpan, aze_latn, ben_beng, kor_hang, urd_arab, pes_arab	ukr_cyrl, bel_cyrl, ces_latn, mkd_cyrl, bul_cyrl, pol_latn, ell_grek, eng_latn, dan_latn, slk_latn
cme_latn	Cerma	bible	7828	2134	273152	not_enough	por_latn, fra_latn, spa_latn, ita_latn, cat_latn, eng_latn, slv_latn, srp_cyrl, heb_hebr, ron_latn	jpn_jpan, kor_hang, tam_taml, npi_deva, pes_arab, kaz_cyrl, ben_beng, zho_hans, tur_latn, aze_latn
taw_latn	Tai	bible	7454	2134	273152	not_enough	ind_latn, tha_thai, vie_latn, hin_deva, ben_beng, aze_latn, jpn_jpan, urd_arab, kor_hang, pes_arab	ukr_cyrl, bel_cyrl, mkd_cyrl, ces_latn, bul_cyrl, pol_latn, ell_grek, eng_latn, dan_latn, slk_latn
cni_latn	Asháninka	americasnlp2023_mt, americasnlp2021_mt, americasnli_dev, americasnli_test, bible	13491	2128	272384	not_enough	spa_latn, por_latn, slv_latn, est_latn, cat_latn, fin_latn, arb_arab, ita_latn, srp_cyrl, ell_grek	jpn_jpan, kor_hang, zho_hans, tha_thai, tam_taml, vie_latn, npi_deva, ben_beng, kaz_cyrl, ind_latn
anv_latn	Denya	bible	7812	2126	272128	not_enough	fra_latn, spa_latn, por_latn, cat_latn, ita_latn, heb_hebr, eng_latn, nld_latn, slv_latn, sqi_latn	jpn_jpan, kor_hang, zho_hans, tam_taml, kaz_cyrl, npi_deva, ben_beng, tur_latn, hin_deva, aze_latn
yuj_latn	Karkar-Yuri	bible	7896	2124	271872	not_enough	jpn_jpan, ben_beng, kor_hang, tam_taml, kaz_cyrl, hin_deva, aze_latn, urd_arab, ind_latn, npi_deva	bul_cyrl, bel_cyrl, ell_grek, spa_latn, por_latn, mkd_cyrl, sqi_latn, ukr_cyrl, ita_latn, cat_latn
fai_latn	Faiwol	bible	7916	2123	271744	not_enough	jpn_jpan, ben_beng, kor_hang, tam_taml, hin_deva, ind_latn, aze_latn, kaz_cyrl, urd_arab, npi_deva	ukr_cyrl, bel_cyrl, eng_latn, mkd_cyrl, ell_grek, bul_cyrl, swe_latn, cat_latn, spa_latn, dan_latn
guc_latn	Wayuu	bible	6968	2123	271744	not_enough	spa_latn, por_latn, cat_latn, fra_latn, ita_latn, ell_grek, sqi_latn, arb_arab, eng_latn, ron_latn	jpn_jpan, tam_taml, kor_hang, ben_beng, npi_deva, zho_hans, kaz_cyrl, urd_arab, tha_thai, aze_latn
xed_latn	Hdi	bible	8016	2122	271616	not_enough	arb_arab, fra_latn, cat_latn, spa_latn, ita_latn, por_latn, nld_latn, heb_hebr, eng_latn, sqi_latn	jpn_jpan, kor_hang, tam_taml, zho_hans, npi_deva, kaz_cyrl, ben_beng, hin_deva, tur_latn, hye_armn
mie_latn	Ocotepec Mixtec	bible	7607	2120	271360	not_enough	spa_latn, por_latn, cat_latn, ita_latn, ell_grek, fra_latn, vie_latn, eng_latn, sqi_latn, arb_arab	tam_taml, ben_beng, jpn_jpan, npi_deva, kor_hang, kaz_cyrl, urd_arab, zho_hans, hin_deva, aze_latn
naw_latn	Nawuri	bible	7976	2117	270976	not_enough	fra_latn, por_latn, spa_latn, cat_latn, ita_latn, lav_latn, eng_latn, aze_latn, heb_hebr, kat_geor	kor_hang, jpn_jpan, npi_deva, tam_taml, bel_cyrl, zho_hans, rus_cyrl, ben_beng, ind_latn, ukr_cyrl
bjz_latn	Baruga	bible	7405	2116	270848	not_enough	hin_deva, kor_hang, ind_latn, jpn_jpan, ben_beng, tam_taml, urd_arab, kaz_cyrl, aze_latn, tha_thai	ukr_cyrl, bel_cyrl, bul_cyrl, mkd_cyrl, ell_grek, pol_latn, eng_latn, slk_latn, ces_latn, swe_latn
nin_latn	Ninzo	bible	8000	2114	270592	not_enough	fra_latn, spa_latn, por_latn, cat_latn, ita_latn, nld_latn, heb_hebr, eng_latn, deu_latn, sqi_latn	jpn_jpan, kor_hang, tam_taml, kaz_cyrl, zho_hans, npi_deva, ben_beng, tur_latn, aze_latn, hin_deva
chr_cher	Cherokee	chr_en, cherokeedictionary, wiki, tatoeba	12830	2114	270592	not_enough	fin_latn, hun_latn, est_latn, hin_deva, spa_latn, tur_latn, por_latn, kat_geor, hye_armn, pol_latn	tha_thai, ind_latn, vie_latn, tam_taml, heb_hebr, jpn_jpan, arb_arab, pes_arab, zho_hans, npi_deva
agd_latn	Agarabi	bible	7958	2112	270336	not_enough	tam_taml, jpn_jpan, kor_hang, ben_beng, kaz_cyrl, hin_deva, aze_latn, npi_deva, urd_arab, tur_latn	bul_cyrl, ell_grek, ukr_cyrl, por_latn, bel_cyrl, eng_latn, sqi_latn, spa_latn, mkd_cyrl, fra_latn
faa_latn	Fasu	bible	7804	2112	270336	not_enough	tam_taml, jpn_jpan, ben_beng, hin_deva, kor_hang, ind_latn, kaz_cyrl, urd_arab, aze_latn, npi_deva	ukr_cyrl, bul_cyrl, bel_cyrl, mkd_cyrl, ell_grek, pol_latn, eng_latn, swe_latn, por_latn, slk_latn
ood_latn	Tohono O'odham	bible, tatoeba	7435	2110	270080	not_enough	pol_latn, por_latn, spa_latn, fin_latn, eng_latn, hun_latn, fra_latn, nld_latn, nob_latn, cat_latn	tam_taml, tha_thai, npi_deva, ben_beng, kaz_cyrl, jpn_jpan, heb_hebr, aze_latn, arb_arab, tur_latn
kqp_latn	Kimré	bible	7869	2106	269568	not_enough	fra_latn, cat_latn, por_latn, ita_latn, spa_latn, heb_hebr, nld_latn, eng_latn, arb_arab, deu_latn	jpn_jpan, kor_hang, tam_taml, zho_hans, kaz_cyrl, npi_deva, ben_beng, hin_deva, tur_latn, hye_armn
gng_latn	Ngangam	bible	7775	2105	269440	not_enough	por_latn, cat_latn, ita_latn, eng_latn, spa_latn, fra_latn, slv_latn, srp_cyrl, ron_latn, sqi_latn	jpn_jpan, tam_taml, kor_hang, npi_deva, kaz_cyrl, ben_beng, tur_latn, aze_latn, pes_arab, zho_hans
plw_latn	Brooke's Point Palawano	bible	8322	2104	269312	not_enough	ind_latn, vie_latn, tha_thai, arb_arab, hun_latn, zho_hans, fin_latn, rus_cyrl, eng_latn, ita_latn	tam_taml, kaz_cyrl, jpn_jpan, npi_deva, ces_latn, srp_cyrl, kor_hang, tur_latn, bel_cyrl, ukr_cyrl
ntr_latn	Delo	bible	7792	2104	269312	not_enough	heb_hebr, por_latn, spa_latn, ita_latn, fra_latn, cat_latn, ron_latn, slv_latn, sqi_latn, eng_latn	jpn_jpan, kor_hang, tam_taml, npi_deva, kaz_cyrl, ben_beng, pes_arab, tur_latn, zho_hans, aze_latn
gul_latn	Sea Island Creole English	bible	7965	2104	269312	not_enough	eng_latn, nld_latn, swe_latn, nob_latn, dan_latn, deu_latn, fra_latn, por_latn, spa_latn, ita_latn	tam_taml, npi_deva, kaz_cyrl, jpn_jpan, ben_beng, kor_hang, tha_thai, zho_hans, urd_arab, tur_latn
rup_latn	Macedo-Romanian	wiki	17030	2103	269184	not_enough	ron_latn, por_latn, ita_latn, cat_latn, spa_latn, sqi_latn, fra_latn, slk_latn, mkd_cyrl, slv_latn	jpn_jpan, kor_hang, tam_taml, ben_beng, npi_deva, zho_hans, kaz_cyrl, tha_thai, vie_latn, ind_latn
pls_latn	San Marcos Tlacoyalco Popoloca	bible	7946	2102	269056	not_enough	spa_latn, por_latn, cat_latn, ita_latn, fra_latn, arb_arab, ell_grek, eng_latn, ron_latn, sqi_latn	tam_taml, jpn_jpan, kor_hang, npi_deva, ben_beng, kaz_cyrl, zho_hans, hin_deva, urd_arab, kat_geor
bmh_latn	Kein	bible	7711	2101	268928	not_enough	hin_deva, kor_hang, ben_beng, ind_latn, urd_arab, jpn_jpan, npi_deva, tha_thai, vie_latn, kaz_cyrl	ukr_cyrl, ces_latn, bel_cyrl, mkd_cyrl, bul_cyrl, pol_latn, ell_grek, lav_latn, eng_latn, dan_latn
yva_latn	Yawa	bible	7422	2099	268672	not_enough	ind_latn, vie_latn, tha_thai, jpn_jpan, ben_beng, aze_latn, pes_arab, hye_armn, hin_deva, kor_hang	ukr_cyrl, bel_cyrl, bul_cyrl, spa_latn, por_latn, mkd_cyrl, ell_grek, swe_latn, pol_latn, eng_latn
bor_latn	Borôro	bible	7216	2097	268416	not_enough	tur_latn, hun_latn, ces_latn, spa_latn, lit_latn, por_latn, hye_armn, slv_latn, pes_arab, aze_latn	zho_hans, tha_thai, vie_latn, jpn_jpan, kor_hang, ind_latn, npi_deva, rus_cyrl, ben_beng, ukr_cyrl
avt_latn	Au	bible	7942	2096	268288	not_enough	ind_latn, vie_latn, tha_thai, ben_beng, hin_deva, zho_hans, urd_arab, heb_hebr, arb_arab, rus_cyrl	tur_latn, kaz_cyrl, bel_cyrl, tam_taml, lav_latn, ukr_cyrl, jpn_jpan, ces_latn, aze_latn, mkd_cyrl
gum_latn	Guambiano	bible	9358	2096	268288	not_enough	tur_latn, spa_latn, aze_latn, por_latn, est_latn, fin_latn, ces_latn, lit_latn, nld_latn, hun_latn	tha_thai, vie_latn, ind_latn, zho_hans, kor_hang, arb_arab, rus_cyrl, npi_deva, ben_beng, jpn_jpan
cam_latn	Cemuhî	bible	7488	2094	268032	not_enough	ind_latn, vie_latn, tha_thai, arb_arab, heb_hebr, zho_hans, eng_latn, ita_latn, fra_latn, rus_cyrl	tam_taml, kaz_cyrl, tur_latn, npi_deva, ces_latn, aze_latn, slv_latn, srp_cyrl, kat_geor, lit_latn
nyu_latn	Nyungwe	bible	10797	2092	267776	not_enough	arb_arab, heb_hebr, pes_arab, spa_latn, ita_latn, por_latn, ind_latn, ces_latn, cat_latn, sqi_latn	kor_hang, jpn_jpan, zho_hans, ben_beng, tam_taml, npi_deva, kaz_cyrl, swe_latn, dan_latn, bel_cyrl
mcr_latn	Menya	bible	7572	2091	267648	not_enough	jpn_jpan, ben_beng, hin_deva, tam_taml, kaz_cyrl, aze_latn, kor_hang, urd_arab, ind_latn, tha_thai	ukr_cyrl, bel_cyrl, bul_cyrl, eng_latn, mkd_cyrl, ell_grek, pol_latn, swe_latn, dan_latn, spa_latn
bzh_latn	Mapos Buang	bible	7923	2090	267520	not_enough	ind_latn, vie_latn, tha_thai, ben_beng, hun_latn, zho_hans, fin_latn, eng_latn, nld_latn, heb_hebr	bel_cyrl, ukr_cyrl, tam_taml, npi_deva, srp_cyrl, slv_latn, kaz_cyrl, mkd_cyrl, pol_latn, ces_latn
rkb_latn	Rikbaktsa	bible	7823	2088	267264	not_enough	hun_latn, por_latn, fin_latn, spa_latn, fra_latn, cat_latn, nld_latn, pes_arab, ita_latn, slv_latn	zho_hans, jpn_jpan, tha_thai, kor_hang, tam_taml, vie_latn, rus_cyrl, npi_deva, kaz_cyrl, ben_beng
upv_latn	Uripiv-Wala-Rano-Atchin	bible	7943	2087	267136	not_enough	ind_latn, tha_thai, vie_latn, heb_hebr, ron_latn, fin_latn, ita_latn, cat_latn, por_latn, spa_latn	kaz_cyrl, tam_taml, jpn_jpan, tur_latn, ukr_cyrl, npi_deva, lav_latn, kor_hang, aze_latn, bel_cyrl
buk_latn	Bugawac	bible, bible0	7703	2087	267136	not_enough	vie_latn, ind_latn, tha_thai, zho_hans, ben_beng, heb_hebr, hin_deva, fin_latn, pes_arab, hun_latn	tam_taml, tur_latn, bel_cyrl, ukr_cyrl, kaz_cyrl, ces_latn, pol_latn, npi_deva, mkd_cyrl, ell_grek
mkl_latn	Mokole	bible	7770	2082	266496	not_enough	fra_latn, spa_latn, cat_latn, por_latn, heb_hebr, nld_latn, ita_latn, eng_latn, deu_latn, slv_latn	jpn_jpan, kor_hang, tam_taml, kaz_cyrl, zho_hans, npi_deva, ben_beng, tur_latn, aze_latn, hin_deva
nsn_latn	Nehan	bible	7946	2082	266496	not_enough	ind_latn, vie_latn, tha_thai, eng_latn, zho_hans, ita_latn, ron_latn, nob_latn, cat_latn, rus_cyrl	tam_taml, kaz_cyrl, tur_latn, npi_deva, ces_latn, aze_latn, jpn_jpan, lit_latn, ben_beng, bel_cyrl
sil_latn	Tumulung Sisaala	bible	7754	2081	266368	not_enough	por_latn, spa_latn, heb_hebr, fra_latn, ita_latn, cat_latn, ron_latn, eng_latn, sqi_latn, slv_latn	jpn_jpan, kor_hang, tam_taml, npi_deva, kaz_cyrl, pes_arab, ben_beng, zho_hans, tur_latn, aze_latn
bgt_latn	Bughotu	bible	7653	2080	266240	not_enough	ind_latn, vie_latn, tha_thai, zho_hans, ita_latn, eng_latn, cat_latn, ron_latn, rus_cyrl, nob_latn	kaz_cyrl, tam_taml, tur_latn, npi_deva, ces_latn, aze_latn, ben_beng, bel_cyrl, lit_latn, urd_arab
kxf_latn	Manumanaw Karen	bible	7993	2079	266112	not_enough	vie_latn, tha_thai, ind_latn, zho_hans, ben_beng, kor_hang, hin_deva, jpn_jpan, urd_arab, kat_geor	bel_cyrl, spa_latn, ces_latn, por_latn, ell_grek, mkd_cyrl, bul_cyrl, cat_latn, ita_latn, fra_latn
ter_latn	Tereno	bible	7831	2079	266112	not_enough	spa_latn, cat_latn, por_latn, ita_latn, fra_latn, sqi_latn, ron_latn, arb_arab, eng_latn, slk_latn	jpn_jpan, kor_hang, zho_hans, kaz_cyrl, tam_taml, npi_deva, ben_beng, tha_thai, vie_latn, urd_arab
zac_latn	Ocotlán Zapotec	bible	7974	2078	265984	not_enough	spa_latn, por_latn, cat_latn, ita_latn, fra_latn, sqi_latn, arb_arab, eng_latn, ell_grek, ron_latn	tam_taml, jpn_jpan, kor_hang, npi_deva, ben_beng, kaz_cyrl, zho_hans, urd_arab, kat_geor, hin_deva
suc_latn	Western Subanon	bible	7715	2078	265984	not_enough	ind_latn, vie_latn, tha_thai, zho_hans, arb_arab, rus_cyrl, hun_latn, pol_latn, ita_latn, fin_latn	tam_taml, ces_latn, jpn_jpan, kaz_cyrl, srp_cyrl, dan_latn, npi_deva, lav_latn, bel_cyrl, deu_latn
tbf_latn	Mandara	bible	7879	2071	265088	not_enough	vie_latn, ind_latn, tha_thai, zho_hans, ita_latn, ron_latn, rus_cyrl, eng_latn, nob_latn, cat_latn	tam_taml, kaz_cyrl, tur_latn, npi_deva, ces_latn, aze_latn, jpn_jpan, lit_latn, ben_beng, bel_cyrl
zpv_latn	Chichicapan Zapotec	bible	7980	2070	264960	not_enough	spa_latn, por_latn, cat_latn, ita_latn, fra_latn, arb_arab, ell_grek, eng_latn, sqi_latn, ron_latn	tam_taml, jpn_jpan, kor_hang, npi_deva, ben_beng, kaz_cyrl, zho_hans, urd_arab, kat_geor, hin_deva
bqj_latn	Bandial	bible	9504	2069	264832	not_enough	por_latn, spa_latn, heb_hebr, fra_latn, cat_latn, ita_latn, arb_arab, sqi_latn, ron_latn, slv_latn	kor_hang, jpn_jpan, zho_hans, npi_deva, tam_taml, ben_beng, kaz_cyrl, hin_deva, urd_arab, rus_cyrl
mxq_latn	Juquila Mixe	bible	7845	2069	264832	not_enough	spa_latn, por_latn, hun_latn, cat_latn, eng_latn, fin_latn, ita_latn, fra_latn, ell_grek, sqi_latn	tam_taml, npi_deva, ben_beng, jpn_jpan, kor_hang, kaz_cyrl, urd_arab, zho_hans, hin_deva, rus_cyrl
msk_latn	Mansaka	bible	7646	2069	264832	not_enough	ind_latn, vie_latn, tha_thai, arb_arab, zho_hans, ita_latn, rus_cyrl, eng_latn, hun_latn, cat_latn	tam_taml, kaz_cyrl, ces_latn, npi_deva, jpn_jpan, srp_cyrl, tur_latn, bel_cyrl, ben_beng, kor_hang
bsn_latn	Barasana-Eduria	bible	7134	2067	264576	not_enough	spa_latn, cat_latn, ces_latn, por_latn, lit_latn, ita_latn, est_latn, slv_latn, lav_latn, fin_latn	tha_thai, vie_latn, zho_hans, ind_latn, jpn_jpan, kor_hang, npi_deva, ben_beng, urd_arab, kaz_cyrl
aom_latn	Ömie	bible	7481	2063	264064	not_enough	hin_deva, ben_beng, kor_hang, urd_arab, ind_latn, jpn_jpan, npi_deva, kat_geor, tam_taml, tha_thai	ces_latn, bul_cyrl, ukr_cyrl, bel_cyrl, eng_latn, lav_latn, mkd_cyrl, cat_latn, nld_latn, swe_latn
bon_latn	Bine	bible	7885	2062	263936	not_enough	hin_deva, ben_beng, kor_hang, ind_latn, tam_taml, urd_arab, jpn_jpan, npi_deva, kaz_cyrl, vie_latn	bul_cyrl, ukr_cyrl, eng_latn, bel_cyrl, swe_latn, por_latn, ell_grek, mkd_cyrl, cat_latn, spa_latn
acf_latn	Saint Lucian Creole French	bible	7980	2061	263808	not_enough	por_latn, spa_latn, cat_latn, ita_latn, fra_latn, eng_latn, ron_latn, nob_latn, nld_latn, sqi_latn	jpn_jpan, tam_taml, kor_hang, ben_beng, kaz_cyrl, npi_deva, tha_thai, zho_hans, vie_latn, hin_deva
cao_latn	Chácobo	bible	7940	2058	263424	not_enough	spa_latn, tur_latn, por_latn, aze_latn, cat_latn, lit_latn, ita_latn, ces_latn, hun_latn, slv_latn	zho_hans, kor_hang, vie_latn, jpn_jpan, tha_thai, ind_latn, npi_deva, rus_cyrl, ben_beng, ukr_cyrl
tnn_latn	North Tanna	bible	7820	2056	263168	not_enough	ind_latn, tha_thai, vie_latn, heb_hebr, ron_latn, ita_latn, cat_latn, fin_latn, por_latn, spa_latn	kaz_cyrl, tam_taml, tur_latn, jpn_jpan, lav_latn, npi_deva, aze_latn, ukr_cyrl, kor_hang, ces_latn
ifu_latn	Mayoyao Ifugao	bible	7467	2055	263040	not_enough	vie_latn, ind_latn, tha_thai, arb_arab, fin_latn, hun_latn, zho_hans, ita_latn, rus_cyrl, pol_latn	tam_taml, jpn_jpan, kaz_cyrl, npi_deva, lav_latn, kor_hang, tur_latn, ces_latn, kat_geor, dan_latn
sey_latn	Secoya	bible	7974	2054	262912	not_enough	tur_latn, aze_latn, ces_latn, spa_latn, hun_latn, fin_latn, lit_latn, kat_geor, est_latn, slv_latn	tha_thai, vie_latn, zho_hans, ind_latn, npi_deva, rus_cyrl, arb_arab, heb_hebr, ben_beng, jpn_jpan
gam_latn	Kandawo	bible	7809	2053	262784	not_enough	ind_latn, aze_latn, tam_taml, tur_latn, kaz_cyrl, jpn_jpan, ben_beng, tha_thai, pes_arab, vie_latn	ukr_cyrl, bel_cyrl, mkd_cyrl, ell_grek, bul_cyrl, pol_latn, slk_latn, srp_cyrl, eng_latn, por_latn
agt_latn	Central Cagayan Agta	bible	7377	2052	262656	not_enough	ind_latn, vie_latn, tha_thai, arb_arab, rus_cyrl, pol_latn, zho_hans, fin_latn, hin_deva, swe_latn	tam_taml, jpn_jpan, kaz_cyrl, npi_deva, ces_latn, tur_latn, srp_cyrl, ben_beng, kor_hang, deu_latn
mir_latn	Isthmus Mixe	bible	7512	2051	262528	not_enough	por_latn, spa_latn, hun_latn, ces_latn, slv_latn, fin_latn, fra_latn, lit_latn, cat_latn, nld_latn	tha_thai, vie_latn, zho_hans, ind_latn, tam_taml, ben_beng, kor_hang, npi_deva, jpn_jpan, heb_hebr
ons_latn	Ono	bible	7989	2051	262528	not_enough	hin_deva, kor_hang, ben_beng, ind_latn, urd_arab, npi_deva, jpn_jpan, tam_taml, kat_geor, vie_latn	bul_cyrl, ukr_cyrl, bel_cyrl, ces_latn, mkd_cyrl, lav_latn, fra_latn, por_latn, eng_latn, ell_grek
biv_latn	Southern Birifor	bible	7962	2050	262400	not_enough	por_latn, cat_latn, ita_latn, eng_latn, spa_latn, fra_latn, slv_latn, srp_cyrl, ron_latn, nld_latn	jpn_jpan, tam_taml, kor_hang, npi_deva, kaz_cyrl, ben_beng, pes_arab, tur_latn, aze_latn, zho_hans
krj_latn	Kinaray-A	bible	7960	2045	261760	not_enough	ind_latn, vie_latn, tha_thai, arb_arab, zho_hans, ita_latn, rus_cyrl, eng_latn, hun_latn, cat_latn	tam_taml, ces_latn, kaz_cyrl, npi_deva, tur_latn, jpn_jpan, mkd_cyrl, bel_cyrl, srp_cyrl, kor_hang
tnp_latn	Whitesands	bible	7810	2043	261504	not_enough	ind_latn, tha_thai, vie_latn, heb_hebr, ron_latn, ita_latn, cat_latn, fin_latn, por_latn, spa_latn	kaz_cyrl, tur_latn, tam_taml, jpn_jpan, lav_latn, npi_deva, aze_latn, ukr_cyrl, ces_latn, kor_hang
zpm_latn	Mixtepec Zapotec	bible	7598	2042	261376	not_enough	spa_latn, por_latn, cat_latn, fra_latn, ita_latn, arb_arab, eng_latn, ell_grek, sqi_latn, pol_latn	tam_taml, jpn_jpan, kor_hang, npi_deva, ben_beng, kaz_cyrl, zho_hans, urd_arab, kat_geor, hin_deva
arl_latn	Arabela	bible	7958	2038	260864	not_enough	tur_latn, hun_latn, spa_latn, aze_latn, fin_latn, por_latn, hye_armn, est_latn, ces_latn, lit_latn	tha_thai, vie_latn, zho_hans, ind_latn, jpn_jpan, rus_cyrl, npi_deva, ben_beng, kor_hang, heb_hebr
bef_latn	Benabena	bible	7918	2037	260736	not_enough	aze_latn, tam_taml, ben_beng, tur_latn, jpn_jpan, hin_deva, kaz_cyrl, hye_armn, kor_hang, ind_latn	bul_cyrl, ukr_cyrl, bel_cyrl, mkd_cyrl, por_latn, ell_grek, eng_latn, cat_latn, fra_latn, pol_latn
pwg_latn	Gapapaiwa	bible	9507	2036	260608	not_enough	ind_latn, hin_deva, vie_latn, ben_beng, tha_thai, urd_arab, kor_hang, jpn_jpan, npi_deva, zho_hans	ces_latn, ukr_cyrl, bel_cyrl, lav_latn, bul_cyrl, dan_latn, mkd_cyrl, pol_latn, lit_latn, swe_latn
aey_latn	Amele	bible	8987	2034	260352	not_enough	hin_deva, kor_hang, urd_arab, ind_latn, ben_beng, jpn_jpan, tha_thai, vie_latn, npi_deva, aze_latn	ukr_cyrl, ces_latn, bel_cyrl, mkd_cyrl, bul_cyrl, lav_latn, pol_latn, ell_grek, lit_latn, eng_latn
sri_latn	Siriano	bible	7610	2034	260352	not_enough	tur_latn, hun_latn, aze_latn, ces_latn, spa_latn, lit_latn, fin_latn, por_latn, cat_latn, nld_latn	tha_thai, vie_latn, zho_hans, ind_latn, kor_hang, npi_deva, rus_cyrl, ben_beng, jpn_jpan, arb_arab
byr_latn	Baruya	bible, bible0	8333	2031	259968	not_enough	jpn_jpan, hin_deva, ben_beng, tam_taml, ind_latn, kaz_cyrl, aze_latn, kor_hang, urd_arab, tha_thai	bul_cyrl, ukr_cyrl, eng_latn, bel_cyrl, swe_latn, mkd_cyrl, spa_latn, cat_latn, por_latn, ell_grek
tof_latn	Gizrra	bible	8635	2029	259712	not_enough	hin_deva, ben_beng, kor_hang, ind_latn, urd_arab, tam_taml, jpn_jpan, npi_deva, kaz_cyrl, vie_latn	bul_cyrl, eng_latn, ukr_cyrl, por_latn, swe_latn, bel_cyrl, ell_grek, mkd_cyrl, spa_latn, fra_latn
zia_latn	Zia	bible	7897	2029	259712	not_enough	ind_latn, ben_beng, hin_deva, kor_hang, tha_thai, aze_latn, kat_geor, urd_arab, tam_taml, vie_latn	ukr_cyrl, bul_cyrl, bel_cyrl, mkd_cyrl, ces_latn, ell_grek, eng_latn, por_latn, pol_latn, swe_latn
bgg_latn	Bugun	bible	7988	2027	259456	not_enough	jpn_jpan, ben_beng, tam_taml, aze_latn, kaz_cyrl, kor_hang, zho_hans, hin_deva, tur_latn, urd_arab	bel_cyrl, spa_latn, cat_latn, ukr_cyrl, bul_cyrl, por_latn, arb_arab, heb_hebr, slv_latn, srp_cyrl
apz_latn	Safeyoka	bible	7603	2027	259456	not_enough	jpn_jpan, ben_beng, hin_deva, tam_taml, kor_hang, ind_latn, kaz_cyrl, urd_arab, aze_latn, npi_deva	eng_latn, bul_cyrl, swe_latn, ukr_cyrl, bel_cyrl, cat_latn, por_latn, ell_grek, spa_latn, mkd_cyrl
mmn_latn	Mamanwa	bible	7501	2026	259328	not_enough	ind_latn, vie_latn, tha_thai, arb_arab, zho_hans, ita_latn, rus_cyrl, por_latn, fra_latn, cat_latn	tam_taml, kaz_cyrl, jpn_jpan, npi_deva, ces_latn, tur_latn, kor_hang, ben_beng, bel_cyrl, srp_cyrl
tgp_latn	Tangoa	bible	7983	2022	258816	not_enough	ind_latn, tha_thai, vie_latn, heb_hebr, ron_latn, ita_latn, cat_latn, por_latn, fin_latn, spa_latn	kaz_cyrl, tam_taml, tur_latn, jpn_jpan, ukr_cyrl, lav_latn, aze_latn, npi_deva, kor_hang, bel_cyrl
yuw_latn	Yau (Morobe Province)	bible	7758	2021	258688	not_enough	ind_latn, hin_deva, ben_beng, kor_hang, kat_geor, tha_thai, vie_latn, aze_latn, urd_arab, hye_armn	bul_cyrl, ukr_cyrl, bel_cyrl, mkd_cyrl, ces_latn, eng_latn, por_latn, pol_latn, lav_latn, ell_grek
yby_latn	Yaweyuha	bible	7959	2019	258432	not_enough	aze_latn, tam_taml, jpn_jpan, kaz_cyrl, ben_beng, tur_latn, hye_armn, hin_deva, kor_hang, kat_geor	bul_cyrl, por_latn, ukr_cyrl, cat_latn, bel_cyrl, eng_latn, fra_latn, mkd_cyrl, ell_grek, sqi_latn
lwo_latn	Luwo	bible	7792	2016	258048	not_enough	arb_arab, heb_hebr, ita_latn, ron_latn, cat_latn, sqi_latn, spa_latn, por_latn, slv_latn, srp_cyrl	jpn_jpan, kor_hang, zho_hans, kaz_cyrl, tam_taml, npi_deva, ben_beng, tur_latn, lav_latn, aze_latn
mva_latn	Manam	bible	7944	2015	257920	not_enough	ind_latn, vie_latn, tha_thai, hin_deva, ben_beng, pes_arab, urd_arab, kor_hang, hun_latn, npi_deva	lav_latn, ces_latn, ukr_cyrl, dan_latn, bul_cyrl, mkd_cyrl, fra_latn, bel_cyrl, lit_latn, swe_latn
aii_syrc	Assyrian Neo-Aramaic	bible, tatoeba	10294	2015	257920	not_enough	heb_hebr, arb_arab, sqi_latn, srp_cyrl, ron_latn, slv_latn, ita_latn, por_latn, ell_grek, cat_latn	jpn_jpan, kor_hang, tam_taml, vie_latn, zho_hans, ben_beng, tha_thai, ind_latn, kaz_cyrl, aze_latn
bbr_latn	Girawa	bible0, bible	7476	2012	257536	not_enough	hin_deva, kor_hang, ben_beng, ind_latn, urd_arab, jpn_jpan, npi_deva, tha_thai, vie_latn, kaz_cyrl	ukr_cyrl, ces_latn, bel_cyrl, mkd_cyrl, bul_cyrl, pol_latn, lav_latn, eng_latn, dan_latn, ell_grek
mle_latn	Manambu	bible	7230	2011	257408	not_enough	hin_deva, ben_beng, urd_arab, ind_latn, npi_deva, aze_latn, kor_hang, tam_taml, kat_geor, jpn_jpan	ukr_cyrl, bel_cyrl, ell_grek, ces_latn, cat_latn, por_latn, bul_cyrl, eng_latn, sqi_latn, mkd_cyrl
ikk_latn	Ika	bible	8020	2010	257280	not_enough	spa_latn, por_latn, ita_latn, cat_latn, heb_hebr, ron_latn, fra_latn, srp_cyrl, slv_latn, sqi_latn	jpn_jpan, kor_hang, tam_taml, zho_hans, kaz_cyrl, ben_beng, npi_deva, tur_latn, aze_latn, hin_deva
agg_latn	Angor	bible	7842	2002	256256	not_enough	tam_taml, ben_beng, hin_deva, ind_latn, jpn_jpan, urd_arab, kaz_cyrl, kor_hang, aze_latn, pes_arab	ukr_cyrl, bel_cyrl, ell_grek, mkd_cyrl, bul_cyrl, eng_latn, pol_latn, dan_latn, por_latn, fra_latn
lbb_latn	Label	bible	7838	1998	255744	not_enough	ind_latn, vie_latn, tha_thai, zho_hans, ita_latn, ron_latn, eng_latn, nob_latn, swe_latn, cat_latn	tam_taml, kaz_cyrl, tur_latn, npi_deva, ces_latn, jpn_jpan, aze_latn, lit_latn, bel_cyrl, ben_beng
met_latn	Mato	bible	9607	1997	255616	not_enough	ind_latn, vie_latn, tha_thai, ben_beng, zho_hans, hun_latn, fin_latn, heb_hebr, pes_arab, eng_latn	tam_taml, bel_cyrl, ukr_cyrl, npi_deva, kaz_cyrl, ces_latn, srp_cyrl, slv_latn, pol_latn, mkd_cyrl
nwi_latn	Southwest Tanna	bible	7645	1994	255232	not_enough	ind_latn, vie_latn, tha_thai, heb_hebr, por_latn, eng_latn, ita_latn, fra_latn, cat_latn, ron_latn	kaz_cyrl, tam_taml, tur_latn, npi_deva, aze_latn, ces_latn, jpn_jpan, kor_hang, ben_beng, bel_cyrl
amm_latn	Ama (Papua New Guinea)	bible	7447	1993	255104	not_enough	tam_taml, ben_beng, jpn_jpan, kor_hang, hin_deva, kaz_cyrl, urd_arab, ind_latn, npi_deva, aze_latn	ukr_cyrl, bel_cyrl, bul_cyrl, ell_grek, eng_latn, mkd_cyrl, por_latn, swe_latn, sqi_latn, pol_latn
leu_latn	Kara (Papua New Guinea)	bible	7929	1993	255104	not_enough	vie_latn, ind_latn, tha_thai, zho_hans, eng_latn, ita_latn, hun_latn, ron_latn, fin_latn, rus_cyrl	tam_taml, kaz_cyrl, npi_deva, tur_latn, ces_latn, lit_latn, aze_latn, bel_cyrl, jpn_jpan, lav_latn
gah_latn	Alekano	bible	7911	1992	254976	not_enough	tam_taml, ben_beng, kaz_cyrl, jpn_jpan, kor_hang, hin_deva, aze_latn, urd_arab, npi_deva, tur_latn	bul_cyrl, ukr_cyrl, bel_cyrl, ell_grek, eng_latn, mkd_cyrl, por_latn, cat_latn, spa_latn, fra_latn
ebk_latn	Eastern Bontok	bible	7753	1992	254976	not_enough	ind_latn, vie_latn, tha_thai, arb_arab, zho_hans, rus_cyrl, pol_latn, eng_latn, fin_latn, ita_latn	tam_taml, kaz_cyrl, jpn_jpan, tur_latn, npi_deva, ces_latn, lav_latn, ben_beng, srp_cyrl, pes_arab
rai_latn	Ramoaaina	bible	7616	1991	254848	not_enough	ind_latn, vie_latn, tha_thai, zho_hans, eng_latn, hun_latn, ita_latn, rus_cyrl, fin_latn, ron_latn	tam_taml, kaz_cyrl, tur_latn, npi_deva, ces_latn, lit_latn, aze_latn, bel_cyrl, lav_latn, jpn_jpan
sgb_latn	Mag-antsi Ayta	bible	7525	1990	254720	not_enough	ind_latn, vie_latn, tha_thai, arb_arab, zho_hans, rus_cyrl, ita_latn, fin_latn, pol_latn, hun_latn	tam_taml, kaz_cyrl, npi_deva, ces_latn, jpn_jpan, tur_latn, lav_latn, mkd_cyrl, kor_hang, srp_cyrl
cou_latn	Wamey	bible	9439	1990	254720	not_enough	por_latn, spa_latn, cat_latn, ita_latn, fra_latn, heb_hebr, sqi_latn, arb_arab, ces_latn, slv_latn	kor_hang, jpn_jpan, zho_hans, npi_deva, ben_beng, tam_taml, hin_deva, kaz_cyrl, urd_arab, rus_cyrl
gde_latn	Gude	bible	7713	1989	254592	not_enough	arb_arab, spa_latn, ita_latn, cat_latn, por_latn, fra_latn, heb_hebr, ron_latn, sqi_latn, slv_latn	jpn_jpan, kor_hang, tam_taml, zho_hans, ben_beng, kaz_cyrl, npi_deva, vie_latn, ind_latn, hin_deva
kgf_latn	Kube	bible	10537	1985	254080	not_enough	hin_deva, ben_beng, kor_hang, jpn_jpan, ind_latn, urd_arab, tam_taml, kaz_cyrl, npi_deva, aze_latn	ukr_cyrl, bul_cyrl, bel_cyrl, mkd_cyrl, ell_grek, ces_latn, pol_latn, eng_latn, lav_latn, por_latn
klv_latn	Maskelynes	bible	7870	1983	253824	not_enough	ind_latn, vie_latn, tha_thai, heb_hebr, ita_latn, cat_latn, ron_latn, fin_latn, por_latn, spa_latn	kaz_cyrl, tam_taml, tur_latn, jpn_jpan, ukr_cyrl, npi_deva, kor_hang, bel_cyrl, aze_latn, srp_cyrl
kmu_latn	Kanite	bible	7518	1980	253440	not_enough	tam_taml, aze_latn, ben_beng, hin_deva, jpn_jpan, kor_hang, tur_latn, kaz_cyrl, hye_armn, ind_latn	bul_cyrl, ukr_cyrl, por_latn, ell_grek, bel_cyrl, cat_latn, eng_latn, fra_latn, swe_latn, sqi_latn
mek_latn	Mekeo	bible	7828	1978	253184	not_enough	ind_latn, jpn_jpan, vie_latn, ben_beng, tha_thai, hin_deva, kaz_cyrl, aze_latn, urd_arab, tam_taml	ukr_cyrl, bel_cyrl, swe_latn, pol_latn, bul_cyrl, dan_latn, spa_latn, mkd_cyrl, srp_cyrl, slv_latn
mgh_latn	Makhuwa-Meetto	bible, bible0	10396	1978	253184	not_enough	arb_arab, heb_hebr, pes_arab, spa_latn, ita_latn, ces_latn, cat_latn, ron_latn, ind_latn, fra_latn	jpn_jpan, kor_hang, zho_hans, ben_beng, npi_deva, kaz_cyrl, tam_taml, bel_cyrl, swe_latn, ukr_cyrl
wiu_latn	Wiru	bible	7759	1977	253056	not_enough	aze_latn, tam_taml, ind_latn, ben_beng, jpn_jpan, tur_latn, kaz_cyrl, hin_deva, hye_armn, kor_hang	ukr_cyrl, bel_cyrl, bul_cyrl, mkd_cyrl, pol_latn, ell_grek, por_latn, swe_latn, slk_latn, dan_latn
srq_latn	Sirionó	bible	7608	1975	252800	not_enough	tur_latn, spa_latn, pes_arab, por_latn, hun_latn, aze_latn, cat_latn, fin_latn, ita_latn, lit_latn	zho_hans, tha_thai, kor_hang, npi_deva, vie_latn, rus_cyrl, ben_beng, jpn_jpan, ind_latn, tam_taml
amp_latn	Alamblak	bible	7482	1973	252544	not_enough	hin_deva, urd_arab, ben_beng, kor_hang, npi_deva, tam_taml, jpn_jpan, ind_latn, kat_geor, zho_hans	ukr_cyrl, lav_latn, bel_cyrl, ces_latn, heb_hebr, ell_grek, sqi_latn, dan_latn, bul_cyrl, por_latn
bjp_latn	Fanamaket	bible	7856	1972	252416	not_enough	ind_latn, vie_latn, tha_thai, rus_cyrl, spa_latn, ita_latn, ron_latn, arb_arab, eng_latn, nob_latn	tam_taml, tur_latn, kaz_cyrl, ces_latn, jpn_jpan, lit_latn, bel_cyrl, aze_latn, ben_beng, npi_deva
cav_latn	Cavineña	bible	7268	1971	252288	not_enough	spa_latn, tur_latn, por_latn, cat_latn, nld_latn, ces_latn, lit_latn, deu_latn, hun_latn, ita_latn	tha_thai, zho_hans, vie_latn, kor_hang, ind_latn, npi_deva, rus_cyrl, jpn_jpan, ben_beng, ukr_cyrl
ded_latn	Dedua	bible	10417	1969	252032	not_enough	ben_beng, kor_hang, hin_deva, jpn_jpan, ind_latn, tam_taml, urd_arab, kaz_cyrl, npi_deva, aze_latn	ukr_cyrl, bul_cyrl, bel_cyrl, mkd_cyrl, ces_latn, ell_grek, pol_latn, eng_latn, por_latn, slk_latn
aby_latn	Aneme Wake	bible	7132	1967	251776	not_enough	ind_latn, vie_latn, hin_deva, tha_thai, ben_beng, urd_arab, kat_geor, kor_hang, aze_latn, hun_latn	ces_latn, ukr_cyrl, bel_cyrl, bul_cyrl, swe_latn, dan_latn, lit_latn, pol_latn, mkd_cyrl, lav_latn
abp_latn	Abellen Ayta	bible	7580	1966	251648	not_enough	ind_latn, vie_latn, tha_thai, arb_arab, zho_hans, rus_cyrl, ita_latn, fin_latn, pol_latn, eng_latn	tam_taml, kaz_cyrl, npi_deva, ces_latn, tur_latn, jpn_jpan, lav_latn, mkd_cyrl, srp_cyrl, bel_cyrl
bzj_latn	Belize Kriol English	bible	7674	1962	251136	not_enough	eng_latn, por_latn, spa_latn, cat_latn, ita_latn, nld_latn, swe_latn, nob_latn, fra_latn, fin_latn	tam_taml, npi_deva, jpn_jpan, ben_beng, kaz_cyrl, kor_hang, zho_hans, urd_arab, hin_deva, aze_latn
kue_latn	Kuman (Papua New Guinea)	bible	7949	1961	251008	not_enough	tam_taml, ben_beng, jpn_jpan, kaz_cyrl, hin_deva, urd_arab, kor_hang, aze_latn, ind_latn, npi_deva	ukr_cyrl, bel_cyrl, ell_grek, mkd_cyrl, bul_cyrl, pol_latn, eng_latn, por_latn, dan_latn, fra_latn
bdv_orya	Bodo Parja	bible	7487	1960	250880	not_enough	npi_deva, ben_beng, hin_deva, tam_taml, urd_arab, aze_latn, kat_geor, tur_latn, kaz_cyrl, hye_armn	ind_latn, vie_latn, tha_thai, eng_latn, fra_latn, cat_latn, por_latn, ita_latn, spa_latn, swe_latn
pio_latn	Piapoco	bible	7541	1960	250880	not_enough	spa_latn, por_latn, cat_latn, fra_latn, eng_latn, hun_latn, ita_latn, est_latn, fin_latn, slv_latn	jpn_jpan, tha_thai, kor_hang, tam_taml, zho_hans, npi_deva, ben_beng, vie_latn, kaz_cyrl, ind_latn
xsr_deva	Sherpa	bible	7095	1960	250880	not_enough	npi_deva, hin_deva, jpn_jpan, ben_beng, kaz_cyrl, tam_taml, kor_hang, zho_hans, aze_latn, tur_latn	spa_latn, cat_latn, por_latn, ita_latn, fra_latn, bul_cyrl, ron_latn, eng_latn, pol_latn, mkd_cyrl
zao_latn	Ozolotepec Zapotec	bible	8000	1958	250624	not_enough	spa_latn, por_latn, cat_latn, ita_latn, fra_latn, arb_arab, eng_latn, vie_latn, ind_latn, ell_grek	tam_taml, jpn_jpan, npi_deva, ben_beng, kor_hang, kaz_cyrl, urd_arab, zho_hans, hin_deva, kat_geor
des_latn	Desano	bible	7735	1954	250112	not_enough	tur_latn, aze_latn, hun_latn, spa_latn, ces_latn, fin_latn, lit_latn, por_latn, est_latn, slv_latn	tha_thai, vie_latn, zho_hans, ind_latn, npi_deva, kor_hang, rus_cyrl, arb_arab, jpn_jpan, ben_beng
boj_latn	Anjam	bible0, bible	7123	1954	250112	not_enough	hin_deva, kor_hang, ben_beng, urd_arab, jpn_jpan, ind_latn, npi_deva, tha_thai, vie_latn, zho_hans	ces_latn, ukr_cyrl, bel_cyrl, mkd_cyrl, bul_cyrl, pol_latn, lav_latn, eng_latn, dan_latn, ell_grek
mcf_latn	Matsés	bible	7898	1951	249728	not_enough	tur_latn, aze_latn, hun_latn, por_latn, ces_latn, cat_latn, spa_latn, fin_latn, lit_latn, ita_latn	tha_thai, zho_hans, vie_latn, ind_latn, kor_hang, npi_deva, rus_cyrl, jpn_jpan, ben_beng, ukr_cyrl
zyp_latn	Zyphe Chin	bible	7911	1949	249472	not_enough	ben_beng, kor_hang, vie_latn, hin_deva, jpn_jpan, tha_thai, urd_arab, zho_hans, kaz_cyrl, tam_taml	spa_latn, por_latn, bel_cyrl, ces_latn, bul_cyrl, cat_latn, ell_grek, mkd_cyrl, ita_latn, ukr_cyrl
guh_latn	Guahibo	bible	7338	1948	249344	not_enough	hun_latn, tur_latn, spa_latn, ces_latn, lit_latn, aze_latn, fin_latn, por_latn, hye_armn, est_latn	tha_thai, zho_hans, vie_latn, kor_hang, ind_latn, npi_deva, jpn_jpan, ben_beng, rus_cyrl, tam_taml
bcc_arab	Southern Balochi	bible	7349	1948	249344	not_enough	pes_arab, urd_arab, arb_arab, aze_latn, kat_geor, hye_armn, npi_deva, kaz_cyrl, ces_latn, tur_latn	vie_latn, ind_latn, tha_thai, zho_hans, kor_hang, jpn_jpan, eng_latn, fin_latn, fra_latn, dan_latn
daa_latn	Dangaléat	bible	7679	1945	248960	not_enough	fra_latn, cat_latn, por_latn, ita_latn, spa_latn, nld_latn, heb_hebr, eng_latn, ron_latn, deu_latn	jpn_jpan, kor_hang, tam_taml, zho_hans, kaz_cyrl, ben_beng, npi_deva, hin_deva, tur_latn, urd_arab
tnk_latn	Kwamera	bible	7600	1945	248960	not_enough	ind_latn, vie_latn, tha_thai, heb_hebr, por_latn, ita_latn, eng_latn, cat_latn, fra_latn, rus_cyrl	tam_taml, kaz_cyrl, tur_latn, aze_latn, npi_deva, jpn_jpan, kor_hang, ces_latn, ben_beng, urd_arab
atg_latn	Ivbie North-Okpela-Arhe	bible	7997	1944	248832	not_enough	spa_latn, por_latn, ita_latn, fra_latn, heb_hebr, cat_latn, eng_latn, vie_latn, srp_cyrl, ron_latn	jpn_jpan, kor_hang, tam_taml, kaz_cyrl, ben_beng, zho_hans, npi_deva, tur_latn, aze_latn, hin_deva
agn_latn	Agutaynen	bible	7502	1939	248192	not_enough	ind_latn, vie_latn, tha_thai, ben_beng, hin_deva, hun_latn, fin_latn, urd_arab, pes_arab, zho_hans	tam_taml, bel_cyrl, ukr_cyrl, jpn_jpan, ces_latn, kaz_cyrl, mkd_cyrl, srp_cyrl, dan_latn, tur_latn
set_latn	Sentani	bible	7853	1939	248192	not_enough	jpn_jpan, ben_beng, tam_taml, kor_hang, hin_deva, kaz_cyrl, urd_arab, aze_latn, npi_deva, tur_latn	ukr_cyrl, bel_cyrl, ell_grek, mkd_cyrl, eng_latn, dan_latn, bul_cyrl, swe_latn, pol_latn, spa_latn
mbt_latn	Matigsalug Manobo	bible	7734	1938	248064	not_enough	ind_latn, vie_latn, tha_thai, arb_arab, zho_hans, eng_latn, hun_latn, rus_cyrl, fin_latn, ita_latn	tam_taml, ces_latn, kaz_cyrl, npi_deva, jpn_jpan, srp_cyrl, tur_latn, kor_hang, bel_cyrl, slv_latn
xnn_latn	Northern Kankanay	bible	7606	1938	248064	not_enough	ind_latn, vie_latn, tha_thai, arb_arab, fin_latn, hun_latn, ita_latn, rus_cyrl, zho_hans, pol_latn	tam_taml, jpn_jpan, kaz_cyrl, npi_deva, lav_latn, kor_hang, kat_geor, ces_latn, tur_latn, deu_latn
zsr_latn	Southern Rincon Zapotec	bible	7912	1937	247936	not_enough	spa_latn, por_latn, cat_latn, ita_latn, fra_latn, vie_latn, arb_arab, eng_latn, ell_grek, sqi_latn	tam_taml, npi_deva, jpn_jpan, ben_beng, kor_hang, kaz_cyrl, urd_arab, zho_hans, hin_deva, kat_geor
msm_latn	Agusan Manobo	bible	7634	1934	247552	not_enough	ind_latn, vie_latn, tha_thai, arb_arab, ita_latn, rus_cyrl, zho_hans, eng_latn, hun_latn, fin_latn	tam_taml, ces_latn, kaz_cyrl, jpn_jpan, tur_latn, npi_deva, bel_cyrl, kor_hang, ukr_cyrl, mkd_cyrl
hns_latn	Caribbean Hindustani	bible	7889	1934	247552	not_enough	eng_latn, ces_latn, lit_latn, dan_latn, spa_latn, nld_latn, fin_latn, por_latn, deu_latn, cat_latn	tha_thai, jpn_jpan, kor_hang, npi_deva, zho_hans, ben_beng, tam_taml, vie_latn, kaz_cyrl, urd_arab
hto_latn	Minica Huitoto	bible	7967	1934	247552	not_enough	tur_latn, aze_latn, ces_latn, fin_latn, lit_latn, hun_latn, spa_latn, est_latn, por_latn, lav_latn	tha_thai, vie_latn, zho_hans, ind_latn, npi_deva, kor_hang, rus_cyrl, arb_arab, jpn_jpan, ben_beng
snc_latn	Sinaugoro	bible	7827	1930	247040	not_enough	ind_latn, vie_latn, ben_beng, tha_thai, hin_deva, kor_hang, jpn_jpan, zho_hans, urd_arab, npi_deva	ces_latn, ukr_cyrl, bel_cyrl, lav_latn, dan_latn, bul_cyrl, pol_latn, swe_latn, lit_latn, mkd_cyrl
tiy_latn	Tiruray	bible	7796	1927	246656	not_enough	ind_latn, vie_latn, tha_thai, arb_arab, rus_cyrl, ita_latn, zho_hans, ron_latn, fra_latn, por_latn	tam_taml, kaz_cyrl, jpn_jpan, tur_latn, ces_latn, npi_deva, kor_hang, aze_latn, lit_latn, ben_beng
dgc_latn	Casiguran Dumagat Agta	bible	7627	1925	246400	not_enough	ind_latn, vie_latn, tha_thai, arb_arab, fin_latn, hun_latn, ita_latn, zho_hans, rus_cyrl, pol_latn	tam_taml, jpn_jpan, kaz_cyrl, npi_deva, lav_latn, kor_hang, ces_latn, kat_geor, tur_latn, deu_latn
zpc_latn	Choapan Zapotec	bible	7894	1924	246272	not_enough	spa_latn, por_latn, cat_latn, ita_latn, fra_latn, eng_latn, arb_arab, ell_grek, sqi_latn, ron_latn	tam_taml, jpn_jpan, kor_hang, npi_deva, ben_beng, kaz_cyrl, zho_hans, urd_arab, kat_geor, hin_deva
bht_deva	Bhattiyali	bible	7483	1923	246144	not_enough	npi_deva, hin_deva, ben_beng, tam_taml, urd_arab, kaz_cyrl, rus_cyrl, kat_geor, aze_latn, hye_armn	vie_latn, ind_latn, tha_thai, eng_latn, fra_latn, por_latn, cat_latn, swe_latn, nld_latn, dan_latn
wnu_latn	Usan	bible	7796	1923	246144	not_enough	hin_deva, ind_latn, urd_arab, kor_hang, ben_beng, jpn_jpan, npi_deva, kat_geor, vie_latn, tha_thai	ces_latn, ukr_cyrl, bel_cyrl, pol_latn, mkd_cyrl, lav_latn, lit_latn, dan_latn, bul_cyrl, slk_latn
cul_latn	Culina	bible	7493	1921	245888	not_enough	tur_latn, hun_latn, fin_latn, aze_latn, ces_latn, spa_latn, pes_arab, lit_latn, por_latn, hye_armn	tha_thai, vie_latn, zho_hans, ind_latn, jpn_jpan, kor_hang, npi_deva, rus_cyrl, ben_beng, heb_hebr
alp_latn	Alune	bible	7861	1920	245760	not_enough	ind_latn, vie_latn, tha_thai, ben_beng, zho_hans, hin_deva, pes_arab, fin_latn, heb_hebr, hun_latn	bel_cyrl, ukr_cyrl, ell_grek, tam_taml, kaz_cyrl, ces_latn, lav_latn, spa_latn, mkd_cyrl, tur_latn
tue_latn	Tuyuca	bible	7579	1919	245632	not_enough	tur_latn, aze_latn, spa_latn, hun_latn, por_latn, ces_latn, fin_latn, lit_latn, nld_latn, cat_latn	tha_thai, vie_latn, zho_hans, ind_latn, npi_deva, rus_cyrl, kor_hang, arb_arab, heb_hebr, ben_beng
jvn_latn	Caribbean Javanese	bible	7783	1918	245504	not_enough	por_latn, spa_latn, cat_latn, eng_latn, ita_latn, nld_latn, fra_latn, sqi_latn, slv_latn, hun_latn	kor_hang, jpn_jpan, tam_taml, npi_deva, ben_beng, tha_thai, zho_hans, vie_latn, kaz_cyrl, urd_arab
due_latn	Umiray Dumaget Agta	bible	7630	1917	245376	not_enough	ind_latn, vie_latn, tha_thai, arb_arab, zho_hans, rus_cyrl, ita_latn, fin_latn, pol_latn, hun_latn	tam_taml, kaz_cyrl, npi_deva, jpn_jpan, ces_latn, tur_latn, hye_armn, lav_latn, mkd_cyrl, kor_hang
yom_latn	Yombe	bible	10586	1917	245376	not_enough	heb_hebr, spa_latn, fra_latn, cat_latn, ces_latn, arb_arab, por_latn, lit_latn, sqi_latn, pes_arab	kor_hang, jpn_jpan, zho_hans, npi_deva, tam_taml, kaz_cyrl, ben_beng, hin_deva, urd_arab, rus_cyrl
rol_latn	Romblomanon	bible	7801	1915	245120	not_enough	ind_latn, vie_latn, tha_thai, arb_arab, zho_hans, ita_latn, rus_cyrl, eng_latn, cat_latn, hun_latn	tam_taml, ces_latn, kaz_cyrl, npi_deva, tur_latn, jpn_jpan, mkd_cyrl, bel_cyrl, srp_cyrl, kor_hang
clu_latn	Caluyanun	bible	7790	1914	244992	not_enough	ind_latn, vie_latn, tha_thai, arb_arab, zho_hans, ita_latn, rus_cyrl, hun_latn, fin_latn, pes_arab	tam_taml, ces_latn, npi_deva, kaz_cyrl, jpn_jpan, mkd_cyrl, srp_cyrl, bel_cyrl, tur_latn, kor_hang
xon_latn	Konkomba	bible	7800	1912	244736	not_enough	por_latn, eng_latn, cat_latn, ita_latn, spa_latn, fra_latn, slv_latn, srp_cyrl, ron_latn, nld_latn	jpn_jpan, tam_taml, kor_hang, npi_deva, kaz_cyrl, ben_beng, tur_latn, aze_latn, pes_arab, zho_hans
mqj_latn	Mamasa	bible	7839	1912	244736	not_enough	ind_latn, vie_latn, tha_thai, ita_latn, heb_hebr, cat_latn, hun_latn, fin_latn, ron_latn, por_latn	jpn_jpan, tam_taml, kaz_cyrl, tur_latn, ces_latn, kor_hang, npi_deva, lav_latn, dan_latn, ukr_cyrl
ian_latn	Iatmul	bible	7730	1909	244352	not_enough	ben_beng, hin_deva, tam_taml, kor_hang, jpn_jpan, npi_deva, kaz_cyrl, urd_arab, aze_latn, ind_latn	eng_latn, bul_cyrl, ukr_cyrl, swe_latn, spa_latn, bel_cyrl, cat_latn, por_latn, ell_grek, ces_latn
ttq_latn	Tawallammat Tamajaq	bible	7911	1905	243840	not_enough	spa_latn, cat_latn, ita_latn, por_latn, arb_arab, sqi_latn, heb_hebr, ron_latn, ell_grek, fra_latn	jpn_jpan, kor_hang, tam_taml, zho_hans, ben_beng, kaz_cyrl, npi_deva, tha_thai, vie_latn, ind_latn
uli_latn	Ulithian	bible	7973	1903	243584	not_enough	ind_latn, vie_latn, tha_thai, zho_hans, fin_latn, rus_cyrl, hun_latn, eng_latn, swe_latn, nob_latn	tam_taml, npi_deva, kaz_cyrl, tur_latn, ces_latn, bel_cyrl, lit_latn, lav_latn, jpn_jpan, aze_latn
waj_latn	Waffa	bible	7604	1901	243328	not_enough	ben_beng, hin_deva, aze_latn, kor_hang, tam_taml, hye_armn, kat_geor, jpn_jpan, npi_deva, ind_latn	bul_cyrl, ukr_cyrl, bel_cyrl, por_latn, mkd_cyrl, ell_grek, cat_latn, eng_latn, sqi_latn, fra_latn
lip_latn	Sekpele	bible	7960	1898	242944	not_enough	fra_latn, por_latn, spa_latn, lav_latn, eng_latn, cat_latn, ita_latn, heb_hebr, nld_latn, deu_latn	kor_hang, jpn_jpan, npi_deva, tam_taml, zho_hans, rus_cyrl, bel_cyrl, ben_beng, hin_deva, fin_latn
bov_latn	Tuwuli	bible	7960	1898	242944	not_enough	fra_latn, por_latn, spa_latn, cat_latn, ita_latn, lav_latn, eng_latn, heb_hebr, nld_latn, aze_latn	kor_hang, jpn_jpan, npi_deva, tam_taml, zho_hans, rus_cyrl, bel_cyrl, ben_beng, ind_latn, fin_latn
for_latn	Fore	bible	7920	1895	242560	not_enough	tam_taml, jpn_jpan, ben_beng, kor_hang, hin_deva, kaz_cyrl, aze_latn, urd_arab, npi_deva, ind_latn	ukr_cyrl, ell_grek, bul_cyrl, bel_cyrl, mkd_cyrl, por_latn, sqi_latn, eng_latn, cat_latn, swe_latn
bds_latn	Burunge	bible	7772	1893	242304	not_enough	hin_deva, arb_arab, tam_taml, pes_arab, sqi_latn, hye_armn, ron_latn, urd_arab, aze_latn, heb_hebr	zho_hans, jpn_jpan, vie_latn, kor_hang, tha_thai, bul_cyrl, bel_cyrl, fin_latn, ind_latn, eng_latn
kyb_latn	Butbut Kalinga	bible	7790	1893	242304	not_enough	ind_latn, vie_latn, tha_thai, fin_latn, arb_arab, hun_latn, zho_hans, ita_latn, hin_deva, cat_latn	tam_taml, jpn_jpan, npi_deva, ces_latn, kor_hang, ukr_cyrl, kaz_cyrl, bel_cyrl, deu_latn, srp_cyrl
zpo_latn	Amatlán Zapotec	bible	7904	1892	242176	not_enough	spa_latn, por_latn, cat_latn, fra_latn, arb_arab, ita_latn, ell_grek, eng_latn, sqi_latn, pol_latn	tam_taml, jpn_jpan, kor_hang, npi_deva, ben_beng, kaz_cyrl, zho_hans, urd_arab, kat_geor, hin_deva
knf_latn	Mankanya	bible	9502	1891	242048	not_enough	por_latn, heb_hebr, spa_latn, cat_latn, ita_latn, fra_latn, arb_arab, ron_latn, slv_latn, ces_latn	kor_hang, jpn_jpan, zho_hans, npi_deva, tam_taml, ben_beng, hin_deva, urd_arab, kaz_cyrl, rus_cyrl
plu_latn	Palikúr	bible	7480	1891	242048	not_enough	eng_latn, por_latn, fra_latn, spa_latn, hun_latn, sqi_latn, dan_latn, swe_latn, slv_latn, cat_latn	jpn_jpan, tam_taml, npi_deva, kor_hang, ben_beng, tha_thai, kaz_cyrl, zho_hans, urd_arab, hin_deva
key_telu	Kupia	bible	7604	1888	241664	not_enough	ben_beng, npi_deva, hin_deva, tam_taml, urd_arab, aze_latn, tur_latn, kat_geor, kaz_cyrl, est_latn	vie_latn, tha_thai, ind_latn, eng_latn, fra_latn, cat_latn, spa_latn, arb_arab, ita_latn, swe_latn
zai_latn	Isthmus Zapotec	bible	7952	1886	241408	not_enough	spa_latn, por_latn, cat_latn, ita_latn, fra_latn, ron_latn, ell_grek, fin_latn, eng_latn, hun_latn	tam_taml, ben_beng, jpn_jpan, npi_deva, kor_hang, kaz_cyrl, urd_arab, hin_deva, zho_hans, kat_geor
zpt_latn	San Vicente Coatlán Zapotec	bible	7779	1885	241280	not_enough	spa_latn, por_latn, cat_latn, ita_latn, fra_latn, arb_arab, vie_latn, ell_grek, ind_latn, eng_latn	tam_taml, jpn_jpan, npi_deva, ben_beng, kor_hang, kaz_cyrl, urd_arab, zho_hans, hin_deva, kat_geor
snw_latn	Selee	bible	7830	1882	240896	not_enough	fra_latn, lav_latn, eng_latn, por_latn, spa_latn, cat_latn, ita_latn, heb_hebr, nld_latn, deu_latn	kor_hang, jpn_jpan, npi_deva, tam_taml, zho_hans, rus_cyrl, bel_cyrl, ben_beng, hin_deva, kaz_cyrl
spl_latn	Selepet	bible	6718	1881	240768	not_enough	hin_deva, ind_latn, ben_beng, tam_taml, kor_hang, urd_arab, jpn_jpan, npi_deva, kaz_cyrl, aze_latn	bul_cyrl, ukr_cyrl, bel_cyrl, mkd_cyrl, eng_latn, por_latn, pol_latn, ces_latn, ell_grek, swe_latn
pao_latn	Northern Paiute	bible	7044	1880	240640	not_enough	fin_latn, hun_latn, hin_deva, nob_latn, est_latn, fra_latn, dan_latn, nld_latn, deu_latn, pol_latn	tha_thai, vie_latn, heb_hebr, tam_taml, ind_latn, arb_arab, pes_arab, ita_latn, ell_grek, bul_cyrl
amk_latn	Ambai	bible	7616	1879	240512	not_enough	ind_latn, vie_latn, tha_thai, zho_hans, ben_beng, hun_latn, hin_deva, heb_hebr, pes_arab, fin_latn	bel_cyrl, ukr_cyrl, tam_taml, ces_latn, npi_deva, pol_latn, kaz_cyrl, tur_latn, mkd_cyrl, srp_cyrl
kma_latn	Konni	bible	7937	1879	240512	not_enough	ita_latn, cat_latn, eng_latn, ron_latn, por_latn, spa_latn, sqi_latn, slv_latn, srp_cyrl, heb_hebr	jpn_jpan, kor_hang, tam_taml, npi_deva, kaz_cyrl, ben_beng, tur_latn, aze_latn, pes_arab, vie_latn
tim_latn	Timbe	bible	7815	1879	240512	not_enough	hin_deva, ben_beng, kor_hang, ind_latn, jpn_jpan, urd_arab, tam_taml, kaz_cyrl, npi_deva, aze_latn	bul_cyrl, ukr_cyrl, bel_cyrl, mkd_cyrl, eng_latn, ell_grek, por_latn, ces_latn, pol_latn, swe_latn
emi_latn	Mussau-Emira	bible	8019	1872	239616	not_enough	vie_latn, ind_latn, tha_thai, zho_hans, rus_cyrl, fin_latn, eng_latn, nob_latn, swe_latn, ita_latn	tam_taml, kaz_cyrl, tur_latn, ces_latn, npi_deva, aze_latn, pes_arab, ben_beng, lit_latn, jpn_jpan
bkq_latn	Bakairí	bible	7517	1871	239488	not_enough	tur_latn, spa_latn, cat_latn, hun_latn, por_latn, pes_arab, ita_latn, aze_latn, lit_latn, nld_latn	zho_hans, tha_thai, kor_hang, vie_latn, jpn_jpan, npi_deva, rus_cyrl, ind_latn, ben_beng, ukr_cyrl
sue_latn	Suena	bible	7824	1871	239488	not_enough	kor_hang, ind_latn, jpn_jpan, ben_beng, hin_deva, tam_taml, urd_arab, tha_thai, kaz_cyrl, npi_deva	bul_cyrl, bel_cyrl, mkd_cyrl, ell_grek, ukr_cyrl, por_latn, spa_latn, slk_latn, cat_latn, ces_latn
tvt_latn	Tutsa Naga	bible	7989	1871	239488	not_enough	jpn_jpan, ben_beng, tam_taml, aze_latn, kor_hang, kaz_cyrl, tur_latn, hin_deva, zho_hans, urd_arab	spa_latn, cat_latn, por_latn, ita_latn, bel_cyrl, bul_cyrl, ell_grek, arb_arab, mkd_cyrl, ukr_cyrl
msb_latn	Masbatenyo	bible	7858	1869	239232	not_enough	ind_latn, vie_latn, tha_thai, arb_arab, zho_hans, fin_latn, rus_cyrl, hun_latn, ita_latn, pes_arab	tam_taml, kaz_cyrl, ces_latn, npi_deva, jpn_jpan, tur_latn, bel_cyrl, mkd_cyrl, lav_latn, srp_cyrl
naf_latn	Nabak	bible	7718	1867	238976	not_enough	ind_latn, hin_deva, kor_hang, urd_arab, ben_beng, jpn_jpan, vie_latn, npi_deva, tha_thai, kat_geor	ukr_cyrl, bel_cyrl, ces_latn, bul_cyrl, mkd_cyrl, lit_latn, pol_latn, lav_latn, dan_latn, ell_grek
csy_latn	Siyin Chin	bible	7997	1864	238592	not_enough	ben_beng, kor_hang, jpn_jpan, zho_hans, hin_deva, urd_arab, kaz_cyrl, aze_latn, tam_taml, npi_deva	bel_cyrl, ces_latn, spa_latn, mkd_cyrl, ukr_cyrl, bul_cyrl, ell_grek, por_latn, slk_latn, ron_latn
tdt_latn	Tetun Dili	bible	7611	1864	238592	not_enough	ind_latn, vie_latn, tha_thai, ben_beng, hun_latn, heb_hebr, zho_hans, cat_latn, ita_latn, ron_latn	bel_cyrl, ukr_cyrl, npi_deva, tam_taml, jpn_jpan, kaz_cyrl, srp_cyrl, slv_latn, pol_latn, ces_latn
zpl_latn	Lachixío Zapotec	bible	7990	1861	238208	not_enough	spa_latn, por_latn, cat_latn, ita_latn, fra_latn, arb_arab, ell_grek, eng_latn, sqi_latn, ron_latn	tam_taml, jpn_jpan, kor_hang, npi_deva, ben_beng, kaz_cyrl, zho_hans, urd_arab, kat_geor, hin_deva
rro_latn	Waima	bible	8014	1858	237824	not_enough	ind_latn, vie_latn, tha_thai, ben_beng, hin_deva, kor_hang, urd_arab, jpn_jpan, zho_hans, hun_latn	ces_latn, ukr_cyrl, bel_cyrl, lav_latn, dan_latn, bul_cyrl, swe_latn, pol_latn, lit_latn, mkd_cyrl
gaq_orya	Gata'	bible	7812	1856	237568	not_enough	hin_deva, kat_geor, rus_cyrl, zho_hans, fin_latn, est_latn, vie_latn, ukr_cyrl, urd_arab, hun_latn	spa_latn, pes_arab, por_latn, ces_latn, fra_latn, cat_latn, jpn_jpan, lav_latn, tur_latn, kaz_cyrl
kze_latn	Kosena	bible	7243	1855	237440	not_enough	kor_hang, ben_beng, tam_taml, jpn_jpan, hin_deva, npi_deva, kaz_cyrl, urd_arab, aze_latn, ind_latn	bul_cyrl, ukr_cyrl, bel_cyrl, eng_latn, mkd_cyrl, ell_grek, pol_latn, swe_latn, por_latn, sqi_latn
kmo_latn	Kwoma	bible	7920	1855	237440	not_enough	tam_taml, jpn_jpan, hin_deva, ben_beng, kaz_cyrl, urd_arab, kor_hang, aze_latn, npi_deva, ind_latn	ukr_cyrl, bel_cyrl, ell_grek, sqi_latn, swe_latn, cat_latn, spa_latn, por_latn, fra_latn, eng_latn
arn_latn	Mapudungun	bible	7983	1855	237440	not_enough	hun_latn, tur_latn, spa_latn, lit_latn, fin_latn, por_latn, slv_latn, ces_latn, lav_latn, hye_armn	tha_thai, kor_hang, vie_latn, zho_hans, jpn_jpan, rus_cyrl, npi_deva, bel_cyrl, heb_hebr, swe_latn
syb_latn	Central Subanen	bible	7552	1851	236928	not_enough	ind_latn, vie_latn, tha_thai, zho_hans, rus_cyrl, arb_arab, hun_latn, fin_latn, pol_latn, ita_latn	tam_taml, kaz_cyrl, ces_latn, npi_deva, tur_latn, jpn_jpan, srp_cyrl, hye_armn, bel_cyrl, deu_latn
tna_latn	Tacana	bible	7511	1851	236928	not_enough	spa_latn, por_latn, cat_latn, eng_latn, nld_latn, fra_latn, hun_latn, slv_latn, ita_latn, deu_latn	zho_hans, tha_thai, vie_latn, jpn_jpan, kor_hang, rus_cyrl, tam_taml, ind_latn, npi_deva, kaz_cyrl
wap_latn	Wapishana	bible	7883	1850	236800	not_enough	spa_latn, cat_latn, por_latn, ita_latn, fin_latn, eng_latn, hun_latn, est_latn, slv_latn, ell_grek	jpn_jpan, kor_hang, tam_taml, zho_hans, tha_thai, ben_beng, npi_deva, vie_latn, kaz_cyrl, ind_latn
pps_latn	San Luís Temalacayuca Popoloca	bible	8009	1848	236544	not_enough	spa_latn, por_latn, cat_latn, ita_latn, fra_latn, arb_arab, ell_grek, vie_latn, hun_latn, eng_latn	tam_taml, npi_deva, jpn_jpan, kor_hang, ben_beng, kaz_cyrl, zho_hans, hin_deva, urd_arab, kat_geor
huv_latn	San Mateo Del Mar Huave	bible	7974	1847	236416	not_enough	spa_latn, por_latn, fra_latn, cat_latn, eng_latn, ita_latn, ell_grek, hun_latn, pol_latn, fin_latn	tam_taml, jpn_jpan, ben_beng, kor_hang, npi_deva, kaz_cyrl, tha_thai, zho_hans, urd_arab, hin_deva
yaa_latn	Yaminahua	bible	7586	1847	236416	not_enough	tur_latn, aze_latn, hun_latn, spa_latn, fin_latn, lit_latn, por_latn, pes_arab, ces_latn, est_latn	tha_thai, vie_latn, zho_hans, ind_latn, kor_hang, jpn_jpan, rus_cyrl, npi_deva, ukr_cyrl, bul_cyrl
cmo_khmr	Central Mnong	bible	6718	1846	236288	not_enough	vie_latn, tha_thai, ind_latn, zho_hans, rus_cyrl, heb_hebr, arb_arab, ukr_cyrl, ron_latn, kor_hang	tur_latn, tam_taml, kaz_cyrl, ces_latn, lav_latn, lit_latn, jpn_jpan, aze_latn, npi_deva, hye_armn
mcd_latn	Sharanahua	bible	7466	1845	236160	not_enough	tur_latn, aze_latn, lit_latn, ces_latn, fin_latn, por_latn, slv_latn, spa_latn, hun_latn, est_latn	tha_thai, vie_latn, zho_hans, ind_latn, kor_hang, npi_deva, rus_cyrl, jpn_jpan, heb_hebr, ben_beng
piu_latn	Pintupi-Luritja	bible	6685	1843	235904	not_enough	ind_latn, ben_beng, tam_taml, hin_deva, npi_deva, kaz_cyrl, urd_arab, aze_latn, jpn_jpan, tha_thai	spa_latn, por_latn, cat_latn, bul_cyrl, bel_cyrl, ita_latn, ell_grek, eng_latn, fra_latn, mkd_cyrl
zpu_latn	Yalálag Zapotec	bible	7907	1839	235392	not_enough	spa_latn, por_latn, cat_latn, ita_latn, fra_latn, arb_arab, ell_grek, eng_latn, sqi_latn, pol_latn	tam_taml, jpn_jpan, kor_hang, npi_deva, ben_beng, kaz_cyrl, zho_hans, urd_arab, kat_geor, hin_deva
big_latn	Biangai	bible0, bible	7347	1836	235008	not_enough	tam_taml, ben_beng, hin_deva, kor_hang, jpn_jpan, ind_latn, kaz_cyrl, urd_arab, aze_latn, npi_deva	bul_cyrl, ukr_cyrl, eng_latn, por_latn, bel_cyrl, swe_latn, ell_grek, mkd_cyrl, spa_latn, cat_latn
kmk_latn	Limos Kalinga	bible	7866	1835	234880	not_enough	ind_latn, vie_latn, tha_thai, fin_latn, hun_latn, arb_arab, hin_deva, zho_hans, est_latn, ita_latn	tam_taml, jpn_jpan, npi_deva, deu_latn, kaz_cyrl, kor_hang, lav_latn, ces_latn, nld_latn, ukr_cyrl
nyf_latn	Giryama	bible	7896	1833	234624	not_enough	heb_hebr, arb_arab, pes_arab, spa_latn, ita_latn, lit_latn, por_latn, ces_latn, fra_latn, sqi_latn	kor_hang, jpn_jpan, zho_hans, npi_deva, tam_taml, kaz_cyrl, ben_beng, bel_cyrl, ukr_cyrl, swe_latn
nah_latn	Nahuatl	americasnli_test, americasnli_dev, americasnli_mlm, americasnlp2023_mt, americasnlp2021_mt, wiki, tatoeba, oscar	11699	1831	234368	not_enough	spa_latn, ind_latn, eng_latn, cat_latn, por_latn, fra_latn, ita_latn, vie_latn, nld_latn, dan_latn	npi_deva, zho_hans, jpn_jpan, bel_cyrl, tam_taml, heb_hebr, rus_cyrl, ben_beng, ukr_cyrl, kaz_cyrl
zpg_latn	Guevea De Humboldt Zapotec	bible	7766	1831	234368	not_enough	spa_latn, por_latn, cat_latn, ita_latn, fra_latn, arb_arab, ell_grek, eng_latn, sqi_latn, ron_latn	tam_taml, jpn_jpan, kor_hang, npi_deva, ben_beng, kaz_cyrl, zho_hans, urd_arab, hin_deva, kat_geor
yml_latn	Iamalele	bible	7038	1831	234368	not_enough	ind_latn, hin_deva, vie_latn, ben_beng, tha_thai, kor_hang, urd_arab, jpn_jpan, zho_hans, hun_latn	ces_latn, ukr_cyrl, bel_cyrl, lav_latn, dan_latn, lit_latn, pol_latn, bul_cyrl, swe_latn, mkd_cyrl
ura_latn	Urarina	bible	7810	1830	234240	not_enough	spa_latn, tur_latn, cat_latn, ita_latn, por_latn, hun_latn, fin_latn, nld_latn, eng_latn, aze_latn	tha_thai, zho_hans, vie_latn, npi_deva, rus_cyrl, ind_latn, kor_hang, ben_beng, jpn_jpan, ukr_cyrl
jaa_latn	Jamamadí	bible	7644	1827	233856	not_enough	tur_latn, por_latn, spa_latn, lit_latn, est_latn, cat_latn, aze_latn, ces_latn, slv_latn, ita_latn	zho_hans, tha_thai, vie_latn, kor_hang, jpn_jpan, ind_latn, npi_deva, rus_cyrl, ben_beng, ukr_cyrl
juy_orya	Juray	bible	6791	1826	233728	not_enough	hin_deva, zho_hans, vie_latn, kat_geor, ben_beng, tha_thai, rus_cyrl, est_latn, hun_latn, urd_arab	spa_latn, pes_arab, ces_latn, fra_latn, por_latn, lav_latn, cat_latn, lit_latn, ita_latn, jpn_jpan
crl_cans	Northern East Cree	bible	7850	1826	233728	not_enough	fin_latn, hun_latn, ell_grek, spa_latn, pol_latn, est_latn, por_latn, bel_cyrl, lav_latn, nob_latn	tha_thai, ind_latn, vie_latn, jpn_jpan, tam_taml, zho_hans, kor_hang, pes_arab, ben_beng, aze_latn
bwo_latn	Boro (Ethiopia)	bible	8020	1824	233472	not_enough	tam_taml, hin_deva, tur_latn, aze_latn, kaz_cyrl, urd_arab, ben_beng, ces_latn, hye_armn, lit_latn	tha_thai, vie_latn, ind_latn, zho_hans, jpn_jpan, rus_cyrl, eng_latn, bel_cyrl, ukr_cyrl, kor_hang
qve_latn	Eastern Apurímac Quechua	bible	7824	1822	233216	not_enough	aze_latn, tur_latn, hun_latn, fin_latn, por_latn, spa_latn, est_latn, slv_latn, lit_latn, ces_latn	tha_thai, vie_latn, zho_hans, ind_latn, heb_hebr, rus_cyrl, npi_deva, kor_hang, arb_arab, jpn_jpan
akp_latn	Siwu	bible	7931	1818	232704	not_enough	fra_latn, lav_latn, por_latn, eng_latn, spa_latn, heb_hebr, cat_latn, ita_latn, nld_latn, deu_latn	kor_hang, jpn_jpan, npi_deva, tam_taml, zho_hans, bel_cyrl, rus_cyrl, ben_beng, hin_deva, fin_latn
blx_latn	Mag-Indi Ayta	bible	7620	1817	232576	not_enough	ind_latn, vie_latn, tha_thai, arb_arab, zho_hans, rus_cyrl, ita_latn, fin_latn, pol_latn, hun_latn	tam_taml, kaz_cyrl, npi_deva, ces_latn, jpn_jpan, tur_latn, lav_latn, mkd_cyrl, kor_hang, srp_cyrl
nag_latn	Naga Pidgin	bible	8033	1815	232320	not_enough	hin_deva, ben_beng, npi_deva, urd_arab, tam_taml, kor_hang, est_latn, aze_latn, tur_latn, kaz_cyrl	tha_thai, vie_latn, arb_arab, ind_latn, fra_latn, spa_latn, cat_latn, heb_hebr, por_latn, ita_latn
viv_latn	Iduna	bible	7298	1813	232064	not_enough	ind_latn, vie_latn, hin_deva, tha_thai, urd_arab, ben_beng, kor_hang, zho_hans, jpn_jpan, kaz_cyrl	ces_latn, ukr_cyrl, bel_cyrl, lav_latn, dan_latn, lit_latn, pol_latn, mkd_cyrl, bul_cyrl, fra_latn
mrr_deva	Maria (India)	bible	7222	1813	232064	not_enough	hin_deva, npi_deva, tam_taml, aze_latn, tur_latn, ben_beng, kaz_cyrl, urd_arab, jpn_jpan, lit_latn	tha_thai, vie_latn, ind_latn, fra_latn, cat_latn, eng_latn, spa_latn, ita_latn, por_latn, swe_latn
bgc_deva	Haryanvi	bible	7575	1810	231680	not_enough	hin_deva, npi_deva, urd_arab, ben_beng, kat_geor, aze_latn, tam_taml, rus_cyrl, kaz_cyrl, hye_armn	vie_latn, tha_thai, ind_latn, eng_latn, fra_latn, cat_latn, jpn_jpan, nld_latn, swe_latn, por_latn
prf_latn	Paranan	bible	7982	1810	231680	not_enough	ind_latn, vie_latn, tha_thai, arb_arab, fin_latn, hun_latn, ita_latn, rus_cyrl, zho_hans, pes_arab	tam_taml, jpn_jpan, npi_deva, kaz_cyrl, lav_latn, kor_hang, kat_geor, ces_latn, deu_latn, dan_latn
syl_beng	Sylheti	bible	8789	1808	231424	not_enough	ben_beng, npi_deva, hin_deva, tam_taml, urd_arab, aze_latn, kor_hang, kaz_cyrl, kat_geor, tur_latn	tha_thai, vie_latn, ind_latn, fra_latn, cat_latn, eng_latn, spa_latn, por_latn, ita_latn, arb_arab
mus_latn	Creek	nusa, wiki	3040	1799	230272	not_enough	tur_latn, hun_latn, fin_latn, aze_latn, spa_latn, lit_latn, kaz_cyrl, ces_latn, nld_latn, deu_latn	tha_thai, vie_latn, zho_hans, rus_cyrl, ind_latn, npi_deva, ukr_cyrl, bel_cyrl, bul_cyrl, heb_hebr
aai_latn	Arifama-Miniafia	bible	8024	1796	229888	not_enough	ind_latn, hin_deva, vie_latn, ben_beng, tha_thai, kor_hang, urd_arab, jpn_jpan, zho_hans, npi_deva	ces_latn, ukr_cyrl, bel_cyrl, lav_latn, lit_latn, dan_latn, bul_cyrl, pol_latn, swe_latn, mkd_cyrl
khz_latn	Keapara	bible	7921	1796	229888	not_enough	ind_latn, vie_latn, tha_thai, hin_deva, ben_beng, hun_latn, aze_latn, urd_arab, kor_hang, fin_latn	ukr_cyrl, ces_latn, bel_cyrl, srp_cyrl, bul_cyrl, swe_latn, slv_latn, lav_latn, pol_latn, mkd_cyrl
ksc_latn	Southern Kalinga	bible	7688	1795	229760	not_enough	ind_latn, vie_latn, tha_thai, arb_arab, fin_latn, ita_latn, hun_latn, zho_hans, rus_cyrl, pol_latn	tam_taml, jpn_jpan, kaz_cyrl, npi_deva, lav_latn, ces_latn, kor_hang, tur_latn, kat_geor, dan_latn
knb_latn	Lubuagan Kalinga	bible	7898	1794	229632	not_enough	ind_latn, vie_latn, tha_thai, fin_latn, hun_latn, arb_arab, zho_hans, hin_deva, ita_latn, est_latn	tam_taml, jpn_jpan, npi_deva, kaz_cyrl, ces_latn, kor_hang, deu_latn, dan_latn, ukr_cyrl, lav_latn
crj_cans	Southern East Cree	bible	7674	1793	229504	not_enough	fin_latn, hun_latn, pol_latn, ell_grek, spa_latn, est_latn, fra_latn, bel_cyrl, lav_latn, por_latn	tha_thai, ind_latn, vie_latn, tam_taml, jpn_jpan, zho_hans, pes_arab, kor_hang, ben_beng, arb_arab
gwr_latn	Gwere	bible	7807	1792	229376	not_enough	heb_hebr, arb_arab, spa_latn, pes_arab, ita_latn, ces_latn, cat_latn, ron_latn, lit_latn, fra_latn	kor_hang, jpn_jpan, zho_hans, npi_deva, ben_beng, tam_taml, kaz_cyrl, bel_cyrl, ukr_cyrl, rus_cyrl
bkd_latn	Binukid	bible	7462	1791	229248	not_enough	ind_latn, vie_latn, tha_thai, arb_arab, zho_hans, ita_latn, rus_cyrl, eng_latn, cat_latn, hun_latn	tam_taml, ces_latn, kaz_cyrl, jpn_jpan, npi_deva, srp_cyrl, tur_latn, kor_hang, ben_beng, bel_cyrl
dww_latn	Dawawa	bible	7869	1791	229248	not_enough	ind_latn, vie_latn, tha_thai, hin_deva, ben_beng, urd_arab, hun_latn, kor_hang, zho_hans, aze_latn	ces_latn, ukr_cyrl, bel_cyrl, lav_latn, dan_latn, slv_latn, srp_cyrl, pol_latn, lit_latn, mkd_cyrl
qvc_latn	Cajamarca Quechua	bible	7796	1788	228864	not_enough	tur_latn, aze_latn, hun_latn, fin_latn, est_latn, ces_latn, lit_latn, spa_latn, slv_latn, hye_armn	tha_thai, vie_latn, zho_hans, ind_latn, rus_cyrl, heb_hebr, arb_arab, npi_deva, ell_grek, bel_cyrl
unx_orya	Munda	bible	7351	1788	228864	not_enough	tam_taml, ben_beng, aze_latn, npi_deva, tur_latn, hin_deva, kaz_cyrl, jpn_jpan, urd_arab, kor_hang	cat_latn, spa_latn, fra_latn, por_latn, tha_thai, ita_latn, vie_latn, ind_latn, eng_latn, swe_latn
nor_latn	Norwegian	bible	7718	1788	228864	not_enough	nob_latn, dan_latn, swe_latn, eng_latn, nld_latn, deu_latn, sqi_latn, ron_latn, slk_latn, slv_latn	jpn_jpan, kaz_cyrl, tam_taml, tha_thai, npi_deva, kor_hang, vie_latn, ind_latn, ben_beng, zho_hans
zaw_latn	Mitla Zapotec	bible	8022	1787	228736	not_enough	spa_latn, fra_latn, lit_latn, por_latn, cat_latn, ita_latn, sqi_latn, lav_latn, ces_latn, ell_grek	tam_taml, kor_hang, npi_deva, ben_beng, jpn_jpan, zho_hans, urd_arab, kaz_cyrl, hin_deva, rus_cyrl
zpi_latn	Santa María Quiegolani Zapotec	bible	7692	1787	228736	not_enough	spa_latn, por_latn, cat_latn, ita_latn, fra_latn, arb_arab, ell_grek, vie_latn, ind_latn, eng_latn	tam_taml, npi_deva, jpn_jpan, ben_beng, kor_hang, kaz_cyrl, urd_arab, zho_hans, hin_deva, kat_geor
ssg_latn	Seimat	bible	7803	1787	228736	not_enough	ind_latn, vie_latn, tha_thai, zho_hans, eng_latn, nld_latn, fra_latn, heb_hebr, deu_latn, hun_latn	tam_taml, kaz_cyrl, bel_cyrl, tur_latn, ces_latn, srp_cyrl, slv_latn, npi_deva, ukr_cyrl, lit_latn
zap_latn	Zapotec	bible	7692	1787	228736	not_enough	spa_latn, por_latn, sqi_latn, fra_latn, ell_grek, cat_latn, ron_latn, arb_arab, pol_latn, ita_latn	tam_taml, ben_beng, npi_deva, jpn_jpan, kor_hang, kaz_cyrl, zho_hans, urd_arab, hin_deva, kat_geor
lif_deva	Limbu	bible	6004	1785	228480	not_enough	npi_deva, hin_deva, tam_taml, ben_beng, kaz_cyrl, aze_latn, kor_hang, jpn_jpan, urd_arab, tur_latn	fra_latn, tha_thai, vie_latn, spa_latn, por_latn, cat_latn, ind_latn, ita_latn, eng_latn, heb_hebr
hop_latn	Hopi	bible	7932	1782	228096	not_enough	fin_latn, hun_latn, hin_deva, est_latn, urd_arab, nob_latn, kat_geor, pol_latn, kor_hang, dan_latn	tha_thai, vie_latn, tam_taml, arb_arab, ind_latn, heb_hebr, zho_hans, pes_arab, bul_cyrl, npi_deva
dad_latn	Marik	bible	7948	1781	227968	not_enough	ind_latn, vie_latn, tha_thai, ben_beng, pes_arab, hin_deva, aze_latn, urd_arab, hun_latn, nld_latn	ukr_cyrl, bel_cyrl, ces_latn, mkd_cyrl, lav_latn, pol_latn, ell_grek, tam_taml, bul_cyrl, dan_latn
taj_deva	Eastern Tamang	bible	6545	1780	227840	not_enough	npi_deva, hin_deva, ben_beng, jpn_jpan, kaz_cyrl, tam_taml, kor_hang, zho_hans, aze_latn, tur_latn	spa_latn, cat_latn, ita_latn, por_latn, fra_latn, bul_cyrl, ron_latn, vie_latn, eng_latn, est_latn
bpr_latn	Koronadal Blaan	bible	7838	1770	226560	not_enough	ind_latn, vie_latn, tha_thai, fin_latn, arb_arab, hun_latn, hin_deva, zho_hans, est_latn, rus_cyrl	tam_taml, jpn_jpan, npi_deva, kaz_cyrl, ces_latn, nld_latn, deu_latn, ukr_cyrl, dan_latn, lav_latn
kpx_latn	Mountain Koiali	bible	7703	1770	226560	not_enough	tam_taml, ben_beng, hin_deva, jpn_jpan, kaz_cyrl, kor_hang, aze_latn, ind_latn, urd_arab, tur_latn	eng_latn, swe_latn, ukr_cyrl, spa_latn, cat_latn, bul_cyrl, por_latn, bel_cyrl, ell_grek, mkd_cyrl
dgz_latn	Daga	bible	7578	1756	224768	not_enough	hin_deva, ind_latn, ben_beng, urd_arab, kor_hang, npi_deva, vie_latn, kat_geor, tam_taml, tha_thai	bul_cyrl, ukr_cyrl, ces_latn, bel_cyrl, lav_latn, fra_latn, mkd_cyrl, eng_latn, por_latn, swe_latn
ndh_latn	Ndali	bible	7688	1751	224128	not_enough	arb_arab, heb_hebr, pes_arab, spa_latn, ita_latn, ces_latn, cat_latn, ron_latn, hye_armn, por_latn	jpn_jpan, kor_hang, zho_hans, ben_beng, tam_taml, npi_deva, kaz_cyrl, swe_latn, bel_cyrl, dan_latn
kfw_latn	Kharam Naga	bible	8026	1750	224000	not_enough	ben_beng, kor_hang, hin_deva, jpn_jpan, urd_arab, vie_latn, kaz_cyrl, zho_hans, npi_deva, tha_thai	spa_latn, bel_cyrl, por_latn, ces_latn, bul_cyrl, ell_grek, cat_latn, mkd_cyrl, ita_latn, ukr_cyrl
nhy_latn	Northern Oaxaca Nahuatl	bible	7914	1750	224000	not_enough	spa_latn, por_latn, cat_latn, fra_latn, fin_latn, hun_latn, ita_latn, eng_latn, ell_grek, nob_latn	tam_taml, jpn_jpan, npi_deva, ben_beng, kor_hang, tha_thai, kaz_cyrl, zho_hans, urd_arab, vie_latn
mpp_latn	Migabac	bible	7640	1745	223360	not_enough	ind_latn, hin_deva, ben_beng, kor_hang, kat_geor, tha_thai, urd_arab, aze_latn, npi_deva, hye_armn	bul_cyrl, ukr_cyrl, bel_cyrl, mkd_cyrl, ces_latn, eng_latn, por_latn, pol_latn, lav_latn, swe_latn
lik_latn	Lika	bible	7854	1743	223104	not_enough	heb_hebr, arb_arab, pes_arab, spa_latn, ita_latn, lit_latn, ces_latn, por_latn, fra_latn, cat_latn	kor_hang, jpn_jpan, zho_hans, npi_deva, tam_taml, ben_beng, kaz_cyrl, swe_latn, bel_cyrl, urd_arab
gag_latn	Gagauz	wiki, tatoeba	11988	1743	223104	not_enough	tur_latn, aze_latn, hun_latn, hye_armn, kaz_cyrl, est_latn, ces_latn, lit_latn, fin_latn, ron_latn	tha_thai, vie_latn, ind_latn, zho_hans, kor_hang, jpn_jpan, npi_deva, ben_beng, arb_arab, heb_hebr
bzi_thai	Bisu	bible	6714	1742	222976	not_enough	tha_thai, tam_taml, kor_hang, ben_beng, jpn_jpan, kaz_cyrl, npi_deva, hin_deva, zho_hans, aze_latn	por_latn, spa_latn, fra_latn, cat_latn, ita_latn, bul_cyrl, swe_latn, ell_grek, eng_latn, pol_latn
cof_latn	Colorado	bible	7545	1741	222848	not_enough	tur_latn, aze_latn, kaz_cyrl, spa_latn, tam_taml, ces_latn, fin_latn, por_latn, hun_latn, lit_latn	tha_thai, vie_latn, ind_latn, zho_hans, rus_cyrl, arb_arab, heb_hebr, ukr_cyrl, ell_grek, bel_cyrl
kqc_latn	Doromu-Koki	bible	7940	1741	222848	not_enough	hin_deva, jpn_jpan, ben_beng, ind_latn, kor_hang, urd_arab, tha_thai, vie_latn, tam_taml, npi_deva	ukr_cyrl, ces_latn, bel_cyrl, bul_cyrl, mkd_cyrl, eng_latn, swe_latn, ell_grek, pol_latn, dan_latn
ncq_laoo	Northern Katang	bible	7182	1741	222848	not_enough	hin_deva, tam_taml, nld_latn, ind_latn, eng_latn, ben_beng, vie_latn, tur_latn, srp_cyrl, sqi_latn	pes_arab, hun_latn, kaz_cyrl, zho_hans, bel_cyrl, jpn_jpan, npi_deva, rus_cyrl, slk_latn, tha_thai
kog_latn	Cogui	bible	7446	1739	222592	not_enough	tur_latn, aze_latn, hun_latn, spa_latn, lit_latn, fin_latn, ces_latn, por_latn, fra_latn, est_latn	tha_thai, zho_hans, vie_latn, ind_latn, npi_deva, kor_hang, rus_cyrl, jpn_jpan, ukr_cyrl, ben_beng
mcq_latn	Ese	bible	7927	1738	222464	not_enough	ind_latn, vie_latn, hin_deva, tha_thai, ben_beng, kat_geor, urd_arab, aze_latn, hun_latn, kor_hang	ukr_cyrl, ces_latn, bel_cyrl, bul_cyrl, swe_latn, dan_latn, pol_latn, mkd_cyrl, lit_latn, nld_latn
cbs_latn	Cashinahua	bible	7299	1734	221952	not_enough	tur_latn, aze_latn, hun_latn, lit_latn, fin_latn, por_latn, ces_latn, slv_latn, est_latn, spa_latn	zho_hans, tha_thai, vie_latn, kor_hang, npi_deva, ind_latn, rus_cyrl, jpn_jpan, bul_cyrl, bel_cyrl
kud_latn	Auhelawa	bible, bible0	7957	1732	221696	not_enough	ind_latn, vie_latn, tha_thai, hin_deva, ben_beng, urd_arab, kor_hang, zho_hans, jpn_jpan, hun_latn	ces_latn, ukr_cyrl, bel_cyrl, lav_latn, slv_latn, dan_latn, lit_latn, srp_cyrl, pol_latn, ell_grek
peg_orya	Pengo	bible	7526	1730	221440	not_enough	tam_taml, aze_latn, ben_beng, hin_deva, npi_deva, tur_latn, kaz_cyrl, jpn_jpan, kor_hang, kat_geor	cat_latn, por_latn, spa_latn, ita_latn, tha_thai, vie_latn, ind_latn, fra_latn, ell_grek, eng_latn
kde_latn	Makonde	bible	7838	1728	221184	not_enough	arb_arab, heb_hebr, pes_arab, spa_latn, ita_latn, ces_latn, cat_latn, ron_latn, ind_latn, por_latn	jpn_jpan, kor_hang, zho_hans, ben_beng, npi_deva, tam_taml, kaz_cyrl, bel_cyrl, swe_latn, ukr_cyrl
bfz_deva	Mahasu Pahari	bible	7551	1724	220672	not_enough	npi_deva, hin_deva, urd_arab, ben_beng, tam_taml, kaz_cyrl, kat_geor, rus_cyrl, bel_cyrl, kor_hang	vie_latn, ind_latn, tha_thai, eng_latn, fra_latn, lav_latn, dan_latn, nld_latn, jpn_jpan, swe_latn
lro_latn	Laro	bible	7976	1720	220160	not_enough	cat_latn, ron_latn, heb_hebr, arb_arab, ita_latn, sqi_latn, slv_latn, por_latn, srp_cyrl, spa_latn	jpn_jpan, kor_hang, zho_hans, tam_taml, tur_latn, kaz_cyrl, lav_latn, aze_latn, npi_deva, ben_beng
hot_latn	Hote	bible	7473	1719	220032	not_enough	ind_latn, vie_latn, tha_thai, ben_beng, fin_latn, hin_deva, zho_hans, heb_hebr, pes_arab, est_latn	kaz_cyrl, bel_cyrl, ukr_cyrl, tur_latn, ell_grek, tam_taml, npi_deva, jpn_jpan, lav_latn, mkd_cyrl
dao_latn	Daai Chin	bible	7996	1718	219904	not_enough	ben_beng, kor_hang, hin_deva, vie_latn, jpn_jpan, urd_arab, tha_thai, zho_hans, npi_deva, tam_taml	spa_latn, ces_latn, por_latn, cat_latn, bel_cyrl, bul_cyrl, ell_grek, ita_latn, mkd_cyrl, lav_latn
ikw_latn	Ikwere	bible	7920	1717	219776	not_enough	fra_latn, spa_latn, cat_latn, por_latn, heb_hebr, ita_latn, eng_latn, nld_latn, deu_latn, srp_cyrl	jpn_jpan, kor_hang, tam_taml, zho_hans, kaz_cyrl, npi_deva, ben_beng, tur_latn, aze_latn, hin_deva
kus_latn	Kusaal	bible	7990	1712	219136	not_enough	por_latn, eng_latn, cat_latn, ita_latn, fra_latn, spa_latn, slv_latn, ron_latn, srp_cyrl, est_latn	jpn_jpan, tam_taml, kor_hang, npi_deva, kaz_cyrl, ben_beng, pes_arab, tur_latn, aze_latn, zho_hans
sxb_latn	Suba	bible	7826	1709	218752	not_enough	heb_hebr, arb_arab, pes_arab, spa_latn, ita_latn, ces_latn, cat_latn, ron_latn, hye_armn, lit_latn	kor_hang, jpn_jpan, zho_hans, npi_deva, ben_beng, tam_taml, kaz_cyrl, bel_cyrl, ukr_cyrl, rus_cyrl
nca_latn	Iyo	bible	7765	1708	218624	not_enough	hin_deva, ben_beng, ind_latn, kor_hang, kat_geor, aze_latn, urd_arab, npi_deva, hye_armn, hun_latn	bul_cyrl, ukr_cyrl, bel_cyrl, mkd_cyrl, ces_latn, eng_latn, por_latn, lav_latn, pol_latn, swe_latn
nod_thai	Northern Thai	bible	6930	1705	218240	not_enough	tha_thai, vie_latn, ind_latn, zho_hans, heb_hebr, rus_cyrl, sqi_latn, ukr_cyrl, ron_latn, eng_latn	tur_latn, kaz_cyrl, tam_taml, ces_latn, lav_latn, lit_latn, jpn_jpan, aze_latn, npi_deva, hye_armn
wer_latn	Weri	bible	7708	1705	218240	not_enough	ind_latn, aze_latn, ben_beng, hin_deva, tha_thai, vie_latn, jpn_jpan, kor_hang, tur_latn, hye_armn	bul_cyrl, ukr_cyrl, bel_cyrl, mkd_cyrl, swe_latn, cat_latn, eng_latn, por_latn, ita_latn, pol_latn
bhd_deva	Bhadrawahi	bible	7666	1704	218112	not_enough	hin_deva, npi_deva, urd_arab, ben_beng, kat_geor, est_latn, mkd_cyrl, bel_cyrl, slk_latn, rus_cyrl	vie_latn, ind_latn, tha_thai, jpn_jpan, eng_latn, fra_latn, zho_hans, cat_latn, arb_arab, spa_latn
yrb_latn	Yareba	bible	7168	1704	218112	not_enough	tam_taml, jpn_jpan, ben_beng, kor_hang, aze_latn, hin_deva, kaz_cyrl, npi_deva, tur_latn, urd_arab	eng_latn, bul_cyrl, spa_latn, swe_latn, ukr_cyrl, ell_grek, por_latn, cat_latn, bel_cyrl, fra_latn
ghs_latn	Guhu-Samane	bible	7536	1702	217856	not_enough	hin_deva, ben_beng, ind_latn, jpn_jpan, kor_hang, tam_taml, urd_arab, npi_deva, kaz_cyrl, aze_latn	bul_cyrl, ukr_cyrl, bel_cyrl, eng_latn, mkd_cyrl, ces_latn, swe_latn, cat_latn, pol_latn, por_latn
nuj_latn	Nyole	bible	7812	1702	217856	not_enough	heb_hebr, arb_arab, spa_latn, pes_arab, ita_latn, ces_latn, cat_latn, ron_latn, lit_latn, por_latn	kor_hang, jpn_jpan, zho_hans, npi_deva, ben_beng, tam_taml, kaz_cyrl, bel_cyrl, ukr_cyrl, rus_cyrl
sch_latn	Sakachep	bible	7983	1702	217856	not_enough	ben_beng, kor_hang, jpn_jpan, vie_latn, hin_deva, tha_thai, urd_arab, zho_hans, npi_deva, kaz_cyrl	spa_latn, por_latn, bel_cyrl, ces_latn, bul_cyrl, ell_grek, mkd_cyrl, cat_latn, ukr_cyrl, ita_latn
loq_latn	Lobala	bible	7979	1701	217728	not_enough	heb_hebr, arb_arab, fra_latn, pes_arab, spa_latn, lit_latn, ces_latn, cat_latn, sqi_latn, ita_latn	kor_hang, jpn_jpan, zho_hans, tam_taml, npi_deva, kaz_cyrl, ben_beng, hin_deva, urd_arab, rus_cyrl
cab_latn	Garifuna	bible	7923	1699	217472	not_enough	spa_latn, cat_latn, por_latn, ita_latn, fra_latn, eng_latn, ell_grek, ron_latn, arb_arab, nob_latn	tam_taml, jpn_jpan, kor_hang, ben_beng, npi_deva, kaz_cyrl, zho_hans, urd_arab, hin_deva, aze_latn
tew_latn	Tewa (USA)	bible	4826	1698	217344	not_enough	fin_latn, hun_latn, est_latn, fra_latn, hin_deva, lit_latn, spa_latn, nob_latn, por_latn, slk_latn	tha_thai, vie_latn, ind_latn, tam_taml, zho_hans, arb_arab, jpn_jpan, heb_hebr, kor_hang, rus_cyrl
gnw_latn	Western Bolivian Guaraní	bible	7534	1698	217344	not_enough	spa_latn, por_latn, hun_latn, fin_latn, slv_latn, est_latn, cat_latn, fra_latn, tur_latn, srp_cyrl	zho_hans, kor_hang, jpn_jpan, tha_thai, npi_deva, tam_taml, vie_latn, ben_beng, rus_cyrl, ind_latn
kum_cyrl	Kumyk	webcorpora, tatoeba	8948	1698	217344	not_enough	kaz_cyrl, aze_latn, tur_latn, hye_armn, mkd_cyrl, rus_cyrl, bel_cyrl, ukr_cyrl, bul_cyrl, srp_cyrl	vie_latn, ind_latn, tha_thai, zho_hans, eng_latn, kor_hang, jpn_jpan, swe_latn, fra_latn, cat_latn
bih_deva	Bihari	wortschatz, oscar	9885	1696	217088	not_enough	hin_deva, npi_deva, vie_latn, eng_latn, ind_latn, urd_arab, pes_arab, fra_latn, por_latn, spa_latn	zho_hans, jpn_jpan, ben_beng, srp_cyrl, bel_cyrl, rus_cyrl, heb_hebr, tam_taml, fin_latn, lav_latn
xtc_latn	Katcha-Kadugli-Miri	bible	8146	1688	216064	not_enough	heb_hebr, ita_latn, cat_latn, ron_latn, por_latn, spa_latn, slv_latn, arb_arab, sqi_latn, srp_cyrl	jpn_jpan, kor_hang, zho_hans, tam_taml, kaz_cyrl, ben_beng, npi_deva, tur_latn, aze_latn, hin_deva
lbm_deva	Lodhi	bible	7792	1688	216064	not_enough	npi_deva, hin_deva, ben_beng, urd_arab, tam_taml, kat_geor, aze_latn, tur_latn, kaz_cyrl, hye_armn	vie_latn, tha_thai, ind_latn, eng_latn, fra_latn, cat_latn, por_latn, ita_latn, spa_latn, swe_latn
vmy_latn	Ayautla Mazatec	bible	7886	1687	215936	not_enough	spa_latn, por_latn, cat_latn, ita_latn, fra_latn, ell_grek, sqi_latn, arb_arab, eng_latn, vie_latn	tam_taml, jpn_jpan, npi_deva, kor_hang, ben_beng, kaz_cyrl, urd_arab, zho_hans, hin_deva, kat_geor
jiv_latn	Shuar	bible	7866	1682	215296	not_enough	tur_latn, hun_latn, aze_latn, fin_latn, ces_latn, lit_latn, spa_latn, est_latn, hye_armn, nob_latn	tha_thai, vie_latn, ind_latn, zho_hans, arb_arab, rus_cyrl, heb_hebr, npi_deva, urd_arab, kor_hang
tpu_khmr	Tampuan	bible	7049	1680	215040	not_enough	vie_latn, tha_thai, ind_latn, zho_hans, rus_cyrl, heb_hebr, arb_arab, kor_hang, ukr_cyrl, ron_latn	tur_latn, tam_taml, kaz_cyrl, ces_latn, lav_latn, lit_latn, jpn_jpan, aze_latn, npi_deva, ben_beng
ngu_latn	Guerrero Nahuatl	bible, tatoeba	7901	1678	214784	not_enough	spa_latn, por_latn, cat_latn, fra_latn, ita_latn, nob_latn, ron_latn, eng_latn, fin_latn, ell_grek	tam_taml, jpn_jpan, ben_beng, npi_deva, kor_hang, kaz_cyrl, tha_thai, zho_hans, urd_arab, vie_latn
gyr_latn	Guarayu	bible	7859	1677	214656	not_enough	tur_latn, hun_latn, pes_arab, spa_latn, aze_latn, por_latn, fin_latn, fra_latn, lit_latn, cat_latn	zho_hans, tha_thai, kor_hang, vie_latn, jpn_jpan, rus_cyrl, npi_deva, ind_latn, ben_beng, bel_cyrl
mfy_latn	Mayo	bible	8024	1677	214656	not_enough	fin_latn, hun_latn, est_latn, spa_latn, slv_latn, por_latn, nob_latn, kat_geor, slk_latn, hin_deva	tha_thai, vie_latn, ind_latn, tam_taml, zho_hans, heb_hebr, arb_arab, npi_deva, jpn_jpan, ben_beng
kwi_latn	Awa-Cuaiquer	bible	7986	1675	214400	not_enough	tur_latn, spa_latn, por_latn, aze_latn, fin_latn, slv_latn, hun_latn, lit_latn, est_latn, cat_latn	tha_thai, vie_latn, ind_latn, zho_hans, npi_deva, ben_beng, tam_taml, arb_arab, heb_hebr, kor_hang
gui_latn	Eastern Bolivian Guaraní	bible	7575	1673	214144	not_enough	spa_latn, hun_latn, por_latn, fin_latn, cat_latn, fra_latn, tur_latn, ita_latn, slv_latn, est_latn	kor_hang, zho_hans, jpn_jpan, npi_deva, tha_thai, tam_taml, ben_beng, vie_latn, rus_cyrl, urd_arab
tbo_latn	Tawala	bible	7802	1670	213760	not_enough	ind_latn, vie_latn, tha_thai, hin_deva, urd_arab, ben_beng, zho_hans, kor_hang, jpn_jpan, npi_deva	ces_latn, ukr_cyrl, bel_cyrl, lav_latn, dan_latn, lit_latn, mkd_cyrl, pol_latn, ell_grek, fra_latn
zas_latn	Santo Domingo Albarradas Zapotec	bible	7937	1669	213632	not_enough	spa_latn, por_latn, cat_latn, ita_latn, fra_latn, arb_arab, eng_latn, ell_grek, sqi_latn, ron_latn	tam_taml, jpn_jpan, kor_hang, npi_deva, ben_beng, kaz_cyrl, zho_hans, urd_arab, kat_geor, hin_deva
fuf_latn	Pular	bible	7785	1667	213376	not_enough	por_latn, spa_latn, ita_latn, cat_latn, fra_latn, heb_hebr, ces_latn, arb_arab, ron_latn, slv_latn	kor_hang, jpn_jpan, zho_hans, npi_deva, ben_beng, tam_taml, hin_deva, vie_latn, urd_arab, kaz_cyrl
auy_latn	Awiyaana	bible	7319	1666	213248	not_enough	jpn_jpan, kor_hang, tam_taml, hin_deva, ben_beng, kaz_cyrl, npi_deva, urd_arab, aze_latn, hye_armn	bul_cyrl, ukr_cyrl, bel_cyrl, mkd_cyrl, eng_latn, pol_latn, por_latn, swe_latn, sqi_latn, ell_grek
kpf_latn	Komba	bible	7912	1664	212992	not_enough	hin_deva, ben_beng, kor_hang, ind_latn, jpn_jpan, urd_arab, tam_taml, kaz_cyrl, npi_deva, aze_latn	bul_cyrl, ukr_cyrl, bel_cyrl, mkd_cyrl, eng_latn, por_latn, ell_grek, swe_latn, ces_latn, spa_latn
qup_latn	Southern Pastaza Quechua	bible	7594	1661	212608	not_enough	tur_latn, aze_latn, hun_latn, fin_latn, est_latn, ces_latn, spa_latn, slv_latn, lit_latn, por_latn	tha_thai, vie_latn, ind_latn, zho_hans, rus_cyrl, arb_arab, heb_hebr, jpn_jpan, npi_deva, ben_beng
nhg_latn	Tetelcingo Nahuatl	bible	7909	1659	212352	not_enough	spa_latn, por_latn, cat_latn, ita_latn, fra_latn, eng_latn, ron_latn, fin_latn, pol_latn, ell_grek	tam_taml, jpn_jpan, ben_beng, npi_deva, kaz_cyrl, kor_hang, zho_hans, hin_deva, tha_thai, urd_arab
spy_latn	Sabaot	bible	7786	1658	212224	not_enough	arb_arab, heb_hebr, sqi_latn, ita_latn, cat_latn, slv_latn, srp_cyrl, por_latn, ell_grek, spa_latn	jpn_jpan, kor_hang, zho_hans, tam_taml, kaz_cyrl, ben_beng, npi_deva, tur_latn, aze_latn, lav_latn
tpt_latn	Tlachichilco Tepehua	bible	7852	1655	211840	not_enough	por_latn, spa_latn, fra_latn, eng_latn, cat_latn, ita_latn, fin_latn, sqi_latn, hun_latn, ell_grek	tam_taml, npi_deva, ben_beng, jpn_jpan, kaz_cyrl, kor_hang, tha_thai, urd_arab, zho_hans, hin_deva
cjo_latn	Ashéninka Pajonal	bible	7786	1653	211584	not_enough	spa_latn, cat_latn, por_latn, ita_latn, eng_latn, est_latn, nob_latn, fin_latn, ell_grek, ron_latn	jpn_jpan, kor_hang, tam_taml, npi_deva, kaz_cyrl, zho_hans, ben_beng, tha_thai, urd_arab, aze_latn
awb_latn	Awa (Papua New Guinea)	bible	7657	1639	209792	not_enough	kor_hang, hin_deva, ben_beng, urd_arab, npi_deva, tam_taml, jpn_jpan, kat_geor, kaz_cyrl, aze_latn	lav_latn, eng_latn, bul_cyrl, ukr_cyrl, heb_hebr, ell_grek, cat_latn, por_latn, fra_latn, nld_latn
ncj_latn	Northern Puebla Nahuatl	bible	7963	1639	209792	not_enough	spa_latn, por_latn, cat_latn, hun_latn, eng_latn, fin_latn, ita_latn, nob_latn, fra_latn, ron_latn	tam_taml, jpn_jpan, npi_deva, ben_beng, tha_thai, kaz_cyrl, urd_arab, kor_hang, zho_hans, pes_arab
jid_latn	Bu	bible	8008	1637	209536	not_enough	fra_latn, spa_latn, por_latn, cat_latn, nld_latn, ita_latn, eng_latn, deu_latn, ron_latn, sqi_latn	jpn_jpan, kor_hang, tam_taml, zho_hans, kaz_cyrl, npi_deva, ben_beng, tur_latn, bel_cyrl, hin_deva
cax_latn	Chiquitano	bible	7964	1637	209536	not_enough	spa_latn, por_latn, cat_latn, ita_latn, fra_latn, ces_latn, pes_arab, eng_latn, ron_latn, slv_latn	kor_hang, jpn_jpan, zho_hans, npi_deva, ben_beng, tam_taml, tha_thai, hin_deva, vie_latn, urd_arab
wrk_latn	Garrwa	bible	4570	1636	209408	not_enough	ind_latn, hin_deva, ben_beng, npi_deva, urd_arab, tam_taml, rus_cyrl, vie_latn, tha_thai, kat_geor	cat_latn, tur_latn, por_latn, fra_latn, spa_latn, bel_cyrl, bul_cyrl, ita_latn, hun_latn, eng_latn
ngp_latn	Ngulu	bible	8031	1635	209280	not_enough	heb_hebr, arb_arab, pes_arab, spa_latn, ita_latn, lit_latn, ces_latn, por_latn, fra_latn, ind_latn	kor_hang, jpn_jpan, zho_hans, npi_deva, tam_taml, ben_beng, kaz_cyrl, bel_cyrl, swe_latn, ukr_cyrl
hoy_deva	Holiya	bible	7702	1631	208768	not_enough	npi_deva, hin_deva, tam_taml, aze_latn, ben_beng, tur_latn, kaz_cyrl, urd_arab, jpn_jpan, hye_armn	tha_thai, vie_latn, ind_latn, cat_latn, fra_latn, spa_latn, por_latn, ita_latn, eng_latn, swe_latn
kiz_latn	Kisi	bible	7989	1628	208384	not_enough	heb_hebr, arb_arab, spa_latn, pes_arab, ita_latn, ces_latn, ind_latn, ron_latn, cat_latn, lit_latn	kor_hang, jpn_jpan, zho_hans, npi_deva, ben_beng, kaz_cyrl, tam_taml, bel_cyrl, ukr_cyrl, rus_cyrl
boa_latn	Bora	bible	7446	1627	208256	not_enough	tur_latn, hun_latn, aze_latn, ces_latn, pes_arab, hye_armn, spa_latn, fin_latn, lit_latn, kat_geor	tha_thai, zho_hans, vie_latn, ind_latn, rus_cyrl, npi_deva, jpn_jpan, kor_hang, ben_beng, bul_cyrl
snf_latn	Noon	bible	7915	1626	208128	not_enough	heb_hebr, por_latn, spa_latn, cat_latn, arb_arab, ita_latn, fra_latn, ron_latn, sqi_latn, ces_latn	kor_hang, jpn_jpan, zho_hans, npi_deva, ben_beng, tam_taml, hin_deva, urd_arab, kaz_cyrl, vie_latn
qxn_latn	Northern Conchucos Ancash Quechua	bible	7977	1624	207872	not_enough	tur_latn, aze_latn, hun_latn, spa_latn, por_latn, fin_latn, cat_latn, ces_latn, lit_latn, slv_latn	tha_thai, vie_latn, zho_hans, ind_latn, rus_cyrl, npi_deva, jpn_jpan, heb_hebr, bel_cyrl, ukr_cyrl
ztq_latn	Quioquitani-Quierí Zapotec	bible	7900	1623	207744	not_enough	spa_latn, por_latn, cat_latn, fra_latn, ita_latn, arb_arab, ell_grek, vie_latn, eng_latn, ind_latn	tam_taml, jpn_jpan, npi_deva, ben_beng, kor_hang, kaz_cyrl, urd_arab, zho_hans, hin_deva, kat_geor
bua_cyrl	Buriat	wortschatz, tatoeba	10663	1623	207744	not_enough	kaz_cyrl, jpn_jpan, kor_hang, aze_latn, tur_latn, rus_cyrl, hye_armn, tam_taml, ben_beng, hin_deva	tha_thai, ind_latn, spa_latn, vie_latn, cat_latn, heb_hebr, ita_latn, por_latn, arb_arab, fra_latn
nlx_deva	Nahali	bible	7815	1619	207232	not_enough	npi_deva, hin_deva, ben_beng, urd_arab, kat_geor, aze_latn, tam_taml, kaz_cyrl, rus_cyrl, tur_latn	vie_latn, ind_latn, tha_thai, fra_latn, eng_latn, jpn_jpan, cat_latn, nld_latn, swe_latn, spa_latn
nsu_latn	Sierra Negra Nahuatl	bible	7833	1619	207232	not_enough	spa_latn, por_latn, cat_latn, fin_latn, fra_latn, ita_latn, ell_grek, hun_latn, nob_latn, ron_latn	tam_taml, jpn_jpan, ben_beng, npi_deva, kor_hang, tha_thai, kaz_cyrl, zho_hans, urd_arab, vie_latn
zab_latn	Western Tlacolula Valley Zapotec	bible	7811	1619	207232	not_enough	spa_latn, por_latn, cat_latn, ita_latn, fra_latn, arb_arab, eng_latn, ell_grek, sqi_latn, ron_latn	tam_taml, jpn_jpan, kor_hang, npi_deva, ben_beng, kaz_cyrl, zho_hans, urd_arab, kat_geor, hin_deva
nas_latn	Naasioi	bible	7863	1617	206976	not_enough	ben_beng, tam_taml, jpn_jpan, hin_deva, kor_hang, kaz_cyrl, npi_deva, aze_latn, ind_latn, urd_arab	ukr_cyrl, ell_grek, spa_latn, bel_cyrl, bul_cyrl, por_latn, eng_latn, mkd_cyrl, heb_hebr, swe_latn
gdg_latn	Ga'dang	bible	7668	1614	206592	not_enough	ind_latn, vie_latn, tha_thai, fin_latn, arb_arab, hun_latn, ita_latn, zho_hans, pes_arab, rus_cyrl	tam_taml, jpn_jpan, kaz_cyrl, npi_deva, lav_latn, kor_hang, ces_latn, kat_geor, dan_latn, deu_latn
ntp_latn	Northern Tepehuan	bible	7711	1614	206592	not_enough	fin_latn, est_latn, spa_latn, por_latn, hun_latn, nob_latn, ron_latn, ell_grek, cat_latn, ita_latn	tha_thai, tam_taml, vie_latn, jpn_jpan, npi_deva, ben_beng, ind_latn, kaz_cyrl, pes_arab, heb_hebr
hub_latn	Huambisa	bible	7663	1612	206336	not_enough	tur_latn, aze_latn, hun_latn, spa_latn, fin_latn, lit_latn, ces_latn, kat_geor, por_latn, hye_armn	tha_thai, vie_latn, zho_hans, ind_latn, rus_cyrl, ukr_cyrl, jpn_jpan, bul_cyrl, kor_hang, bel_cyrl
jni_latn	Janji	bible	7999	1609	205952	not_enough	fra_latn, spa_latn, por_latn, cat_latn, ita_latn, nld_latn, eng_latn, ron_latn, sqi_latn, deu_latn	jpn_jpan, kor_hang, tam_taml, kaz_cyrl, zho_hans, npi_deva, ben_beng, tur_latn, bel_cyrl, hin_deva
kfc_telu	Konda-Dora	bible	7428	1608	205824	not_enough	tam_taml, aze_latn, ben_beng, tur_latn, npi_deva, hin_deva, kaz_cyrl, jpn_jpan, urd_arab, hye_armn	tha_thai, vie_latn, cat_latn, ind_latn, spa_latn, fra_latn, por_latn, ita_latn, eng_latn, ron_latn
apu_latn	Apurinã	bible	7890	1607	205696	not_enough	spa_latn, por_latn, est_latn, fin_latn, cat_latn, slv_latn, eng_latn, fra_latn, hun_latn, ita_latn	jpn_jpan, tha_thai, kor_hang, zho_hans, tam_taml, vie_latn, npi_deva, ben_beng, kaz_cyrl, ind_latn
qvs_latn	San Martín Quechua	bible	8160	1598	204544	not_enough	tur_latn, aze_latn, hun_latn, fin_latn, est_latn, ces_latn, lit_latn, slv_latn, hye_armn, por_latn	tha_thai, vie_latn, ind_latn, zho_hans, heb_hebr, rus_cyrl, npi_deva, arb_arab, ell_grek, ben_beng
huu_latn	Murui Huitoto	bible	7409	1594	204032	not_enough	tur_latn, aze_latn, hun_latn, ces_latn, fin_latn, lit_latn, spa_latn, est_latn, slv_latn, por_latn	tha_thai, vie_latn, ind_latn, zho_hans, npi_deva, heb_hebr, rus_cyrl, jpn_jpan, arb_arab, kor_hang
kaq_latn	Capanahua	bible	7990	1591	203648	not_enough	tur_latn, aze_latn, hun_latn, fin_latn, lit_latn, por_latn, spa_latn, ces_latn, est_latn, slv_latn	tha_thai, zho_hans, vie_latn, ind_latn, kor_hang, rus_cyrl, npi_deva, jpn_jpan, ukr_cyrl, bel_cyrl
quf_latn	Lambayeque Quechua	bible	7591	1590	203520	not_enough	tur_latn, aze_latn, hun_latn, fin_latn, spa_latn, ces_latn, est_latn, lit_latn, slv_latn, por_latn	tha_thai, vie_latn, ind_latn, zho_hans, rus_cyrl, heb_hebr, arb_arab, npi_deva, ell_grek, ukr_cyrl
mgq_latn	Malila	bible	7665	1590	203520	not_enough	arb_arab, heb_hebr, pes_arab, spa_latn, ita_latn, ces_latn, cat_latn, ron_latn, fra_latn, por_latn	jpn_jpan, kor_hang, zho_hans, ben_beng, npi_deva, tam_taml, kaz_cyrl, swe_latn, bel_cyrl, dan_latn
san_sinh	Sanskrit	bible	7916	1590	203520	not_enough	npi_deva, hin_deva, ben_beng, urd_arab, tam_taml, kaz_cyrl, kat_geor, rus_cyrl, bel_cyrl, aze_latn	vie_latn, tha_thai, ind_latn, eng_latn, swe_latn, nld_latn, cat_latn, dan_latn, jpn_jpan, fra_latn
isn_latn	Isanzu	bible	8005	1584	202752	not_enough	heb_hebr, arb_arab, pes_arab, spa_latn, ita_latn, ces_latn, ron_latn, cat_latn, lit_latn, ind_latn	kor_hang, jpn_jpan, zho_hans, npi_deva, ben_beng, kaz_cyrl, tam_taml, bel_cyrl, ukr_cyrl, rus_cyrl
amo_latn	Amo	bible	8008	1583	202624	not_enough	fra_latn, spa_latn, por_latn, cat_latn, nld_latn, ita_latn, eng_latn, heb_hebr, deu_latn, ron_latn	jpn_jpan, kor_hang, tam_taml, zho_hans, kaz_cyrl, ben_beng, npi_deva, hin_deva, tur_latn, urd_arab
mni_latn	Manipuri	bible	7908	1583	202624	not_enough	jpn_jpan, ben_beng, tur_latn, aze_latn, kor_hang, tam_taml, kaz_cyrl, zho_hans, vie_latn, hin_deva	bel_cyrl, spa_latn, srp_cyrl, ukr_cyrl, bul_cyrl, slv_latn, arb_arab, mkd_cyrl, cat_latn, por_latn
zlm_latn	Malay (individual language)	bible, tatoeba	8121	1582	202496	not_enough	ind_latn, vie_latn, tha_thai, heb_hebr, ita_latn, eng_latn, rus_cyrl, sqi_latn, fra_latn, ron_latn	kaz_cyrl, tam_taml, jpn_jpan, tur_latn, npi_deva, ces_latn, kor_hang, hye_armn, aze_latn, lav_latn
kjl_deva	Western Parbate Kham	bible	7103	1577	201856	not_enough	npi_deva, hin_deva, tam_taml, kaz_cyrl, ben_beng, jpn_jpan, aze_latn, kor_hang, tur_latn, hye_armn	tha_thai, fra_latn, vie_latn, ind_latn, spa_latn, eng_latn, por_latn, cat_latn, ita_latn, heb_hebr
zaj_latn	Zaramo	bible	7946	1576	201728	not_enough	heb_hebr, arb_arab, pes_arab, spa_latn, ita_latn, ces_latn, ind_latn, lit_latn, por_latn, sqi_latn	kor_hang, jpn_jpan, zho_hans, npi_deva, tam_taml, ben_beng, kaz_cyrl, bel_cyrl, swe_latn, ukr_cyrl
ffm_latn	Maasina Fulfulde	bible	7858	1572	201216	not_enough	por_latn, heb_hebr, spa_latn, ita_latn, cat_latn, fra_latn, arb_arab, ron_latn, ces_latn, slv_latn	kor_hang, jpn_jpan, zho_hans, npi_deva, ben_beng, tam_taml, hin_deva, kaz_cyrl, urd_arab, rus_cyrl
tkr_latn	Tsakhur	bible	6301	1570	200960	not_enough	aze_latn, tur_latn, kaz_cyrl, tam_taml, hye_armn, kat_geor, hin_deva, urd_arab, lit_latn, ces_latn	tha_thai, vie_latn, ind_latn, zho_hans, jpn_jpan, kor_hang, heb_hebr, bul_cyrl, ukr_cyrl, bel_cyrl
wbi_latn	Vwanji	bible	7996	1568	200704	not_enough	heb_hebr, arb_arab, spa_latn, pes_arab, ita_latn, ces_latn, cat_latn, ron_latn, ind_latn, lit_latn	kor_hang, jpn_jpan, zho_hans, npi_deva, ben_beng, kaz_cyrl, tam_taml, bel_cyrl, ukr_cyrl, rus_cyrl
yao_latn	Yao	bible	8002	1567	200576	not_enough	arb_arab, spa_latn, ita_latn, heb_hebr, pes_arab, cat_latn, lit_latn, ces_latn, ron_latn, ind_latn	jpn_jpan, kor_hang, zho_hans, ben_beng, npi_deva, tam_taml, kaz_cyrl, swe_latn, ukr_cyrl, rus_cyrl
myw_latn	Muyuw	bible	6787	1565	200320	not_enough	ind_latn, vie_latn, tha_thai, zho_hans, hun_latn, eng_latn, fin_latn, nob_latn, swe_latn, heb_hebr	npi_deva, tam_taml, kaz_cyrl, ces_latn, bel_cyrl, lit_latn, tur_latn, srp_cyrl, ukr_cyrl, slv_latn
bdd_latn	Bunama	bible	7918	1562	199936	not_enough	ind_latn, vie_latn, tha_thai, hin_deva, ben_beng, urd_arab, kor_hang, zho_hans, jpn_jpan, hun_latn	ces_latn, ukr_cyrl, bel_cyrl, lav_latn, dan_latn, slv_latn, srp_cyrl, lit_latn, pol_latn, mkd_cyrl
lmd_latn	Lumun	bible	7958	1561	199808	not_enough	sqi_latn, ron_latn, heb_hebr, arb_arab, ita_latn, por_latn, slv_latn, cat_latn, srp_cyrl, fra_latn	jpn_jpan, kor_hang, zho_hans, tam_taml, ben_beng, npi_deva, kaz_cyrl, vie_latn, tur_latn, urd_arab
are_latn	Western Arrarnta	bible	7688	1554	198912	not_enough	ben_beng, tam_taml, ind_latn, hin_deva, kaz_cyrl, jpn_jpan, npi_deva, tha_thai, urd_arab, kor_hang	spa_latn, bul_cyrl, cat_latn, por_latn, swe_latn, ita_latn, eng_latn, mkd_cyrl, bel_cyrl, ell_grek
abk_cyrl	Abkhazian	wiki, tatoeba	8580	1547	198016	not_enough	kaz_cyrl, hye_armn, aze_latn, tur_latn, pes_arab, kat_geor, srp_cyrl, bul_cyrl, mkd_cyrl, hun_latn	tha_thai, ind_latn, vie_latn, zho_hans, jpn_jpan, kor_hang, npi_deva, pol_latn, swe_latn, nob_latn
dob_latn	Dobu	bible	7710	1546	197888	not_enough	ind_latn, hin_deva, vie_latn, ben_beng, urd_arab, tha_thai, kor_hang, jpn_jpan, npi_deva, zho_hans	ces_latn, ukr_cyrl, bel_cyrl, lav_latn, dan_latn, lit_latn, bul_cyrl, swe_latn, pol_latn, mkd_cyrl
poy_latn	Pogolo	bible	8015	1544	197632	not_enough	heb_hebr, arb_arab, cat_latn, spa_latn, ita_latn, ind_latn, pes_arab, fra_latn, ron_latn, sqi_latn	kor_hang, jpn_jpan, zho_hans, npi_deva, kaz_cyrl, tam_taml, ben_beng, bel_cyrl, ukr_cyrl, rus_cyrl
sbs_latn	Subiya	bible	7984	1541	197248	not_enough	heb_hebr, arb_arab, spa_latn, pes_arab, por_latn, ita_latn, ind_latn, fra_latn, ces_latn, cat_latn	kor_hang, jpn_jpan, zho_hans, npi_deva, ben_beng, tam_taml, kaz_cyrl, bel_cyrl, rus_cyrl, ukr_cyrl
xnj_latn	Ngoni (Tanzania)	bible	8033	1540	197120	not_enough	ind_latn, eng_latn, nob_latn, fin_latn, vie_latn, dan_latn, por_latn, spa_latn, sqi_latn, ita_latn	npi_deva, bel_cyrl, kaz_cyrl, zho_hans, ukr_cyrl, jpn_jpan, rus_cyrl, heb_hebr, kor_hang, mkd_cyrl
quh_latn	South Bolivian Quechua	bible	7930	1535	196480	not_enough	tur_latn, hun_latn, fin_latn, aze_latn, slv_latn, spa_latn, lit_latn, por_latn, hye_armn, ces_latn	tha_thai, vie_latn, zho_hans, ind_latn, heb_hebr, kor_hang, npi_deva, rus_cyrl, ben_beng, jpn_jpan
qvn_latn	North Junín Quechua	bible	8000	1532	196096	not_enough	tur_latn, hun_latn, aze_latn, fin_latn, ces_latn, por_latn, lit_latn, spa_latn, hye_armn, est_latn	tha_thai, vie_latn, zho_hans, ind_latn, heb_hebr, rus_cyrl, arb_arab, npi_deva, jpn_jpan, kor_hang
nhi_latn	Zacatlán-Ahuacatlán-Tepetzintla Nahuatl	bible	7688	1526	195328	not_enough	spa_latn, por_latn, fra_latn, fin_latn, hun_latn, cat_latn, eng_latn, ita_latn, nob_latn, ron_latn	tam_taml, jpn_jpan, npi_deva, ben_beng, kor_hang, tha_thai, kaz_cyrl, zho_hans, urd_arab, vie_latn
cot_latn	Caquinte	bible	7648	1525	195200	not_enough	spa_latn, cat_latn, por_latn, ita_latn, eng_latn, fin_latn, est_latn, ell_grek, ron_latn, nob_latn	jpn_jpan, kor_hang, zho_hans, tam_taml, npi_deva, kaz_cyrl, ben_beng, tha_thai, vie_latn, urd_arab
nyy_latn	Nyakyusa-Ngonde	bible	7598	1524	195072	not_enough	arb_arab, heb_hebr, pes_arab, spa_latn, ita_latn, ces_latn, cat_latn, ron_latn, lit_latn, por_latn	jpn_jpan, kor_hang, zho_hans, ben_beng, npi_deva, tam_taml, kaz_cyrl, swe_latn, bel_cyrl, ukr_cyrl
aoi_latn	Anindilyakwa	bible	3846	1523	194944	not_enough	hin_deva, ind_latn, urd_arab, ben_beng, npi_deva, tam_taml, kor_hang, kat_geor, tha_thai, vie_latn	dan_latn, eng_latn, bul_cyrl, fra_latn, nld_latn, swe_latn, ces_latn, por_latn, cat_latn, ukr_cyrl
ruf_latn	Luguru	bible	8027	1520	194560	not_enough	heb_hebr, arb_arab, pes_arab, spa_latn, ita_latn, ces_latn, lit_latn, ind_latn, fra_latn, por_latn	kor_hang, jpn_jpan, zho_hans, npi_deva, tam_taml, ben_beng, kaz_cyrl, bel_cyrl, swe_latn, ukr_cyrl
wmw_latn	Mwani	bible	8011	1518	194304	not_enough	heb_hebr, arb_arab, pes_arab, ind_latn, spa_latn, ita_latn, ces_latn, lit_latn, por_latn, sqi_latn	kor_hang, jpn_jpan, zho_hans, npi_deva, tam_taml, kaz_cyrl, ben_beng, bel_cyrl, ukr_cyrl, swe_latn
pab_latn	Parecís	bible	7869	1517	194176	not_enough	spa_latn, hun_latn, por_latn, cat_latn, ita_latn, slv_latn, est_latn, fra_latn, fin_latn, nld_latn	zho_hans, tha_thai, jpn_jpan, kor_hang, vie_latn, tam_taml, ind_latn, npi_deva, rus_cyrl, ben_beng
not_latn	Nomatsiguenga	bible	7724	1514	193792	not_enough	spa_latn, cat_latn, por_latn, ita_latn, eng_latn, est_latn, fin_latn, ron_latn, ell_grek, nob_latn	jpn_jpan, kor_hang, zho_hans, tam_taml, npi_deva, kaz_cyrl, ben_beng, tha_thai, vie_latn, urd_arab
mti_latn	Maiwa (Papua New Guinea)	bible	7906	1509	193152	not_enough	ind_latn, hin_deva, vie_latn, tha_thai, ben_beng, kat_geor, urd_arab, kor_hang, aze_latn, hun_latn	ces_latn, ukr_cyrl, bel_cyrl, bul_cyrl, swe_latn, dan_latn, lit_latn, pol_latn, lav_latn, mkd_cyrl
mwe_latn	Mwera (Chimwera)	bible	8020	1509	193152	not_enough	arb_arab, heb_hebr, pes_arab, spa_latn, ita_latn, ces_latn, cat_latn, ron_latn, lit_latn, ind_latn	jpn_jpan, kor_hang, zho_hans, ben_beng, npi_deva, tam_taml, kaz_cyrl, bel_cyrl, swe_latn, ukr_cyrl
npl_latn	Southeastern Puebla Nahuatl	bible	8010	1509	193152	not_enough	spa_latn, por_latn, cat_latn, fin_latn, fra_latn, ell_grek, ita_latn, hun_latn, nob_latn, slk_latn	tam_taml, jpn_jpan, ben_beng, npi_deva, kor_hang, tha_thai, kaz_cyrl, zho_hans, urd_arab, vie_latn
amf_latn	Hamer-Banna	bible	7779	1505	192640	not_enough	tam_taml, hin_deva, urd_arab, pes_arab, aze_latn, kaz_cyrl, sqi_latn, ron_latn, ben_beng, tur_latn	vie_latn, zho_hans, tha_thai, jpn_jpan, ind_latn, kor_hang, eng_latn, ukr_cyrl, bul_cyrl, rus_cyrl
ndj_latn	Ndamba	bible	8031	1504	192512	not_enough	heb_hebr, arb_arab, pes_arab, ind_latn, spa_latn, ita_latn, ces_latn, sqi_latn, lit_latn, por_latn	kor_hang, jpn_jpan, zho_hans, npi_deva, tam_taml, ben_beng, kaz_cyrl, bel_cyrl, ukr_cyrl, swe_latn
kdc_latn	Kutu	bible	7944	1501	192128	not_enough	heb_hebr, arb_arab, pes_arab, spa_latn, ita_latn, ces_latn, lit_latn, ind_latn, por_latn, fra_latn	kor_hang, jpn_jpan, zho_hans, npi_deva, tam_taml, kaz_cyrl, ben_beng, bel_cyrl, ukr_cyrl, swe_latn
qvz_latn	Northern Pastaza Quichua	bible	7826	1497	191616	not_enough	tur_latn, aze_latn, hun_latn, spa_latn, fin_latn, ces_latn, est_latn, por_latn, slv_latn, lit_latn	tha_thai, vie_latn, ind_latn, zho_hans, rus_cyrl, arb_arab, heb_hebr, jpn_jpan, npi_deva, ben_beng
zga_latn	Kinga	bible	7962	1492	190976	not_enough	heb_hebr, arb_arab, spa_latn, ita_latn, pes_arab, ces_latn, ron_latn, cat_latn, ind_latn, por_latn	kor_hang, jpn_jpan, zho_hans, npi_deva, ben_beng, kaz_cyrl, tam_taml, bel_cyrl, ukr_cyrl, rus_cyrl
abq_cyrl	Abaza	webcorpora	12982	1490	190720	not_enough	kaz_cyrl, tam_taml, aze_latn, rus_cyrl, srp_cyrl, tur_latn, hye_armn, mkd_cyrl, urd_arab, hin_deva	tha_thai, vie_latn, ind_latn, swe_latn, zho_hans, eng_latn, nld_latn, cat_latn, nob_latn, fra_latn
cha_latn	Chamorro	bible, wiki, tatoeba	8550	1489	190592	not_enough	ind_latn, vie_latn, tha_thai, zho_hans, arb_arab, rus_cyrl, pol_latn, ita_latn, fin_latn, ell_grek	tam_taml, npi_deva, kaz_cyrl, ces_latn, tur_latn, ben_beng, srp_cyrl, jpn_jpan, aze_latn, deu_latn
ndg_latn	Ndengereko	bible	7994	1488	190464	not_enough	arb_arab, spa_latn, pes_arab, heb_hebr, ita_latn, ces_latn, ron_latn, cat_latn, ind_latn, lit_latn	jpn_jpan, kor_hang, zho_hans, ben_beng, npi_deva, tam_taml, kaz_cyrl, bel_cyrl, ukr_cyrl, swe_latn
sby_latn	Soli	bible	8023	1486	190208	not_enough	arb_arab, heb_hebr, pes_arab, spa_latn, ita_latn, por_latn, ces_latn, cat_latn, ind_latn, lit_latn	kor_hang, jpn_jpan, zho_hans, tam_taml, ben_beng, npi_deva, kaz_cyrl, swe_latn, bel_cyrl, dan_latn
ziw_latn	Zigula	bible	8032	1479	189312	not_enough	heb_hebr, arb_arab, pes_arab, spa_latn, ita_latn, por_latn, ind_latn, ces_latn, lit_latn, fra_latn	kor_hang, jpn_jpan, zho_hans, npi_deva, tam_taml, ben_beng, kaz_cyrl, bel_cyrl, swe_latn, ukr_cyrl
rej_latn	Rejang	nusa	2769	1475	188800	not_enough	ind_latn, vie_latn, tha_thai, heb_hebr, sqi_latn, pes_arab, zho_hans, arb_arab, eng_latn, ron_latn	kaz_cyrl, npi_deva, tam_taml, jpn_jpan, tur_latn, ces_latn, kor_hang, lav_latn, bel_cyrl, ben_beng
reg_latn	Kara (Tanzania)	bible	8003	1470	188160	not_enough	heb_hebr, arb_arab, pes_arab, spa_latn, ita_latn, por_latn, lit_latn, fra_latn, ces_latn, sqi_latn	kor_hang, jpn_jpan, zho_hans, npi_deva, tam_taml, ben_beng, kaz_cyrl, bel_cyrl, ukr_cyrl, rus_cyrl
bcc_latn	Southern Balochi	bible	7521	1465	187520	not_enough	pes_arab, ces_latn, aze_latn, tur_latn, lit_latn, urd_arab, kat_geor, spa_latn, hye_armn, hin_deva	tha_thai, vie_latn, zho_hans, kor_hang, ind_latn, jpn_jpan, ukr_cyrl, fin_latn, bel_cyrl, heb_hebr
kpj_latn	Karajá	bible	7685	1459	186752	not_enough	tur_latn, por_latn, pes_arab, hun_latn, lit_latn, aze_latn, spa_latn, fin_latn, fra_latn, sqi_latn	tha_thai, zho_hans, vie_latn, npi_deva, kor_hang, rus_cyrl, jpn_jpan, ind_latn, ben_beng, tam_taml
lbj_tibt	Ladakhi	bible	8175	1454	186112	not_enough	tam_taml, kaz_cyrl, ben_beng, kor_hang, jpn_jpan, aze_latn, npi_deva, hin_deva, tur_latn, hye_armn	cat_latn, por_latn, spa_latn, fra_latn, ita_latn, vie_latn, bul_cyrl, eng_latn, ind_latn, swe_latn
kkc_latn	Odoodee	bible	5543	1451	185728	not_enough	jpn_jpan, ind_latn, hin_deva, kor_hang, ben_beng, tam_taml, urd_arab, kaz_cyrl, vie_latn, npi_deva	bul_cyrl, cat_latn, por_latn, spa_latn, ell_grek, bel_cyrl, mkd_cyrl, eng_latn, ita_latn, swe_latn
kxv_orya	Kuvi	bible	7426	1438	184064	not_enough	tam_taml, ben_beng, kaz_cyrl, npi_deva, aze_latn, hin_deva, tur_latn, urd_arab, jpn_jpan, kor_hang	vie_latn, ind_latn, tha_thai, cat_latn, por_latn, eng_latn, spa_latn, ita_latn, fra_latn, swe_latn
mcb_latn	Machiguenga	bible	7338	1436	183808	not_enough	spa_latn, por_latn, cat_latn, slv_latn, fra_latn, arb_arab, ita_latn, ell_grek, pol_latn, srp_cyrl	jpn_jpan, kor_hang, zho_hans, tam_taml, tha_thai, ben_beng, kaz_cyrl, npi_deva, vie_latn, urd_arab
dwr_latn	Dawro	bible	7819	1430	183040	not_enough	tam_taml, aze_latn, kaz_cyrl, tur_latn, hin_deva, urd_arab, npi_deva, pes_arab, ben_beng, hye_armn	tha_thai, vie_latn, ind_latn, zho_hans, eng_latn, jpn_jpan, swe_latn, fra_latn, heb_hebr, ukr_cyrl
nnq_latn	Ngindo	bible	7984	1430	183040	not_enough	arb_arab, pes_arab, heb_hebr, spa_latn, ind_latn, ita_latn, lit_latn, por_latn, ces_latn, fra_latn	kor_hang, jpn_jpan, zho_hans, tam_taml, ben_beng, npi_deva, kaz_cyrl, swe_latn, bel_cyrl, ukr_cyrl
qxh_latn	Panao Huánuco Quechua	bible	7537	1424	182272	not_enough	tur_latn, aze_latn, hun_latn, fin_latn, ces_latn, hye_armn, est_latn, slv_latn, por_latn, lit_latn	tha_thai, vie_latn, zho_hans, ind_latn, heb_hebr, rus_cyrl, npi_deva, arb_arab, jpn_jpan, ell_grek
qxl_latn	Salasaca Highland Quichua	bible	7923	1424	182272	not_enough	tur_latn, aze_latn, hun_latn, spa_latn, fin_latn, est_latn, ces_latn, slv_latn, por_latn, lit_latn	tha_thai, vie_latn, ind_latn, zho_hans, rus_cyrl, jpn_jpan, heb_hebr, arb_arab, npi_deva, kor_hang
qwh_latn	Huaylas Ancash Quechua	bible	7685	1421	181888	not_enough	tur_latn, aze_latn, hun_latn, fin_latn, por_latn, spa_latn, ces_latn, est_latn, lit_latn, hye_armn	tha_thai, vie_latn, zho_hans, ind_latn, heb_hebr, rus_cyrl, arb_arab, npi_deva, jpn_jpan, ell_grek
cpu_latn	Pichis Ashéninka	bible	7927	1421	181888	not_enough	spa_latn, cat_latn, por_latn, ita_latn, eng_latn, nob_latn, ell_grek, ron_latn, est_latn, slk_latn	jpn_jpan, kor_hang, tam_taml, npi_deva, kaz_cyrl, zho_hans, ben_beng, tha_thai, aze_latn, urd_arab
dif_latn	Dieri	bible	7917	1419	181632	not_enough	ben_beng, hin_deva, tam_taml, ind_latn, urd_arab, npi_deva, kor_hang, jpn_jpan, arb_arab, kaz_cyrl	bel_cyrl, por_latn, bul_cyrl, ell_grek, ces_latn, tur_latn, ukr_cyrl, spa_latn, cat_latn, fra_latn
gof_latn	Gofa	bible, bible0	8314	1410	180480	not_enough	aze_latn, tam_taml, kaz_cyrl, tur_latn, hin_deva, urd_arab, npi_deva, pes_arab, ben_beng, hye_armn	tha_thai, vie_latn, ind_latn, zho_hans, eng_latn, jpn_jpan, swe_latn, fra_latn, ukr_cyrl, kor_hang
qxo_latn	Southern Conchucos Ancash Quechua	bible	7255	1409	180352	not_enough	tur_latn, aze_latn, hun_latn, fin_latn, por_latn, spa_latn, ces_latn, lit_latn, slv_latn, hye_armn	tha_thai, vie_latn, zho_hans, ind_latn, rus_cyrl, npi_deva, jpn_jpan, heb_hebr, bel_cyrl, ben_beng
sbk_latn	Safwa	bible	8007	1407	180096	not_enough	spa_latn, arb_arab, heb_hebr, ita_latn, pes_arab, ces_latn, cat_latn, ron_latn, por_latn, fra_latn	jpn_jpan, kor_hang, zho_hans, npi_deva, ben_beng, tam_taml, kaz_cyrl, bel_cyrl, ukr_cyrl, rus_cyrl
san_guru	Sanskrit	bible	7923	1404	179712	not_enough	npi_deva, hin_deva, ben_beng, urd_arab, tam_taml, kaz_cyrl, kat_geor, rus_cyrl, bel_cyrl, aze_latn	vie_latn, tha_thai, ind_latn, eng_latn, swe_latn, nld_latn, cat_latn, dan_latn, jpn_jpan, fra_latn
cpc_latn	Ajyíninka Apurucayali	bible	7942	1385	177280	not_enough	spa_latn, cat_latn, por_latn, ita_latn, eng_latn, nob_latn, ell_grek, ron_latn, slk_latn, est_latn	jpn_jpan, kor_hang, tam_taml, npi_deva, kaz_cyrl, zho_hans, ben_beng, tha_thai, urd_arab, aze_latn
cpb_latn	Ucayali-Yurúa Ashéninka	bible	7986	1384	177152	not_enough	spa_latn, cat_latn, por_latn, ita_latn, eng_latn, nob_latn, ell_grek, ron_latn, est_latn, slk_latn	jpn_jpan, kor_hang, npi_deva, tam_taml, kaz_cyrl, zho_hans, ben_beng, tha_thai, aze_latn, urd_arab
smi_latn	Sami languages	wortschatz	9906	1381	176768	not_enough	nob_latn, ind_latn, dan_latn, eng_latn, swe_latn, vie_latn, nld_latn, fra_latn, por_latn, spa_latn	npi_deva, zho_hans, bel_cyrl, jpn_jpan, rus_cyrl, ukr_cyrl, tam_taml, heb_hebr, kaz_cyrl, srp_cyrl
dov_latn	Dombe	bible	8007	1374	175872	not_enough	pes_arab, ces_latn, heb_hebr, lit_latn, arb_arab, slv_latn, hye_armn, sqi_latn, srp_cyrl, por_latn	kor_hang, jpn_jpan, zho_hans, npi_deva, tam_taml, ben_beng, rus_cyrl, kaz_cyrl, bel_cyrl, swe_latn
evn_cyrl	Evenki	webcorpora, news	8952	1374	175872	not_enough	kaz_cyrl, rus_cyrl, aze_latn, kor_hang, tur_latn, jpn_jpan, ukr_cyrl, hye_armn, hin_deva, bel_cyrl	tha_thai, ind_latn, vie_latn, cat_latn, heb_hebr, spa_latn, arb_arab, ita_latn, por_latn, eng_latn
mwf_latn	Murrinh-Patha	bible	3781	1351	172928	not_enough	ind_latn, vie_latn, hin_deva, tha_thai, urd_arab, ben_beng, npi_deva, kor_hang, pes_arab, zho_hans	ces_latn, dan_latn, lav_latn, tur_latn, ukr_cyrl, lit_latn, swe_latn, nob_latn, bel_cyrl, deu_latn
qva_latn	Ambo-Pasco Quechua	bible	7697	1349	172672	not_enough	tur_latn, aze_latn, hun_latn, fin_latn, ces_latn, spa_latn, por_latn, est_latn, slv_latn, lit_latn	tha_thai, vie_latn, zho_hans, ind_latn, heb_hebr, rus_cyrl, arb_arab, npi_deva, jpn_jpan, kor_hang
qvw_latn	Huaylla Wanca Quechua	bible	7504	1349	172672	not_enough	tur_latn, hun_latn, aze_latn, fin_latn, ces_latn, est_latn, hye_armn, slv_latn, lit_latn, por_latn	tha_thai, vie_latn, zho_hans, ind_latn, heb_hebr, rus_cyrl, arb_arab, jpn_jpan, npi_deva, kor_hang
san_thai	Sanskrit	bible	7937	1349	172672	not_enough	npi_deva, hin_deva, ben_beng, urd_arab, tha_thai, tam_taml, kaz_cyrl, kat_geor, rus_cyrl, aze_latn	vie_latn, ind_latn, eng_latn, cat_latn, swe_latn, nld_latn, fra_latn, dan_latn, jpn_jpan, fin_latn
san_mymr	Sanskrit	bible	7941	1343	171904	not_enough	npi_deva, hin_deva, ben_beng, urd_arab, tam_taml, kaz_cyrl, kat_geor, rus_cyrl, aze_latn, bel_cyrl	vie_latn, tha_thai, ind_latn, eng_latn, cat_latn, swe_latn, nld_latn, fra_latn, dan_latn, jpn_jpan
san_tibt	Sanskrit	bible	7962	1342	171776	not_enough	npi_deva, hin_deva, ben_beng, urd_arab, tam_taml, kaz_cyrl, kat_geor, rus_cyrl, bel_cyrl, aze_latn	vie_latn, tha_thai, ind_latn, eng_latn, swe_latn, cat_latn, nld_latn, dan_latn, jpn_jpan, fra_latn
esk_latn	Northwest Alaska Inupiatun	bible	7967	1340	171520	not_enough	fin_latn, aze_latn, tur_latn, hun_latn, est_latn, lit_latn, ben_beng, hin_deva, pes_arab, kaz_cyrl	tha_thai, zho_hans, vie_latn, arb_arab, ind_latn, heb_hebr, bul_cyrl, ukr_cyrl, cat_latn, tam_taml
san_khmr	Sanskrit	bible	7930	1335	170880	not_enough	npi_deva, hin_deva, ben_beng, urd_arab, tam_taml, kaz_cyrl, kor_hang, kat_geor, rus_cyrl, bel_cyrl	vie_latn, tha_thai, ind_latn, eng_latn, swe_latn, cat_latn, nld_latn, dan_latn, jpn_jpan, fra_latn
ang_latn	Old English (ca. 450-1100)	wiki, tatoeba	7069	1333	170624	not_enough	eng_latn, nld_latn, swe_latn, nob_latn, deu_latn, dan_latn, cat_latn, ita_latn, por_latn, spa_latn	jpn_jpan, npi_deva, tam_taml, kaz_cyrl, kor_hang, ben_beng, tha_thai, zho_hans, aze_latn, ind_latn
bmr_latn	Muinane	bible	7974	1330	170240	not_enough	tur_latn, aze_latn, hun_latn, fin_latn, ces_latn, lit_latn, hye_armn, spa_latn, est_latn, nob_latn	tha_thai, vie_latn, zho_hans, ind_latn, npi_deva, rus_cyrl, jpn_jpan, kor_hang, heb_hebr, bul_cyrl
qvh_latn	Huamalíes-Dos de Mayo Huánuco Quechua	bible	6992	1329	170112	not_enough	tur_latn, hun_latn, spa_latn, fin_latn, aze_latn, por_latn, nld_latn, ces_latn, nob_latn, cat_latn	tha_thai, vie_latn, ind_latn, zho_hans, npi_deva, rus_cyrl, arb_arab, urd_arab, heb_hebr, ben_beng
bsj_latn	Bangwinji	bible	7241	1326	169728	not_enough	por_latn, ita_latn, fra_latn, spa_latn, cat_latn, slv_latn, eng_latn, ron_latn, heb_hebr, sqi_latn	jpn_jpan, kor_hang, tam_taml, kaz_cyrl, npi_deva, ben_beng, zho_hans, pes_arab, hye_armn, tur_latn
bhg_latn	Binandere	bible	5495	1325	169600	not_enough	ben_beng, jpn_jpan, kor_hang, hin_deva, ind_latn, urd_arab, npi_deva, tam_taml, tha_thai, vie_latn	ces_latn, ukr_cyrl, bel_cyrl, bul_cyrl, pol_latn, swe_latn, mkd_cyrl, dan_latn, ell_grek, eng_latn
san_mlym	Sanskrit	bible	7938	1323	169344	not_enough	npi_deva, hin_deva, ben_beng, urd_arab, tam_taml, kaz_cyrl, kat_geor, rus_cyrl, bel_cyrl, aze_latn	vie_latn, ind_latn, tha_thai, eng_latn, nld_latn, swe_latn, cat_latn, dan_latn, jpn_jpan, fra_latn
dwr_ethi	Dawro	bible	7778	1317	168576	not_enough	kaz_cyrl, tam_taml, aze_latn, npi_deva, hye_armn, tur_latn, kat_geor, hin_deva, urd_arab, ben_beng	vie_latn, tha_thai, ind_latn, eng_latn, swe_latn, zho_hans, fra_latn, nld_latn, dan_latn, nob_latn
san_beng	Sanskrit	bible	7938	1317	168576	not_enough	ben_beng, npi_deva, hin_deva, urd_arab, tam_taml, kaz_cyrl, kat_geor, rus_cyrl, bel_cyrl, aze_latn	vie_latn, ind_latn, tha_thai, eng_latn, nld_latn, swe_latn, cat_latn, dan_latn, jpn_jpan, fra_latn
san_gujr	Sanskrit	bible	7938	1315	168320	not_enough	npi_deva, hin_deva, ben_beng, urd_arab, tam_taml, kaz_cyrl, kat_geor, rus_cyrl, bel_cyrl, aze_latn	vie_latn, ind_latn, tha_thai, eng_latn, nld_latn, swe_latn, cat_latn, dan_latn, jpn_jpan, fra_latn
san_knda	Sanskrit	bible	7938	1315	168320	not_enough	npi_deva, hin_deva, ben_beng, urd_arab, tam_taml, kaz_cyrl, kat_geor, rus_cyrl, bel_cyrl, aze_latn	vie_latn, ind_latn, tha_thai, eng_latn, nld_latn, swe_latn, cat_latn, dan_latn, jpn_jpan, fra_latn
san_orya	Sanskrit	bible	7938	1315	168320	not_enough	npi_deva, hin_deva, ben_beng, urd_arab, tam_taml, kaz_cyrl, kat_geor, rus_cyrl, bel_cyrl, aze_latn	vie_latn, ind_latn, tha_thai, eng_latn, nld_latn, swe_latn, cat_latn, dan_latn, jpn_jpan, fra_latn
san_telu	Sanskrit	bible	7938	1315	168320	not_enough	npi_deva, hin_deva, ben_beng, urd_arab, tam_taml, kaz_cyrl, kat_geor, rus_cyrl, bel_cyrl, aze_latn	vie_latn, ind_latn, tha_thai, eng_latn, nld_latn, swe_latn, cat_latn, dan_latn, jpn_jpan, fra_latn
qul_latn	North Bolivian Quechua	bible	7961	1314	168192	not_enough	hun_latn, tur_latn, aze_latn, fin_latn, por_latn, spa_latn, slv_latn, lit_latn, est_latn, ces_latn	tha_thai, vie_latn, zho_hans, ind_latn, npi_deva, kor_hang, rus_cyrl, heb_hebr, jpn_jpan, arb_arab
qvm_latn	Margos-Yarowilca-Lauricocha Quechua	bible	6959	1311	167808	not_enough	tur_latn, aze_latn, hun_latn, fin_latn, ces_latn, por_latn, spa_latn, est_latn, lit_latn, slv_latn	tha_thai, vie_latn, zho_hans, ind_latn, heb_hebr, rus_cyrl, arb_arab, npi_deva, jpn_jpan, ell_grek
pib_latn	Yine	bible	7965	1309	167552	not_enough	hun_latn, spa_latn, por_latn, fin_latn, slv_latn, cat_latn, est_latn, tur_latn, ita_latn, eng_latn	zho_hans, tha_thai, jpn_jpan, vie_latn, kor_hang, tam_taml, npi_deva, ben_beng, ind_latn, rus_cyrl
gmv_ethi	Gamo	bible	7899	1302	166656	not_enough	tam_taml, kaz_cyrl, npi_deva, aze_latn, tur_latn, urd_arab, hin_deva, hye_armn, ben_beng, kat_geor	vie_latn, tha_thai, ind_latn, eng_latn, zho_hans, swe_latn, fra_latn, dan_latn, nob_latn, nld_latn
rmy_latn	Vlax Romani	bible0, bible1, bible, wiki	6499	1302	166656	not_enough	hin_deva, slv_latn, est_latn, sqi_latn, slk_latn, urd_arab, kat_geor, ron_latn, spa_latn, hun_latn	tha_thai, jpn_jpan, vie_latn, zho_hans, ind_latn, kor_hang, tam_taml, npi_deva, kaz_cyrl, ben_beng
mwp_latn	Kala Lagaw Ya	bible	5680	1299	166272	not_enough	hin_deva, ben_beng, ind_latn, kor_hang, tam_taml, urd_arab, npi_deva, jpn_jpan, tha_thai, kat_geor	por_latn, bul_cyrl, cat_latn, spa_latn, ell_grek, bel_cyrl, mkd_cyrl, ita_latn, fra_latn, ukr_cyrl
lif_limb	Limbu	bible	7044	1293	165504	not_enough	tam_taml, ben_beng, kaz_cyrl, npi_deva, hin_deva, aze_latn, jpn_jpan, kor_hang, urd_arab, tur_latn	fra_latn, tha_thai, vie_latn, spa_latn, por_latn, cat_latn, ind_latn, ita_latn, eng_latn, swe_latn
ttq_tfng	Tawallammat Tamajaq	bible	7742	1283	164224	not_enough	arb_arab, heb_hebr, ita_latn, spa_latn, cat_latn, ell_grek, por_latn, slv_latn, sqi_latn, ron_latn	jpn_jpan, kor_hang, tam_taml, zho_hans, ben_beng, ind_latn, kaz_cyrl, vie_latn, npi_deva, tha_thai
ksp_latn	Kaba	bible	4869	1255	160640	not_enough	spa_latn, cat_latn, ita_latn, por_latn, fra_latn, heb_hebr, arb_arab, ron_latn, sqi_latn, slv_latn	jpn_jpan, kor_hang, tam_taml, zho_hans, kaz_cyrl, npi_deva, ben_beng, tur_latn, rus_cyrl, bel_cyrl
gof_ethi	Gofa	bible	7958	1239	158592	not_enough	kaz_cyrl, tam_taml, aze_latn, npi_deva, hye_armn, tur_latn, kat_geor, hin_deva, urd_arab, ben_beng	vie_latn, tha_thai, ind_latn, eng_latn, swe_latn, zho_hans, fra_latn, nld_latn, dan_latn, nob_latn
brb_khmr	Lave	bible	4846	1229	157312	not_enough	vie_latn, tha_thai, ind_latn, zho_hans, rus_cyrl, heb_hebr, ukr_cyrl, kor_hang, arb_arab, ron_latn	tur_latn, tam_taml, kaz_cyrl, ces_latn, lit_latn, lav_latn, jpn_jpan, npi_deva, aze_latn, hye_armn
kmg_latn	Kâte	bible	6220	1226	156928	not_enough	ind_latn, hin_deva, ben_beng, kor_hang, kat_geor, urd_arab, tha_thai, vie_latn, aze_latn, npi_deva	bul_cyrl, ukr_cyrl, ces_latn, bel_cyrl, lav_latn, mkd_cyrl, eng_latn, por_latn, fra_latn, lit_latn
mpj_latn	Martu Wangka	bible	4959	1209	154752	not_enough	ind_latn, hin_deva, ben_beng, npi_deva, urd_arab, tam_taml, tha_thai, vie_latn, kor_hang, kat_geor	cat_latn, spa_latn, por_latn, bul_cyrl, bel_cyrl, ell_grek, ita_latn, fra_latn, eng_latn, ces_latn
mnv_latn	Rennell-Bellona	bible	3794	1181	151168	not_enough	ind_latn, vie_latn, tha_thai, arb_arab, ita_latn, zho_hans, cat_latn, eng_latn, rus_cyrl, ron_latn	kaz_cyrl, tur_latn, tam_taml, npi_deva, ces_latn, aze_latn, hye_armn, slv_latn, lit_latn, srp_cyrl
tlh_latn	Klingon	tatoeba	17219	1160	148480	not_enough	fin_latn, lit_latn, hun_latn, est_latn, tur_latn, hin_deva, lav_latn, ces_latn, jpn_jpan, aze_latn	tha_thai, vie_latn, ind_latn, arb_arab, heb_hebr, zho_hans, bul_cyrl, rus_cyrl, ukr_cyrl, pes_arab
nbq_latn	Nggem	bible	3745	1155	147840	not_enough	kor_hang, ben_beng, hin_deva, tam_taml, jpn_jpan, urd_arab, ind_latn, npi_deva, kaz_cyrl, aze_latn	ukr_cyrl, bel_cyrl, bul_cyrl, eng_latn, mkd_cyrl, por_latn, ces_latn, ell_grek, lav_latn, swe_latn
oto_latn	Otomian languages	americasnli_dev, americasnlp2021_mt, americasnli_test, americasnlp2023_mt	6302	1153	147584	not_enough	ind_latn, spa_latn, eng_latn, por_latn, vie_latn, cat_latn, fra_latn, ita_latn, nob_latn, nld_latn	npi_deva, bel_cyrl, zho_hans, rus_cyrl, ukr_cyrl, kaz_cyrl, jpn_jpan, heb_hebr, tam_taml, srp_cyrl
lfn_0000	Lingua Franca Nova	tatoeba	12890	1137	145536	not_enough	spa_latn, por_latn, hun_latn, fin_latn, cat_latn, ita_latn, fra_latn, mkd_cyrl, srp_cyrl, bul_cyrl	jpn_jpan, tha_thai, tam_taml, zho_hans, npi_deva, kor_hang, vie_latn, ben_beng, ind_latn, heb_hebr
eko_latn	Koti	bible	6395	1128	144384	not_enough	arb_arab, heb_hebr, pes_arab, spa_latn, ita_latn, ind_latn, ces_latn, ron_latn, cat_latn, fra_latn	jpn_jpan, kor_hang, zho_hans, npi_deva, ben_beng, swe_latn, bel_cyrl, kaz_cyrl, ukr_cyrl, dan_latn
tar_latn	Central Tarahumara	americasnlp2023_mt, americasnlp2021_mt, americasnli_test, americasnli_mlm, americasnli_dev	10934	1119	143232	not_enough	hun_latn, fin_latn, spa_latn, por_latn, est_latn, hin_deva, nob_latn, slk_latn, cat_latn, ita_latn	tha_thai, vie_latn, ind_latn, tam_taml, arb_arab, heb_hebr, zho_hans, npi_deva, pes_arab, rus_cyrl
amx_latn	Anmatyerre	bible	4085	1115	142720	not_enough	ben_beng, tam_taml, hin_deva, ind_latn, kaz_cyrl, urd_arab, npi_deva, jpn_jpan, kor_hang, tha_thai	spa_latn, por_latn, cat_latn, ita_latn, bul_cyrl, bel_cyrl, ell_grek, swe_latn, fra_latn, eng_latn
jam_latn	Jamaican Creole English	wiki, tatoeba	2834	1115	142720	not_enough	eng_latn, nld_latn, por_latn, swe_latn, cat_latn, fra_latn, nob_latn, spa_latn, ita_latn, deu_latn	npi_deva, tam_taml, jpn_jpan, kaz_cyrl, ben_beng, kor_hang, pes_arab, tha_thai, zho_hans, tur_latn
kkl_latn	Kosarek Yale	bible	3589	1107	141696	not_enough	tam_taml, ben_beng, jpn_jpan, hin_deva, kor_hang, kaz_cyrl, urd_arab, ind_latn, npi_deva, aze_latn	ukr_cyrl, bel_cyrl, bul_cyrl, ell_grek, mkd_cyrl, eng_latn, por_latn, pol_latn, swe_latn, spa_latn
yrk_cyrl	Nenets	webcorpora	6297	1079	138112	not_enough	rus_cyrl, mkd_cyrl, ukr_cyrl, fin_latn, bel_cyrl, kaz_cyrl, kat_geor, est_latn, hin_deva, bul_cyrl	tha_thai, ind_latn, vie_latn, zho_hans, jpn_jpan, tam_taml, arb_arab, fra_latn, cat_latn, eng_latn
nov_latn	Novial	wiki, tatoeba	6336	1028	131584	not_enough	nob_latn, dan_latn, swe_latn, eng_latn, deu_latn, nld_latn, ron_latn, cat_latn, fra_latn, por_latn	jpn_jpan, npi_deva, kor_hang, tam_taml, tha_thai, zho_hans, vie_latn, kaz_cyrl, ind_latn, ben_beng
nce_latn	Yale	bible	3527	1023	130944	not_enough	ben_beng, hin_deva, jpn_jpan, kor_hang, urd_arab, npi_deva, tam_taml, ind_latn, kaz_cyrl, aze_latn	ukr_cyrl, bel_cyrl, ces_latn, bul_cyrl, sqi_latn, swe_latn, mkd_cyrl, pol_latn, por_latn, eng_latn
tnc_latn	Tanimuca-Retuarã	bible	3062	1019	130432	not_enough	tur_latn, lit_latn, por_latn, ces_latn, est_latn, spa_latn, aze_latn, lav_latn, slv_latn, fra_latn	tha_thai, vie_latn, zho_hans, ind_latn, kor_hang, npi_deva, jpn_jpan, rus_cyrl, ben_beng, arb_arab
bsp_latn	Baga Sitemu	bible	4593	1005	128640	not_enough	fra_latn, lav_latn, por_latn, eng_latn, spa_latn, lit_latn, cat_latn, aze_latn, heb_hebr, slv_latn	kor_hang, jpn_jpan, npi_deva, zho_hans, tam_taml, ben_beng, hin_deva, kaz_cyrl, bel_cyrl, urd_arab
wed_latn	Wedau	bible0, bible	4850	986	126208	not_enough	ind_latn, vie_latn, tha_thai, hin_deva, kor_hang, ben_beng, zho_hans, urd_arab, jpn_jpan, kat_geor	ces_latn, bel_cyrl, bul_cyrl, spa_latn, lit_latn, ukr_cyrl, mkd_cyrl, ell_grek, slv_latn, slk_latn
aca_latn	Achagua	bible	4432	975	124800	not_enough	spa_latn, por_latn, cat_latn, eng_latn, ita_latn, fin_latn, hun_latn, est_latn, slv_latn, fra_latn	jpn_jpan, tam_taml, kor_hang, tha_thai, npi_deva, zho_hans, ben_beng, kaz_cyrl, vie_latn, aze_latn
niv_cyrl	Gilyak	webcorpora	9952	973	124544	not_enough	kaz_cyrl, jpn_jpan, kor_hang, aze_latn, ben_beng, tur_latn, hin_deva, tam_taml, rus_cyrl, zho_hans	ita_latn, por_latn, cat_latn, spa_latn, arb_arab, heb_hebr, sqi_latn, ron_latn, slv_latn, tha_thai
etr_latn	Edolo	bible	4216	965	123520	not_enough	jpn_jpan, tam_taml, ben_beng, hin_deva, kaz_cyrl, ind_latn, kor_hang, urd_arab, aze_latn, tur_latn	ukr_cyrl, bul_cyrl, bel_cyrl, mkd_cyrl, pol_latn, eng_latn, ell_grek, slk_latn, por_latn, swe_latn
klt_latn	Nukna	bible	3783	963	123264	not_enough	ind_latn, hin_deva, ben_beng, kor_hang, kat_geor, tha_thai, vie_latn, aze_latn, hun_latn, hye_armn	bul_cyrl, ukr_cyrl, bel_cyrl, mkd_cyrl, eng_latn, por_latn, ces_latn, lav_latn, pol_latn, ell_grek
mgc_latn	Morokodo	bible	3860	962	123136	not_enough	cat_latn, heb_hebr, ita_latn, por_latn, spa_latn, arb_arab, tha_thai, sqi_latn, fra_latn, vie_latn	jpn_jpan, kor_hang, tam_taml, zho_hans, kaz_cyrl, npi_deva, ben_beng, tur_latn, lav_latn, dan_latn
beu_latn	Blagar	bible	3057	960	122880	not_enough	ind_latn, vie_latn, ben_beng, hin_deva, tha_thai, urd_arab, npi_deva, pes_arab, kor_hang, zho_hans	ukr_cyrl, ces_latn, bel_cyrl, lav_latn, srp_cyrl, slv_latn, pol_latn, dan_latn, mkd_cyrl, ell_grek
ulk_latn	Meriam	bible0, bible	4962	943	120704	not_enough	hin_deva, ben_beng, kor_hang, urd_arab, npi_deva, tam_taml, kaz_cyrl, ind_latn, jpn_jpan, kat_geor	ell_grek, fra_latn, por_latn, bul_cyrl, lav_latn, spa_latn, ces_latn, cat_latn, ukr_cyrl, eng_latn
zha_latn	Zhuang	wiki	4507	943	120704	not_enough	vie_latn, tha_thai, ind_latn, zho_hans, rus_cyrl, eng_latn, heb_hebr, swe_latn, ron_latn, sqi_latn	tam_taml, kaz_cyrl, npi_deva, tur_latn, ces_latn, lav_latn, lit_latn, ben_beng, aze_latn, hye_armn
fue_latn	Borgu Fulfulde	bible	4731	932	119296	not_enough	por_latn, ita_latn, cat_latn, heb_hebr, spa_latn, fra_latn, arb_arab, ron_latn, eng_latn, sqi_latn	kor_hang, jpn_jpan, zho_hans, npi_deva, tam_taml, ben_beng, hin_deva, urd_arab, kaz_cyrl, rus_cyrl
mwc_latn	Are	bible	4465	928	118784	not_enough	ind_latn, vie_latn, tha_thai, hin_deva, ben_beng, urd_arab, hun_latn, kor_hang, zho_hans, aze_latn	ces_latn, ukr_cyrl, bel_cyrl, lav_latn, dan_latn, srp_cyrl, slv_latn, lit_latn, pol_latn, mkd_cyrl
nif_latn	Nek	bible	3733	924	118272	not_enough	hin_deva, ben_beng, kor_hang, ind_latn, jpn_jpan, urd_arab, tam_taml, kaz_cyrl, npi_deva, tha_thai	ukr_cyrl, bel_cyrl, bul_cyrl, mkd_cyrl, ell_grek, ces_latn, eng_latn, pol_latn, por_latn, lav_latn
lup_latn	Lumbu	wortschatz	11788	923	118144	not_enough	heb_hebr, spa_latn, arb_arab, fra_latn, cat_latn, ces_latn, pes_arab, por_latn, sqi_latn, lit_latn	kor_hang, jpn_jpan, zho_hans, npi_deva, tam_taml, kaz_cyrl, ben_beng, hin_deva, urd_arab, rus_cyrl
aui_latn	Anuki	bible	4168	909	116352	not_enough	ind_latn, vie_latn, tha_thai, hin_deva, ben_beng, kor_hang, hun_latn, urd_arab, aze_latn, fin_latn	ces_latn, ukr_cyrl, bel_cyrl, lav_latn, dan_latn, srp_cyrl, slv_latn, swe_latn, lit_latn, bul_cyrl
bxh_latn	Buhutu	bible	4301	908	116224	not_enough	ind_latn, vie_latn, tha_thai, hin_deva, ben_beng, urd_arab, hun_latn, kor_hang, zho_hans, aze_latn	ces_latn, ukr_cyrl, bel_cyrl, lav_latn, dan_latn, srp_cyrl, lit_latn, slv_latn, pol_latn, mkd_cyrl
kqf_latn	Kakabai	bible	4174	906	115968	not_enough	ind_latn, vie_latn, tha_thai, hin_deva, ben_beng, urd_arab, hun_latn, kor_hang, zho_hans, aze_latn	ces_latn, ukr_cyrl, bel_cyrl, lav_latn, dan_latn, slv_latn, srp_cyrl, pol_latn, lit_latn, mkd_cyrl
rmy_cyrl	Vlax Romani	bible, bible0, bible1	4727	901	115328	not_enough	bel_cyrl, mkd_cyrl, srp_cyrl, ukr_cyrl, bul_cyrl, rus_cyrl, kaz_cyrl, kat_geor, hye_armn, aze_latn	tha_thai, ind_latn, vie_latn, jpn_jpan, tam_taml, zho_hans, eng_latn, ben_beng, kor_hang, nld_latn
nxl_latn	South Nuaulu	bible	3658	882	112896	not_enough	ind_latn, vie_latn, tha_thai, ben_beng, heb_hebr, hye_armn, hin_deva, ita_latn, hun_latn, cat_latn	bel_cyrl, ukr_cyrl, jpn_jpan, tam_taml, kaz_cyrl, tur_latn, ces_latn, pol_latn, npi_deva, kor_hang
adz_latn	Adzera	bible	3754	869	111232	not_enough	ind_latn, vie_latn, tha_thai, pes_arab, hye_armn, zho_hans, hun_latn, ben_beng, aze_latn, eng_latn	bel_cyrl, ukr_cyrl, npi_deva, pol_latn, mkd_cyrl, srp_cyrl, slv_latn, bul_cyrl, ell_grek, slk_latn
rut_cyrl	Rutul	webcorpora	10395	861	110208	not_enough	kaz_cyrl, rus_cyrl, aze_latn, mkd_cyrl, ukr_cyrl, bel_cyrl, tam_taml, srp_cyrl, tur_latn, bul_cyrl	vie_latn, tha_thai, ind_latn, zho_hans, jpn_jpan, eng_latn, swe_latn, cat_latn, fra_latn, heb_hebr
ksj_latn	Uare	bible	4171	835	106880	not_enough	ind_latn, vie_latn, tha_thai, hin_deva, ben_beng, aze_latn, kat_geor, urd_arab, hye_armn, hun_latn	ukr_cyrl, swe_latn, bul_cyrl, bel_cyrl, ces_latn, pol_latn, mkd_cyrl, dan_latn, eng_latn, cat_latn
atj_latn	Atikamekw	wiki	3271	830	106240	not_enough	fin_latn, fra_latn, hun_latn, spa_latn, pol_latn, por_latn, nob_latn, est_latn, ell_grek, cat_latn	tha_thai, ind_latn, jpn_jpan, vie_latn, zho_hans, tam_taml, npi_deva, kor_hang, ben_beng, pes_arab
uri_latn	Urim	bible	2525	819	104832	not_enough	ind_latn, vie_latn, tha_thai, zho_hans, ben_beng, hin_deva, pes_arab, heb_hebr, hun_latn, eng_latn	tam_taml, bel_cyrl, ces_latn, ukr_cyrl, tur_latn, lav_latn, pol_latn, lit_latn, kaz_cyrl, mkd_cyrl
kca_cyrl	Khanty	webcorpora, bible	3778	818	104704	not_enough	mkd_cyrl, bel_cyrl, rus_cyrl, srp_cyrl, ukr_cyrl, bul_cyrl, kaz_cyrl, hye_armn, kat_geor, aze_latn	ind_latn, tha_thai, vie_latn, arb_arab, tam_taml, jpn_jpan, eng_latn, fra_latn, pes_arab, heb_hebr
pmy_latn	Papuan Malay	bible	3217	793	101504	not_enough	ind_latn, vie_latn, tha_thai, zho_hans, rus_cyrl, fin_latn, hin_deva, pes_arab, heb_hebr, eng_latn	tam_taml, kaz_cyrl, tur_latn, ces_latn, npi_deva, aze_latn, jpn_jpan, bel_cyrl, lit_latn, spa_latn
ndv_latn	Ndut	bible	3211	776	99328	not_enough		
kqw_latn	Kandas	bible	3025	774	99072	not_enough		
ekk_latn	Standard Estonian	bible	4226	767	98176	not_enough		
msc_latn	Sankaran Maninka	bible	2987	745	95360	not_enough		
kpy_cyrl	Koryak	webcorpora	7273	722	92416	not_enough		
udi_latn	Udi	bible	2772	719	92032	not_enough		
xbi_latn	Kombio	bible0, bible	2483	719	92032	not_enough		
din_latn	Dinka	wiki	1489	675	86400	not_enough		
ktm_latn	Kurti	bible	2481	643	82304	not_enough		
kby_latn	Manga Kanuri	bible	3592	631	80768	not_enough		
arb_latn	Standard Arabic	flores200_dev, flores200_devtest	2007	622	79616	not_enough		
taq_tfng	Tamasheq	flores200_devtest, flores200_dev	2005	622	79616	not_enough		
sbe_latn	Saliba	bible	2755	619	79232	not_enough		
chu_cyrl	Church Slavic	wiki	2575	612	78336	not_enough		
tiw_latn	Tiwi	bible	1363	610	78080	not_enough		
wat_latn	Kaninuwa	bible	2641	591	75648	not_enough		
arc_syrc	Official Aramaic (700-300 BCE)	wiki	2617	585	74880	not_enough		
cjs_cyrl	Shor	webcorpora	5430	566	72448	not_enough		
gld_cyrl	Nanai	webcorpora	4310	554	70912	not_enough		
thv_latn	Tahaggart Tamahaq	bible, tatoeba	2907	549	70272	not_enough		
mkj_latn	Mokilese	bible	2870	547	70016	not_enough		
nss_latn	Nali	bible	2255	536	68608	not_enough		
mgw_latn	Matumbi	bible	2183	532	68096	not_enough		
nna_latn	Nyangumarta	bible	2229	494	63232	not_enough		
ars_arab	Najdi Arabic	flores200_devtest, flores200_dev	2009	467	59776	not_enough		
rmn_cyrl	Balkan Romani	bible	2309	462	59136	not_enough		
acm_arab	Mesopotamian Arabic	flores200_dev, flores200_devtest, tatoeba	2052	459	58752	not_enough		
kjh_cyrl	Khakas	webcorpora, tatoeba	2111	458	58624	not_enough		
acq_arab	Ta'izzi-Adeni Arabic	flores200_devtest, flores200_dev	2009	456	58368	not_enough		
ary_arab	Moroccan Arabic	flores200_dev, flores200_devtest, tatoeba	2059	454	58112	not_enough		
ace_arab	Achinese	flores200_dev, flores200_devtest	2007	453	57984	not_enough		
bjn_arab	Banjar	flores200_devtest, flores200_dev	2007	453	57984	not_enough		
min_arab	Minangkabau	flores200_dev, flores200_devtest	1999	452	57856	not_enough		
ajp_arab	South Levantine Arabic	flores200_dev, flores200_devtest, tatoeba	2010	440	56320	not_enough		
apc_arab	North Levantine Arabic	flores200_devtest, flores200_dev	2007	439	56192	not_enough		
spm_latn	Akukem	bible	1652	429	54912	not_enough		
seh_latn	Sena	wortschatz, bible	2008	427	54656	not_enough		
czn_latn	Zenzontepec Chatino	americasnlp2023_mt	815	412	52736	not_enough		
sor_latn	Somrai	bible	1086	408	52224	not_enough		
tok_latn	Toki Pona	tatoeba	4087	405	51840	not_enough		
bhp_latn	Bima	nusa	1574	396	50688	not_enough		
bis_latn	Bislama	wiki	2001	390	49920	not_enough		
abs_latn	Ambonese Malay	nusa	1564	389	49792	not_enough		
zha_0000	Zhuang	wortschatz	2265	388	49664	not_enough		
pnt_grek	Pontic	wortschatz, wiki	2320	380	48640	not_enough		
dhg_latn	Dhangu-Djangu	bible0, bible	1167	373	47744	not_enough		
wmt_latn	Walmajarri	bible	1215	367	46976	not_enough		
jao_latn	Yanyuwa	bible	849	364	46592	not_enough		
got_goth	Gothic	wiki, tatoeba	1849	361	46208	not_enough		
wro_latn	Worrorra	bible	1854	359	45952	not_enough		
awx_latn	Awara	bible	1681	350	44800	not_enough		
tbl_latn	Tboli	bible	1092	335	42880	not_enough		
kdh_latn	Tem	bible	1083	332	42496	not_enough		
ayh_arab	Hadrami Arabic	bible	1598	331	42368	not_enough		
ahr_deva	Ahirani	bible	1699	330	42240	not_enough		
rom_latn	Romany	wortschatz, tatoeba	2109	327	41856	not_enough		
nmw_latn	Nimoa	bible	1246	306	39168	not_enough		
kiw_latn	Northeast Kiwai	bible	1167	301	38528	not_enough		
nys_latn	Nyunga	bible, tatoeba	1245	287	36736	not_enough		
bpx_deva	Palya Bareli	bible	1082	281	35968	not_enough		
urw_latn	Sop	bible	1210	277	35456	not_enough		
pih_latn	Pitcairn-Norfolk	wiki	1261	277	35456	not_enough		
dji_latn	Djinang	bible	944	276	35328	not_enough		
fad_latn	Wagi	bible	1172	272	34816	not_enough		
bla_latn	Siksika	bible	1097	263	33664	not_enough		
bbc_latn	Batak Toba	nusax	1000	257	32896	not_enough		
bug_bugi	Buginese	wiki	1184	256	32768	not_enough		
awk_latn	Awabakal	bible	1162	249	31872	not_enough		
nij_latn	Ngaju	nusax	997	247	31616	not_enough		
tah_latn	Tahitian	wiki, tatoeba	1295	245	31360	not_enough		
krx_latn	Karon	bible	1168	243	31104	not_enough		
kqa_latn	Mum	bible	1052	242	30976	not_enough		
shj_latn	Shatt	bible	1174	241	30848	not_enough		
rmc_cyrl	Carpathian Romani	bible	1169	228	29184	not_enough		
tke_latn	Takwane	bible	1174	217	27776	not_enough		
dwy_latn	Dhuwaya	bible	684	213	27264	not_enough		
hvn_latn	Sabu	bible	646	212	27136	not_enough		
bkx_latn	Baikeno	bible	650	206	26368	not_enough		
mph_latn	Maung	bible	623	199	25472	not_enough		
udi_cyrl	Udi	webcorpora	1144	197	25216	not_enough		
swg_latn	Swabian	tatoeba	1767	194	24832	not_enough		
arp_latn	Arapaho	bible	1177	191	24448	not_enough		
tab_cyrl	Tabassaran	webcorpora	1386	189	24192	not_enough		
dtp_latn	Kadazan Dusun	tatoeba	2349	183	23424	not_enough		
anh_latn	Nend	bible	651	177	22656	not_enough		
esg_deva	Aheri Gondi	bible	649	157	20096	not_enough		
kql_latn	Kyenele	bible	684	155	19840	not_enough		
ipk_latn	Inupiaq	wiki	927	155	19840	not_enough		
qvo_latn	Napo Lowland Quechua	bible	681	154	19712	not_enough		
snx_latn	Sam	bible	681	153	19584	not_enough		
bmk_latn	Ghayavi	bible	667	152	19456	not_enough		
avk_latn	Kotava	tatoeba	2028	150	19200	not_enough		
tpa_latn	Taupota	bible	674	148	18944	not_enough		
gos_latn	Gronings	tatoeba	2504	146	18688	not_enough		
mzz_latn	Maiadomu	bible	669	145	18560	not_enough		
bea_latn	Beaver	bible	695	139	17792	not_enough		
kas_cyrl	Kashmiri	webcorpora	361	134	17152	not_enough		
pli_deva	Pali	wiki	535	113	14464	not_enough		
kha_latn	Khasi	tatoeba	1429	107	13696	not_enough		
tkr_cyrl	Tsakhur	webcorpora	740	101	12928	not_enough		
yux_cyrl	Southern Yukaghir	webcorpora	968	91	11648	not_enough		
orv_cyrl	Old Russian	tatoeba	1279	90	11520	not_enough		
chy_latn	Cheyenne	wiki	543	87	11136	not_enough		
ttt_cyrl	Muslim Tat	webcorpora	256	86	11008	not_enough		
ota_0000	Ottoman Turkish (1500-1928)	tatoeba	860	84	10752	not_enough		
nay_latn	Narrinyeri	bible	406	79	10112	not_enough		
gcf_latn	Guadeloupean Creole French	tatoeba	1181	77	9856	not_enough		
ksw_0000	S'gaw Karen	wortschatz	425	74	9472	not_enough		
nbl_latn	South Ndebele	wortschatz	318	72	9216	not_enough		
nst_latn	Tase Naga	tatoeba	793	70	8960	not_enough		
crk_latn	Plains Cree	plainscree, tatoeba	808	62	7936	not_enough		
ach_latn	Acoli	wortschatz	178	55	7040	not_enough		
hrx_latn	Hunsrik	tatoeba	775	54	6912	not_enough		
prg_latn	Prussian	tatoeba	468	47	6016	not_enough		
hoc_latn	Ho	tatoeba	673	45	5760	not_enough		
thd_latn	Thayore	bible	181	44	5632	not_enough		
zza_latn	Zaza	tatoeba	624	44	5632	not_enough		
fkv_latn	Kven Finnish	tatoeba	470	37	4736	not_enough		
cre_0000	Cree	wiki	167	37	4736	not_enough		
max_latn	North Moluccan Malay	tatoeba	426	36	4608	not_enough		
fuc_latn	Pulaar	wortschatz, tatoeba	131	33	4224	not_enough		
kim_cyrl	Karagas	webcorpora	160	28	3584	not_enough		
tzl_latn	Talossan	tatoeba	345	26	3328	not_enough		
ain_0000	Ainu (Japan)	tatoeba	259	24	3072	not_enough		
skr_arab	Saraiki	wortschatz	83	24	3072	not_enough		
tpx_latn	Acatepec Me'phaa	bible	53	23	2944	not_enough		
gue_latn	Gurinji	bible	49	23	2944	not_enough		
bzt_latn	Brithenig	tatoeba	289	21	2688	not_enough		
hil_latn	Hiligaynon	wortschatz, tatoeba	109	21	2688	not_enough		
gia_latn	Kitja	bible	54	18	2304	not_enough		
kjn_latn	Kunjen	bible	32	18	2304	not_enough		
snk_latn	Soninke	wortschatz	105	16	2048	not_enough		
kde_0000	Makonde	wortschatz	76	15	1920	not_enough		
sav_latn	Saafi-Saafi	bible	53	14	1792	not_enough		
sux_xsux	Sumerian	tatoeba	159	14	1792	not_enough		
aar_latn	Afar	wortschatz	56	14	1792	not_enough		
lgg_0000	Lugbara	wortschatz	77	14	1792	not_enough		
krl_latn	Karelian	tatoeba	177	13	1664	not_enough		
eve_cyrl	Even	webcorpora	46	12	1536	not_enough		
cho_latn	Choctaw	wiki, tatoeba	134	12	1536	not_enough		
mah_latn	Marshallese	wiki, tatoeba	95	12	1536	not_enough		
enm_latn	Middle English (1100-1500)	tatoeba	118	10	1280	not_enough		
sdh_arab	Southern Kurdish	tatoeba	112	10	1280	not_enough		
ldn_latn	Láadan	tatoeba	120	9	1152	not_enough		
shs_latn	Shuswap	tatoeba	95	9	1152	not_enough		
moh_latn	Mohawk	tatoeba	66	8	1024	not_enough		
qya_latn	Quenya	tatoeba	131	8	1024	not_enough		
ngl_latn	Lomwe	wortschatz	53	8	1024	not_enough		
suk_0000	Sukuma	wortschatz	44	8	1024	not_enough		
afb_arab	Gulf Arabic	tatoeba	95	7	896	not_enough		
mww_latn	Hmong Daw	tatoeba	82	7	896	not_enough		
tig_ethi	Tigre	tatoeba	43	7	896	not_enough		
kng_0000	Koongo	wortschatz	33	7	896	not_enough		
tmr_hebr	Jewish Babylonian Aramaic (ca. 200-1200 CE)	tatoeba	77	6	768	not_enough		
tpn_latn	Tupinambá	tatoeba	83	6	768	not_enough		
ykg_cyrl	Northern Yukaghir	webcorpora	53	6	768	not_enough		
crk_cans	Plains Cree	plainscree	58	5	640	not_enough		
afh_latn	Afrihili	tatoeba	79	5	640	not_enough		
bal_arab	Baluchi	tatoeba	44	5	640	not_enough		
iba_latn	Iban	tatoeba	42	5	640	not_enough		
lld_latn	Ladin	tatoeba	47	5	640	not_enough		
fro_latn	Old French (842-ca. 1400)	tatoeba	53	5	640	not_enough		
sjn_latn	Sindarin	tatoeba	77	5	640	not_enough		
ibb_latn	Ibibio	wortschatz	38	5	640	not_enough		
kux_latn	Kukatja	bible	20	4	512	not_enough		
yij_latn	Yindjibarndi	bible	18	4	512	not_enough		
lut_latn	Lushootseed	tatoeba	56	4	512	not_enough		
mgm_latn	Mambae	tatoeba	33	4	512	not_enough		
apc_0000	North Levantine Arabic	tatoeba	43	4	512	not_enough		
oar_hebr	Old Aramaic (up to 700 BCE)	tatoeba	21	4	512	not_enough		
rif_latn	Tarifit	tatoeba	66	4	512	not_enough		
adt_latn	Adnyamathanha	bible	18	3	384	not_enough		
dwu_latn	Dhuwal	bible	8	3	384	not_enough		
djj_latn	Djeebbana	bible	7	3	384	not_enough		
dws_latn	Dutton World Speedwords	tatoeba	57	3	384	not_enough		
liv_latn	Liv	tatoeba	33	3	384	not_enough		
frm_latn	Middle French (ca. 1400-1600)	tatoeba	23	3	384	not_enough		
non_latn	Old Norse	tatoeba	20	3	384	not_enough		
ppl_latn	Pipil	tatoeba	32	3	384	not_enough		
sma_latn	Southern Sami	tatoeba	46	3	384	not_enough		
tly_latn	Talysh	tatoeba	45	3	384	not_enough		
itl_cyrl	Itelmen	webcorpora	21	3	384	not_enough		
emk_latn	Eastern Maninkakan	wortschatz	28	3	384	not_enough		
kky_latn	Guguyimidjir	bible	11	2	256	not_enough		
wlg_latn	Kunbarlang	bible	7	2	256	not_enough		
lrg_latn	Laragia	bible	7	2	256	not_enough		
rmb_latn	Rembarunga	bible	7	2	256	not_enough		
bvy_latn	Baybayanon	tatoeba	25	2	256	not_enough		
drt_latn	Drents	tatoeba	23	2	256	not_enough		
dng_cyrl	Dungan	tatoeba	29	2	256	not_enough		
ike_latn	Eastern Canadian Inuktitut	tatoeba	47	2	256	not_enough		
gbm_deva	Garhwali	tatoeba	36	2	256	not_enough		
aln_latn	Gheg Albanian	tatoeba	27	2	256	not_enough		
lkt_latn	Lakota	tatoeba	21	2	256	not_enough		
ngt_0000	Ngeq	tatoeba	16	2	256	not_enough		
niu_latn	Niuean	tatoeba	29	2	256	not_enough		
ofs_latn	Old Frisian	tatoeba	14	2	256	not_enough		
osp_latn	Old Spanish	tatoeba	11	2	256	not_enough		
nlv_latn	Orizaba Nahuatl	tatoeba	14	2	256	not_enough		
pau_latn	Palauan	tatoeba	34	2	256	not_enough		
laa_latn	Southern Subanen	tatoeba	9	2	256	not_enough		
shy_latn	Tachawit	tatoeba	20	2	256	not_enough		
kua_latn	Kuanyama	wiki	8	2	256	not_enough		
iii_hebr	Sichuan Yi	wiki, tatoeba	16	2	256	not_enough		
akl_latn	Aklanon	tatoeba	25	1	128	not_enough		
brx_deva	Bodo (India)	tatoeba	11	1	128	not_enough		
chg_arab	Chagatai	tatoeba	7	1	128	not_enough		
emx_latn	Erromintxela	tatoeba	8	1	128	not_enough		
gil_latn	Gilbertese	tatoeba	14	1	128	not_enough		
izh_latn	Ingrian	tatoeba	19	1	128	not_enough		
jpa_hebr	Jewish Palestinian Aramaic	tatoeba	7	1	128	not_enough		
xqa_0000	Karakhanid	tatoeba	6	1	128	not_enough		
lzz_latn	Laz	tatoeba	16	1	128	not_enough		
nan_0000	Min Nan Chinese	tatoeba	13	1	128	not_enough		
mnw_mymr	Mon	tatoeba	9	1	128	not_enough		
nau_latn	Nauru	tatoeba	17	1	128	not_enough		
pal_latn	Pahlavi	tatoeba	5	1	128	not_enough		
phn_phnx	Phoenician	tatoeba	18	1	128	not_enough		
rap_latn	Rapanui	tatoeba	23	1	128	not_enough		
tvl_latn	Tuvalu	tatoeba	14	1	128	not_enough		
aoz_latn	Uab Meto	tatoeba	24	1	128	not_enough		
aqc_cyrl	Archi	webcorpora	8	1	128	not_enough		
alh_latn	Alawa	bible	0	0	0	not_enough		
bbd_latn	Bau	bible	0	0	0	not_enough		
kld_latn	Gamilaraay	bible	0	0	0	not_enough		
cay_latn	Cayuga	tatoeba	9	0	0	not_enough		
cpi_latn	Chinese Pidgin English	tatoeba	1	0	0	not_enough		
chn_latn	Chinook jargon	tatoeba	2	0	0	not_enough		
syc_syrc	Classical Syriac	tatoeba	1	0	0	not_enough		
hnj_latn	Hmong Njua	tatoeba	4	0	0	not_enough		
cjy_hans	Jinyu Chinese	tatoeba	10	0	0	not_enough		
jdt_cyrl	Judeo-Tat	tatoeba	2	0	0	not_enough		
kxi_latn	Keningau Murut	tatoeba	1	0	0	not_enough		
lzz_geor	Laz	tatoeba	7	0	0	not_enough		
ayl_arab	Libyan Arabic	tatoeba	1	0	0	not_enough		
mfe_latn	Morisyen	tatoeba	6	0	0	not_enough		
tts_thai	Northeastern Thai	tatoeba	5	0	0	not_enough		
otk_orkh	Old Turkish	tatoeba	5	0	0	not_enough		
pli_latn	Pali	tatoeba	2	0	0	not_enough		
mvv_latn	Tagal Murut	tatoeba	12	0	0	not_enough		
tmw_latn	Temuan	tatoeba	5	0	0	not_enough		
toi_latn	Tonga (Zambia)	tatoeba	3	0	0	not_enough		
hsn_hans	Xiang Chinese	tatoeba	4	0	0	not_enough		